uuid,adm4_pcode,date,freq,rwi_max,rwi_mean,rwi_median,rwi_min,rwi_std
TMRWI000000,PH015518001,2016-01-01,Y,0.7290515294212448,0.6685995897752577,0.6706092903191905,0.6365702030770675,0.0306404995423282
TMRWI000001,PH112402081,2016-01-01,Y,0.6576096990613154,0.5313969975728029,0.5308256527558572,0.4538853541586833,0.0356328234443565
TMRWI000002,PH063022043,2016-01-01,Y,0.6234778539717355,0.6053050170781894,0.6115207691422859,0.5809164281205468,0.0219509777211243
TMRWI000003,PH112402082,2016-01-01,Y,0.5906757853196453,0.4876897731369394,0.4842627738001746,0.4135769228715725,0.0389163033154828
TMRWI000004,PH097332060,2016-01-01,Y,0.4620714279618304,0.3747960753826263,0.3665635712343647,0.3219813569845461,0.0338612435196455
TMRWI000005,PH083747049,2016-01-01,Y,0.4885372811155484,0.4885372811155484,0.4885372811155484,0.4885372811155484,
TMRWI000006,PH063022042,2016-01-01,Y,0.5615534863553908,0.5416258239515361,0.5382652511919584,0.5300657364621632,0.0125501548427898
TMRWI000007,PH112402083,2016-01-01,Y,0.4792423539993898,0.4209559926996887,0.4237331346292378,0.3564368406749621,0.0292833791881949
TMRWI000008,PH063022041,2016-01-01,Y,0.6870714595210594,0.6459993967055387,0.6487724306988956,0.5720290620872069,0.0347430728759076
TMRWI000009,PH112402086,2016-01-01,Y,0.6789003156876808,0.6171858191154974,0.6173584175833744,0.5620838224267534,0.0297055023352082
TMRWI00000A,PH097332059,2016-01-01,Y,0.6630733593434549,0.4954941250480629,0.4938066365212784,0.3099043773970845,0.1010359792696802
TMRWI00000B,PH083747050,2016-01-01,Y,0.4885372811155484,0.4885372811155484,0.4885372811155484,0.4885372811155484,
TMRWI00000C,PH063022040,2016-01-01,Y,0.5933144298794608,0.5646537163298675,0.5644983244057271,0.5363037866285552,0.0280225904684574
TMRWI00000D,PH112402087,2016-01-01,Y,0.6481805363336348,0.578845916850201,0.5766909577829712,0.5109282547647604,0.0373131530535715
TMRWI00000E,PH063022038,2016-01-01,Y,0.647317162729692,0.6210716163732538,0.6175652597236481,0.6018387833160274,0.0209323479611543
TMRWI00000F,PH112402088,2016-01-01,Y,0.4798522854647982,0.3251581952093492,0.3187647706619497,0.2583797209996245,0.0510537800052795
TMRWI000010,PH063022044,2016-01-01,Y,0.5720290620872069,0.5587073248126209,0.5587073248126209,0.5453855875380349,0.0188397815280907
TMRWI000011,PH097332058,2016-01-01,Y,0.2566958852821183,0.202176002325961,0.1997574591042857,0.1723657878931558,0.0237911070464591
TMRWI000012,PH083747048,2016-01-01,Y,0.5617594904963741,0.5251483858059612,0.5251483858059612,0.4885372811155484,0.051775920786643
TMRWI000013,PH112402080,2016-01-01,Y,0.5945955704772792,0.5183532986562543,0.5188662086100042,0.4583444202284991,0.0365586240752326
TMRWI000014,PH063022050,2016-01-01,Y,0.6357588856772284,0.6062616224540212,0.6028382714327185,0.5836110612734193,0.0230071165783443
TMRWI000015,PH112402074,2016-01-01,Y,0.671995660183763,0.6192609530173271,0.6154425639794053,0.556125027920718,0.0335716890811482
TMRWI000016,PH063022049,2016-01-01,Y,0.6522318308116156,0.6169129389652674,0.6357588856772284,0.5550262452962287,0.0354239263109826
TMRWI000017,PH112402075,2016-01-01,Y,0.6657712062485385,0.6155268578831833,0.6128749596450427,0.5516636955464224,0.0298595592817825
TMRWI000018,PH097332063,2016-01-01,Y,0.6312369434064324,0.596161899899657,0.6071263301248331,0.5347148670502311,0.0351172987410398
TMRWI000019,PH083747046,2016-01-01,Y,0.5331617225086427,0.5108495018120955,0.5108495018120955,0.4885372811155484,0.0315542451157185
TMRWI00001A,PH063022048,2016-01-01,Y,0.6602569427801585,0.6254461965253949,0.6408336416838467,0.5728557780547505,0.0340448652247419
TMRWI00001B,PH112402077,2016-01-01,Y,0.6553674335824866,0.5976217405434812,0.597187658135369,0.5516636955464224,0.0314523106323101
TMRWI00001C,PH063022047,2016-01-01,Y,0.668074870725647,0.6218275989284717,0.639008008355698,0.5687292521602426,0.0398335492241129
TMRWI00001D,PH112402078,2016-01-01,Y,0.5617538964096431,0.5050263060032728,0.5084707720738867,0.4575819477966611,0.027259352184169
TMRWI00001E,PH097332062,2016-01-01,Y,0.6222443387957792,0.5934120867015585,0.5996889379238726,0.55202613216271,0.0299886798293914
TMRWI00001F,PH083747047,2016-01-01,Y,0.6393888566631902,0.5691598788770663,0.5743566888647633,0.4885372811155484,0.062725606340263
TMRWI000020,PH063022046,2016-01-01,Y,0.6355128853661861,0.6004575102240144,0.6004575102240144,0.5654021350818428,0.0495757869601357
TMRWI000021,PH112402079,2016-01-01,Y,0.6805018715406034,0.558490779945798,0.556498949526933,0.5032174954659803,0.0373795417746838
TMRWI000022,PH063022045,2016-01-01,Y,0.5363037866285552,0.5363037866285552,0.5363037866285552,0.5363037866285552,
TMRWI000023,PH097332061,2016-01-01,Y,0.6058154800676432,0.5641854930935281,0.55202613216271,0.5347148670502311,0.037077106636675
TMRWI000024,PH083747051,2016-01-01,Y,0.4885372811155484,0.4885372811155484,0.4885372811155484,0.4885372811155484,
TMRWI000025,PH063022036,2016-01-01,Y,0.6606773101073585,0.6532457971553909,0.659521261917278,0.6332633546796492,0.0133436016433397
TMRWI000026,PH112402089,2016-01-01,Y,0.4233630714301349,0.2802027727945478,0.2582220846306552,0.2346086578860276,0.0418698894210883
TMRWI000027,PH097332054,2016-01-01,Y,0.392071645063865,0.2742432912440254,0.2406414508275641,0.1723657878931558,0.0853703010475586
TMRWI000028,PH083747055,2016-01-01,Y,0.4885372811155484,0.4885372811155484,0.4885372811155484,0.4885372811155484,
TMRWI000029,PH063022028,2016-01-01,Y,0.5363037866285552,0.5363037866285552,0.5363037866285552,0.5363037866285552,
TMRWI00002A,PH112402101,2016-01-01,Y,0.6616123104090463,0.6046678163672302,0.6061128865276166,0.5320129433782533,0.0335479515309135
TMRWI00002B,PH063022026,2016-01-01,Y,0.7065617031074352,0.5902041904213308,0.5837315412031439,0.5308327768888934,0.0579854389601863
TMRWI00002C,PH112402102,2016-01-01,Y,0.4227491921187278,0.3695643444197813,0.373572119935228,0.3321197356016829,0.0280081517557747
TMRWI00002D,PH097332053,2016-01-01,Y,0.5836561677334383,0.4690056733172529,0.4806155397742692,0.3891616065656048,0.0492323632719938
TMRWI00002E,PH083747056,2016-01-01,Y,0.4885372811155484,0.4885372811155484,0.4885372811155484,0.4885372811155484,
TMRWI00002F,PH063022025,2016-01-01,Y,0.602151943130533,0.5828969051745664,0.5903405954617755,0.5363037866285552,0.0235207941518784
TMRWI000030,PH112402104,2016-01-01,Y,0.6068860909123913,0.5182957292438843,0.5216855068670756,0.4502888723489204,0.0384336488432397
TMRWI000031,PH063022024,2016-01-01,Y,0.6373707276404701,0.6005148336068554,0.6199884639587685,0.5277928247375508,0.0409006931570676
TMRWI000032,PH112402105,2016-01-01,Y,0.470372853964211,0.4307543734432491,0.4329654206888707,0.3331640655324632,0.0241440125003241
TMRWI000033,PH097332052,2016-01-01,Y,0.6408279308626845,0.5502048962825439,0.550392356952846,0.4988946097774642,0.0439333064240049
TMRWI000034,PH083747057,2016-01-01,Y,0.4885372811155484,0.4885372811155484,0.4885372811155484,0.4885372811155484,
TMRWI000035,PH063022023,2016-01-01,Y,0.6533037580199502,0.624854023534289,0.6281602363915367,0.5897918633341322,0.0279065608165665
TMRWI000036,PH112402100,2016-01-01,Y,0.520096708401926,0.4496030111858734,0.4538166733427026,0.3908177527802455,0.0358171580823726
TMRWI000037,PH063022029,2016-01-01,Y,0.6649737863339221,0.6506096088493307,0.648998622312501,0.6394674044383983,0.0107508095922801
TMRWI000038,PH112402099,2016-01-01,Y,0.4016511757343747,0.2763973393369214,0.2731577092662632,0.1901845270860933,0.0452619389879079
TMRWI000039,PH063022030,2016-01-01,Y,0.6848234664805618,0.6229486780293871,0.6272078294384285,0.5530240400866631,0.0400282603600224
TMRWI00003A,PH063022035,2016-01-01,Y,0.6557195010664357,0.6402324408866288,0.640866204254172,0.6234778539717355,0.0131924224638948
TMRWI00003B,PH112402090,2016-01-01,Y,0.5279654924817128,0.4466668432243443,0.4467001877935237,0.3531423130481188,0.0545415778111782
TMRWI00003C,PH097332057,2016-01-01,Y,0.277863957760169,0.2333789404847959,0.232952264234217,0.2009092701559784,0.0187007750506395
TMRWI00003D,PH083747052,2016-01-01,Y,0.4885372811155484,0.4885372811155484,0.4885372811155484,0.4885372811155484,
TMRWI00003E,PH063022034,2016-01-01,Y,0.5363037866285552,0.5363037866285552,0.5363037866285552,0.5363037866285552,
TMRWI00003F,PH112402091,2016-01-01,Y,0.4515406376915769,0.2696470930285427,0.2598285808420534,0.2121084312544328,0.0427313244607387
TMRWI000040,PH063022033,2016-01-01,Y,0.6316912165836671,0.5731007894984391,0.5752461961273372,0.5277928247375508,0.0406968750062069
TMRWI000041,PH083747045,2016-01-01,Y,0.5331617225086427,0.5180476948598236,0.5180476948598236,0.5029336672110046,0.0213744628830418
TMRWI000042,PH112402092,2016-01-01,Y,0.4142882780879514,0.3112006600598717,0.3210217552380511,0.2447327975501155,0.0416952517760682
TMRWI000043,PH083747053,2016-01-01,Y,0.4885372811155484,0.4885372811155484,0.4885372811155484,0.4885372811155484,
TMRWI000044,PH063022032,2016-01-01,Y,0.6606773101073585,0.6440366918748185,0.6459963585756932,0.609902596725331,0.0178706450310477
TMRWI000045,PH112402097,2016-01-01,Y,0.5877942210697795,0.5320635484747652,0.5316015109765945,0.4954811237073909,0.0236043882382513
TMRWI000046,PH063022031,2016-01-01,Y,0.6602569427801585,0.6245450414122045,0.6297433578292608,0.5728557780547505,0.0317262628213526
TMRWI000047,PH112402098,2016-01-01,Y,0.2753288015428628,0.1967728052731346,0.1938398042538557,0.1598524654675613,0.0258037232023423
TMRWI000048,PH097332055,2016-01-01,Y,0.4596556693631718,0.3359055834232851,0.344409640820171,0.214150973777987,0.059928689166355
TMRWI000049,PH104305021,2016-01-01,Y,0.575676923732231,0.5663727318580217,0.5663727318580217,0.5570685399838124,0.0131581143354283
TMRWI00004A,PH097332056,2016-01-01,Y,0.3490706189108019,0.3490706189108019,0.3490706189108019,0.3490706189108019,
TMRWI00004B,PH112402106,2016-01-01,Y,0.4544414324545539,0.2819704816327626,0.2707300115012363,0.1872144212927965,0.0644652826568812
TMRWI00004C,PH097332064,2016-01-01,Y,0.6222443387957792,0.594235883713504,0.6084371801820229,0.55202613216271,0.0372008971898686
TMRWI00004D,PH063022051,2016-01-01,Y,0.6522318308116156,0.6223861416921456,0.6251764797023172,0.5836110612734193,0.0236262216417498
TMRWI00004E,PH063022072,2016-01-01,Y,0.6017661991654862,0.5672206105546381,0.5672984440741888,0.517995320261599,0.024683952004384
TMRWI00004F,PH112402055,2016-01-01,Y,0.6310500590973952,0.5745234605610188,0.5728044226357596,0.5199237061815583,0.0249527118968015
TMRWI000050,PH097332073,2016-01-01,Y,0.4550735152363044,0.3604378522975839,0.364551382763277,0.2611894253169193,0.0507176997798501
TMRWI000051,PH083747036,2016-01-01,Y,0.5617594904963741,0.5617594904963741,0.5617594904963741,0.5617594904963741,
TMRWI000052,PH063022071,2016-01-01,Y,0.6414791902588567,0.6350700874933598,0.6402532182494873,0.6234778539717355,0.0100578655964793
TMRWI000053,PH112402056,2016-01-01,Y,0.5790120335583705,0.4812514505507899,0.4796079147674867,0.4105984290184761,0.0330167969000928
TMRWI000054,PH063022070,2016-01-01,Y,0.5950802450611011,0.5879983365908239,0.5879983365908239,0.5809164281205468,0.0100153310061509
TMRWI000055,PH112402057,2016-01-01,Y,0.6660589827259702,0.5927525870141837,0.5831381933000547,0.5302322652794873,0.0366996234936832
TMRWI000056,PH097332072,2016-01-01,Y,0.6623916288162812,0.557772379010909,0.5601544466044612,0.4329868222167501,0.0619690004315974
TMRWI000057,PH083747037,2016-01-01,Y,0.5029336672110046,0.5029336672110046,0.5029336672110046,0.5029336672110046,
TMRWI000058,PH063022069,2016-01-01,Y,0.6115207691422859,0.6115207691422859,0.6115207691422859,0.6115207691422859,
TMRWI000059,PH112402058,2016-01-01,Y,0.6163949437635449,0.5386267094425297,0.5354483295174877,0.5051808074209836,0.0263241602726698
TMRWI00005A,PH063022068,2016-01-01,Y,0.6292490366217653,0.5819506489156097,0.5835289063166895,0.5554820123398043,0.0218628493157842
TMRWI00005B,PH112402059,2016-01-01,Y,0.6797511101417267,0.5922337089815684,0.587694281024509,0.5364710892567467,0.0394926684585998
TMRWI00005C,PH097332071,2016-01-01,Y,0.6347054199908851,0.596952096304217,0.611290336981428,0.5319563786665535,0.0374295975743987
TMRWI00005D,PH112402054,2016-01-01,Y,0.4613602732289583,0.4038087886052726,0.3999886982467276,0.3396083273601191,0.028625494297361
TMRWI00005E,PH083747038,2016-01-01,Y,0.5617594904963741,0.5323465788536894,0.5323465788536894,0.5029336672110046,0.0415961385539662
TMRWI00005F,PH063022073,2016-01-01,Y,0.668074870725647,0.6026875663387865,0.6022050717187704,0.5382652511919584,0.060923756056723
TMRWI000060,PH097332074,2016-01-01,Y,0.6408279308626845,0.5483094886147662,0.5221131077577524,0.4768670958665837,0.0574468731642131
TMRWI000061,PH112402048,2016-01-01,Y,0.5295160869989987,0.4607666130566297,0.4660058491666498,0.3924730360262383,0.0331129251726891
TMRWI000062,PH063022078,2016-01-01,Y,0.5933144298794608,0.564809108254008,0.564809108254008,0.5363037866285552,0.0403126124425224
TMRWI000063,PH112402049,2016-01-01,Y,0.647854783345064,0.5656937757183413,0.5662798074876721,0.5008011390528357,0.0376188777965346
TMRWI000064,PH097332076,2016-01-01,Y,0.6630733593434549,0.6127389867558372,0.613799084418993,0.5319563786665535,0.0296612234695667
TMRWI000065,PH083747032,2016-01-01,Y,0.5978234520149505,0.5532565607101015,0.550730571004783,0.5137416488158899,0.0355202251486101
TMRWI000066,PH063022077,2016-01-01,Y,0.6649737863339221,0.6358819692994995,0.6403785662581089,0.6022935553064674,0.0315811237699025
TMRWI000067,PH112402050,2016-01-01,Y,0.6855740294176275,0.5417628741782046,0.5512403576930011,0.4281624152267009,0.0582075523004264
TMRWI000068,PH063022076,2016-01-01,Y,0.6022935553064674,0.5883886184080878,0.5883886184080878,0.5744836815097081,0.0196645503456306
TMRWI000069,PH112402051,2016-01-01,Y,0.5374467795775163,0.4342852795169805,0.4287975862006599,0.3665489458708197,0.0510607986406243
TMRWI00006A,PH097332075,2016-01-01,Y,0.6867920165868665,0.6142076701665237,0.6222443387957792,0.55202613216271,0.0472074848433933
TMRWI00006B,PH083747034,2016-01-01,Y,0.5029336672110046,0.5029336672110046,0.5029336672110046,0.5029336672110046,
TMRWI00006C,PH063022075,2016-01-01,Y,0.6115207691422859,0.6115207691422859,0.6115207691422859,0.6115207691422859,
TMRWI00006D,PH112402052,2016-01-01,Y,0.5699312948149001,0.5034456018491519,0.5050954774133591,0.4431755266733857,0.0336337666785683
TMRWI00006E,PH063022074,2016-01-01,Y,0.6115207691422859,0.6115207691422859,0.6115207691422859,0.6115207691422859,
TMRWI00006F,PH112402053,2016-01-01,Y,0.5344354937514424,0.435675383656291,0.430237586827582,0.3289906565389868,0.0436408909258267
TMRWI000070,PH083747035,2016-01-01,Y,0.5617594904963741,0.5323465788536894,0.5323465788536894,0.5029336672110046,0.0415961385539662
TMRWI000071,PH063022067,2016-01-01,Y,0.6524336270992704,0.5963806499901412,0.601931870516704,0.5029114769875602,0.0462151592189672
TMRWI000072,PH112402060,2016-01-01,Y,0.3157008402025503,0.2358883072845869,0.2342211729105965,0.1766603387131269,0.0384754315446016
TMRWI000073,PH063022065,2016-01-01,Y,0.6723948255250356,0.6571141112744638,0.6572912146569816,0.6414791902588567,0.0126879770072499
TMRWI000074,PH083747042,2016-01-01,Y,0.5617594904963741,0.5215980403328925,0.5180476948598236,0.4885372811155484,0.0325987394886971
TMRWI000075,PH063022056,2016-01-01,Y,0.5836110612734193,0.5551001451466698,0.5453855875380349,0.5363037866285552,0.0251052590253469
TMRWI000076,PH112402068,2016-01-01,Y,0.5503151337121969,0.4850412825122644,0.489422272885808,0.4084289065244303,0.0424341857549991
TMRWI000077,PH063022055,2016-01-01,Y,0.6234778539717355,0.6174993115570107,0.6174993115570107,0.6115207691422859,0.0084549357661266
TMRWI000078,PH112402069,2016-01-01,Y,0.676453221603859,0.5270638760271931,0.5378110243734502,0.4231933171234419,0.0650927583955595
TMRWI000079,PH097332066,2016-01-01,Y,0.3854687317514026,0.2020175912093839,0.1859400068021637,0.1651339779641669,0.0478570903838891
TMRWI00007A,PH083747043,2016-01-01,Y,0.5331617225086427,0.5108495018120955,0.5108495018120955,0.4885372811155484,0.0315542451157185
TMRWI00007B,PH063022054,2016-01-01,Y,0.532980266617991,0.5315230015400771,0.5315230015400771,0.5300657364621632,0.0020608840371585
TMRWI00007C,PH112402070,2016-01-01,Y,0.5292874603349246,0.4403269634120461,0.4405429404992037,0.3623844386521042,0.0367067019858967
TMRWI00007D,PH063022053,2016-01-01,Y,0.6557195010664357,0.6395986775190856,0.6395986775190856,0.6234778539717355,0.022798287297286
TMRWI00007E,PH112402071,2016-01-01,Y,0.3385314038493496,0.2233110497493856,0.2212487204079005,0.1651339779641669,0.0334672938591811
TMRWI00007F,PH097332065,2016-01-01,Y,0.6342705685478177,0.5790291779478016,0.5910273242054686,0.5203336004109933,0.0384277087484132
TMRWI000080,PH083747044,2016-01-01,Y,0.5029336672110046,0.5029336672110046,0.5029336672110046,0.5029336672110046,
TMRWI000081,PH063022052,2016-01-01,Y,0.6557195010664357,0.6485993456626462,0.6485993456626462,0.6414791902588567,0.0100694203382432
TMRWI000082,PH112402072,2016-01-01,Y,0.6371503870262462,0.5558435825998633,0.5587952458484162,0.4480187512576847,0.0475390071037594
TMRWI000083,PH097332067,2016-01-01,Y,0.5639023487675917,0.4781056932672777,0.482743195204278,0.4091204726035103,0.0416190815640793
TMRWI000084,PH112402067,2016-01-01,Y,0.4818484796723946,0.3262300260693456,0.3506465064266937,0.1592898796588597,0.0712264075947435
TMRWI000085,PH063022057,2016-01-01,Y,0.6193302446239861,0.5912953346473111,0.6078926787515475,0.5300657364621632,0.0412807041837165
TMRWI000086,PH112402066,2016-01-01,Y,0.5786899667809781,0.5090766077922573,0.5034994292383294,0.440970423389078,0.0361144414659184
TMRWI000087,PH112402061,2016-01-01,Y,0.6835971909715317,0.6170265201672174,0.6170999287076862,0.5284708300828914,0.0342651781438825
TMRWI000088,PH097332070,2016-01-01,Y,0.662804493360616,0.616578016780584,0.6162591041057293,0.5935623957801018,0.0235379197924703
TMRWI000089,PH083747039,2016-01-01,Y,0.5617594904963741,0.5251483858059612,0.5251483858059612,0.4885372811155484,0.051775920786643
TMRWI00008A,PH063022064,2016-01-01,Y,0.6848234664805618,0.6498821742489168,0.650839269850281,0.628669714098303,0.0185714679707136
TMRWI00008B,PH112402062,2016-01-01,Y,0.3859165683851778,0.2988971824092958,0.2961201504812311,0.247656362220206,0.036084875337584
TMRWI00008C,PH063022063,2016-01-01,Y,0.6649737863339221,0.6502433358500541,0.6502433358500541,0.6355128853661861,0.0208320028541514
TMRWI00008D,PH112402063,2016-01-01,Y,0.6607563281702206,0.5561029413747476,0.5527455976271163,0.4823769449900678,0.0430295018865443
TMRWI00008E,PH112402073,2016-01-01,Y,0.4699387633026465,0.3647764383220797,0.3728110529676475,0.2301400855328616,0.0449953262928785
TMRWI00008F,PH097332069,2016-01-01,Y,0.5000653150323473,0.3579716605245064,0.3648235867803829,0.1621569339946342,0.0749676104436247
TMRWI000090,PH063022062,2016-01-01,Y,0.6115207691422859,0.6115207691422859,0.6115207691422859,0.6115207691422859,
TMRWI000091,PH112402064,2016-01-01,Y,0.5541540232726279,0.4584005704263857,0.4612650897441118,0.3754728720935261,0.0397810069870374
TMRWI000092,PH063022061,2016-01-01,Y,0.6283163045248982,0.6142148295852496,0.6142148295852496,0.600113354645601,0.0199424971091153
TMRWI000093,PH112402065,2016-01-01,Y,0.4297096920407223,0.2510760517567287,0.2506010025974811,0.1723657878931558,0.0478186828935816
TMRWI000094,PH097332068,2016-01-01,Y,0.6408279308626845,0.6116929374714695,0.6261665332825472,0.5536107524580989,0.0395507105915399
TMRWI000095,PH083747041,2016-01-01,Y,0.5331617225086427,0.5180476948598236,0.5180476948598236,0.5029336672110046,0.0213744628830418
TMRWI000096,PH063022060,2016-01-01,Y,0.6606773101073585,0.6409050099287316,0.6443992799404994,0.5938668303232334,0.0211125504370455
TMRWI000097,PH083747040,2016-01-01,Y,0.5029336672110046,0.5029336672110046,0.5029336672110046,0.5029336672110046,
TMRWI000098,PH063022079,2016-01-01,Y,0.6723948255250356,0.6565311722834427,0.6557195010664357,0.6414791902588567,0.0154737918300989
TMRWI000099,PH063022022,2016-01-01,Y,0.6402532182494873,0.6198791074310794,0.6174993115570107,0.6042645883608091,0.0157239773705679
TMRWI00009A,PH097332051,2016-01-01,Y,0.464361364605958,0.386365432943021,0.3920883510105629,0.3045302826498395,0.0399124974250586
TMRWI00009B,PH083747074,2016-01-01,Y,0.5683633055033559,0.5386678725557517,0.5488854518020513,0.4885372811155484,0.0369601772776405
TMRWI00009C,PH050506061,2016-01-01,Y,0.5424668824567138,0.4703480524250538,0.4882970186832824,0.3678438714028945,0.0583707769493818
TMRWI00009D,PH112402144,2016-01-01,Y,0.5687840594329947,0.5517585282915761,0.5452176613868214,0.5412738640549122,0.0148758165266433
TMRWI00009E,PH050506060,2016-01-01,Y,0.5182307132868422,0.4689906145794826,0.4817306026103151,0.3408878266862822,0.0401475694282022
TMRWI00009F,PH112402145,2016-01-01,Y,0.5687840594329947,0.5490008488016853,0.5432457627208668,0.5407278103320132,0.0133396325373711
TMRWI0000A0,PH097332034,2016-01-01,Y,0.4240493324583593,0.2821488077180213,0.2664835805560615,0.2481240595201084,0.0442798580457957
TMRWI0000A1,PH083747075,2016-01-01,Y,0.5683633055033559,0.5284502933094521,0.5284502933094521,0.4885372811155484,0.0564455231597813
TMRWI0000A2,PH050506059,2016-01-01,Y,0.5500735503709197,0.5213405577371376,0.522678486048124,0.4903179709227233,0.0180105326637911
TMRWI0000A3,PH112402146,2016-01-01,Y,0.5412738640549122,0.5410008371934627,0.5410008371934627,0.5407278103320132,0.000386118290354
TMRWI0000A4,PH050506058,2016-01-01,Y,0.5222987365325567,0.4719986214172963,0.4890381734453241,0.3712611004542847,0.0538831670766524
TMRWI0000A5,PH112402147,2016-01-01,Y,0.6090131841387639,0.5716868263639762,0.5685031554925638,0.5407278103320132,0.0358462355216783
TMRWI0000A6,PH097332033,2016-01-01,Y,0.4634686814909574,0.3851728214904686,0.3693050281824647,0.3489561945956649,0.0367455397302949
TMRWI0000A7,PH083747076,2016-01-01,Y,0.5646091810954599,0.5488854518020513,0.5488854518020513,0.5331617225086427,0.0222367112178215
TMRWI0000A8,PH050506057,2016-01-01,Y,0.505650262336265,0.385437273581346,0.380125642770898,0.3336362404677664,0.0456385487259415
TMRWI0000A9,PH112402148,2016-01-01,Y,0.6090131841387639,0.5843496267557166,0.5938287562760446,0.5407278103320132,0.0299894970505231
TMRWI0000AA,PH097332035,2016-01-01,Y,0.2121649041126992,0.1832620195396538,0.17968981385667,0.1586144951174642,0.0133418276911998
TMRWI0000AB,PH050506056,2016-01-01,Y,0.5392235711532917,0.4429390047577941,0.4641109344361231,0.3336362404677664,0.0700857387238011
TMRWI0000AC,PH112402143,2016-01-01,Y,0.6407611534135711,0.5953185627382708,0.5978933946906937,0.5452176613868214,0.0297283902467146
TMRWI0000AD,PH112402142,2016-01-01,Y,0.617843606385841,0.5766523436270176,0.5792500567043553,0.513187508047215,0.0407299159698714
TMRWI0000AE,PH097332038,2016-01-01,Y,0.4116671660615031,0.3031589161139855,0.2937738082074932,0.2458449048158673,0.0415011068282182
TMRWI0000AF,PH083747071,2016-01-01,Y,0.5331617225086427,0.5180476948598236,0.5180476948598236,0.5029336672110046,0.0213744628830418
TMRWI0000B0,PH050506067,2016-01-01,Y,0.6314104972495224,0.5877089532192283,0.5867554593147222,0.5459143969979467,0.0365062455740652
TMRWI0000B1,PH112402138,2016-01-01,Y,0.6202583744661753,0.5677248157702932,0.5655520286476365,0.513187508047215,0.0478693517457118
TMRWI0000B2,PH050506066,2016-01-01,Y,0.6259322243933458,0.5579082983494684,0.5580436981485417,0.5106693472222886,0.0442653040619257
TMRWI0000B3,PH112402139,2016-01-01,Y,0.6111553376075476,0.5621714228273813,0.5621714228273813,0.513187508047215,0.069273716620239
TMRWI0000B4,PH097332037,2016-01-01,Y,0.4631649992978072,0.3952578738819727,0.389238564196626,0.2959549307693547,0.0395493699387211
TMRWI0000B5,PH083747072,2016-01-01,Y,0.5331617225086427,0.5108495018120955,0.5108495018120955,0.4885372811155484,0.0315542451157185
TMRWI0000B6,PH050506065,2016-01-01,Y,0.3687814792698783,0.266332641014169,0.2709559191815274,0.211753679189199,0.0463753439318412
TMRWI0000B7,PH112402140,2016-01-01,Y,0.6111553376075476,0.5613444710621762,0.5774741881551144,0.513187508047215,0.0413865157880211
TMRWI0000B8,PH050506064,2016-01-01,Y,0.6543633428733477,0.6008238110602296,0.607178262305659,0.5300076857071868,0.0411742869427072
TMRWI0000B9,PH112402141,2016-01-01,Y,0.6562998887498597,0.6031581830177645,0.6162632013661802,0.5238793962474082,0.0376088376323183
TMRWI0000BA,PH097332036,2016-01-01,Y,0.2549760743242142,0.1941898966232547,0.1859400068021637,0.1586144951174642,0.0252771704806493
TMRWI0000BB,PH083747073,2016-01-01,Y,0.5331617225086427,0.5108495018120955,0.5108495018120955,0.4885372811155484,0.0315542451157185
TMRWI0000BC,PH050506063,2016-01-01,Y,0.6612009967690784,0.5669906819476355,0.5571653657003863,0.4881641443344009,0.0550077296027184
TMRWI0000BD,PH050506062,2016-01-01,Y,0.6628380465824474,0.559751455402219,0.5616787512339901,0.4933877279293831,0.0454252463147883
TMRWI0000BE,PH112402149,2016-01-01,Y,0.5957324469302154,0.5653813507135779,0.5663264379769435,0.5331400799702091,0.0330305638017131
TMRWI0000BF,PH097332032,2016-01-01,Y,0.4888671964624189,0.2737170944486476,0.2355208457199471,0.1520339254423088,0.0905086071284179
TMRWI0000C0,PH083747077,2016-01-01,Y,0.5683633055033559,0.5553780697024862,0.5646091810954599,0.5331617225086427,0.0193312680519291
TMRWI0000C1,PH050506048,2016-01-01,Y,0.3886291025688039,0.289444583415864,0.2671196388434526,0.2201616962936602,0.0641567910183268
TMRWI0000C2,PH112402157,2016-01-01,Y,0.6058467501778987,0.5645900110958029,0.5635952283921275,0.5253228374210576,0.038455854714109
TMRWI0000C3,PH097332027,2016-01-01,Y,0.2515572438834905,0.2119449893068734,0.2120083551461498,0.1523140305145904,0.0259764516387703
TMRWI0000C4,PH083747081,2016-01-01,Y,0.5683633055033559,0.5683633055033559,0.5683633055033559,0.5683633055033559,
TMRWI0000C5,PH050506047,2016-01-01,Y,0.5193273152071548,0.4715727052759751,0.4881287191644457,0.3850520665977425,0.0438421505320748
TMRWI0000C6,PH112402158,2016-01-01,Y,0.5879934829611758,0.5879934829611758,0.5879934829611758,0.5879934829611758,
TMRWI0000C7,PH050506046,2016-01-01,Y,0.6952126433651381,0.6239951816134996,0.6125755436946128,0.5616787512339901,0.0503891955915022
TMRWI0000C8,PH112402159,2016-01-01,Y,0.6779540308100721,0.6224420994302176,0.6119104419748113,0.5879934829611758,0.0387595215209799
TMRWI0000C9,PH097332026,2016-01-01,Y,0.6388139554689565,0.5481095217304724,0.5404225814128745,0.4947355342634029,0.035194913739779
TMRWI0000CA,PH083747082,2016-01-01,Y,0.5683633055033559,0.5664862432994079,0.5664862432994079,0.5646091810954599,0.0026545668262412
TMRWI0000CB,PH050506045,2016-01-01,Y,0.5745776837464952,0.5237689985201673,0.5196576574669599,0.4771035566971913,0.0232751086789878
TMRWI0000CC,PH112402160,2016-01-01,Y,0.6779540308100721,0.6339249715865649,0.6148076998108586,0.6090131841387639,0.0382401967182292
TMRWI0000CD,PH050506044,2016-01-01,Y,0.3943285346527141,0.2612270562842739,0.2326578816756958,0.200702271093682,0.0557253221293105
TMRWI0000CE,PH112402161,2016-01-01,Y,0.6090131841387639,0.5659008421439774,0.5646336735080439,0.5253228374210576,0.0391570399274757
TMRWI0000CF,PH097332025,2016-01-01,Y,0.2368372152295735,0.1908334921978906,0.1859400068021637,0.1651339779641669,0.0143941179725239
TMRWI0000D0,PH112402156,2016-01-01,Y,0.6779540308100721,0.6269184045273688,0.6148076998108586,0.5879934829611758,0.0461868695504064
TMRWI0000D1,PH050506049,2016-01-01,Y,0.5501716237104505,0.4845015243877515,0.4883142425910228,0.4038679063956348,0.0392853314871654
TMRWI0000D2,PH083747080,2016-01-01,Y,0.5683633055033559,0.5683633055033559,0.5683633055033559,0.5683633055033559,
TMRWI0000D3,PH097332028,2016-01-01,Y,0.5098759676604474,0.4167495716735063,0.4205384552560085,0.3328869343741545,0.0562379461194067
TMRWI0000D4,PH050506055,2016-01-01,Y,0.6737797561141615,0.6242809172305719,0.6344417867538656,0.5616787512339901,0.0439745882641068
TMRWI0000D5,PH112402150,2016-01-01,Y,0.5919250656218737,0.5552643186413654,0.5407278103320132,0.5331400799702091,0.031975008833267
TMRWI0000D6,PH050506054,2016-01-01,Y,0.6766290506535405,0.558897709387526,0.5687651333284545,0.4844740960839551,0.0469312840047888
TMRWI0000D7,PH112402151,2016-01-01,Y,0.5919250656218737,0.5532086124874662,0.5452176613868214,0.5331400799702091,0.0230470270758309
TMRWI0000D8,PH097332031,2016-01-01,Y,0.6572904311944454,0.6161146954838195,0.62557261170551,0.5407619207869245,0.0333947219031574
TMRWI0000D9,PH083747078,2016-01-01,Y,0.5646091810954599,0.5646091810954599,0.5646091810954599,0.5646091810954599,
TMRWI0000DA,PH050506053,2016-01-01,Y,0.6259322243933458,0.5346317692358711,0.5276780497332172,0.4822325857772919,0.0501447376000461
TMRWI0000DB,PH112402137,2016-01-01,Y,0.5774741881551144,0.5469322024421606,0.5485335567831564,0.513187508047215,0.0310741676085438
TMRWI0000DC,PH112402152,2016-01-01,Y,0.7147223382950066,0.6181936128590041,0.6309895499100702,0.5127915455892601,0.0535095812533547
TMRWI0000DD,PH112402153,2016-01-01,Y,0.6321849115065286,0.5601800703370392,0.5550324451264137,0.5127915455892601,0.0454019634070691
TMRWI0000DE,PH097332030,2016-01-01,Y,0.4999476300298514,0.3894557973186582,0.3823900477011596,0.2959549307693547,0.0594325151981472
TMRWI0000DF,PH083747079,2016-01-01,Y,0.6173545007620789,0.5979382814428933,0.6118511624711411,0.5646091810954599,0.0289947129760425
TMRWI0000E0,PH050506051,2016-01-01,Y,0.7012541259721171,0.6556171949652894,0.6683089013483045,0.5616787512339901,0.0461508167350893
TMRWI0000E1,PH112402154,2016-01-01,Y,0.6058467501778987,0.5969201165695373,0.5969201165695373,0.5879934829611758,0.0126241663152802
TMRWI0000E2,PH050506050,2016-01-01,Y,0.3664084627867703,0.2662115918813541,0.2556606125622429,0.2088270286569054,0.0445727091020785
TMRWI0000E3,PH112402155,2016-01-01,Y,0.6779540308100721,0.6239314213163821,0.6058467501778987,0.5879934829611758,0.0476289464502283
TMRWI0000E4,PH050506052,2016-01-01,Y,0.6297823396436216,0.5800213537297786,0.5784057415961095,0.5354877509441909,0.0434875954400633
TMRWI0000E5,PH112402107,2016-01-01,Y,0.547387895008245,0.4899360356225918,0.4920917351483093,0.4124812722310736,0.0287741080252888
TMRWI0000E6,PH050506069,2016-01-01,Y,0.6259322243933458,0.5809533968232027,0.573558009596004,0.5446867522441458,0.0259404245260992
TMRWI0000E7,PH050506070,2016-01-01,Y,0.7008842782281299,0.54759930282336,0.5407153319108404,0.4455203667540915,0.0638849783573535
TMRWI0000E8,PH063022015,2016-01-01,Y,0.6300276956431952,0.5933096442867706,0.5908286975742482,0.5615534863553908,0.0284765387196945
TMRWI0000E9,PH112402116,2016-01-01,Y,0.6601634088792888,0.6143867513719244,0.6128749596450427,0.5484893544660385,0.0310544670511659
TMRWI0000EA,PH063022014,2016-01-01,Y,0.668074870725647,0.6167385029037449,0.6167385029037449,0.5654021350818428,0.0726005876167076
TMRWI0000EB,PH112402117,2016-01-01,Y,0.7167943085693337,0.5457692691871107,0.5342185462510943,0.5005457291527535,0.0440580841592194
TMRWI0000EC,PH097332047,2016-01-01,Y,0.6062922062130482,0.5301453132402478,0.5282223609142829,0.4780974889582968,0.0373829295816378
TMRWI0000ED,PH083747062,2016-01-01,Y,0.6064917425499909,0.5547127048804978,0.5547127048804978,0.5029336672110046,0.0732266173188245
TMRWI0000EE,PH063022012,2016-01-01,Y,0.6466458737623099,0.6033365166169717,0.6077055860242906,0.5512890206569958,0.0470476567073558
TMRWI0000EF,PH112402118,2016-01-01,Y,0.4841421660955196,0.4221549793533623,0.4226286320950669,0.3447168530581393,0.028444205248338
TMRWI0000F0,PH063022011,2016-01-01,Y,0.7065617031074352,0.613160339842095,0.6120659359284112,0.5400314183707452,0.0392805409660936
TMRWI0000F1,PH112402119,2016-01-01,Y,0.4074146040165647,0.3528670493856879,0.3466395786190656,0.251537232803493,0.0309400180851051
TMRWI0000F2,PH097332046,2016-01-01,Y,0.5556289917950654,0.4653926542845628,0.4603996379047353,0.4015023433355045,0.0428420890464597
TMRWI0000F3,PH083747063,2016-01-01,Y,0.6064917425499909,0.5630938981710663,0.5798562847522032,0.5029336672110046,0.0537754771703645
TMRWI0000F4,PH063022010,2016-01-01,Y,0.6634399244062138,0.6162529036230907,0.6193792779929479,0.5773821193936214,0.0266109375655456
TMRWI0000F5,PH112402120,2016-01-01,Y,0.5181886010863453,0.4022671377725544,0.4039722973078213,0.2896647670971377,0.0452734534949682
TMRWI0000F6,PH063022009,2016-01-01,Y,0.602151943130533,0.5764997174731072,0.5910434226602336,0.5363037866285552,0.0352510205399046
TMRWI0000F7,PH083747061,2016-01-01,Y,0.5978234520149505,0.5761775680622163,0.5740741963049107,0.5520496169671278,0.0203302322654828
TMRWI0000F8,PH112402121,2016-01-01,Y,0.3851290680197171,0.20852905847127,0.1859400068021637,0.1517388668769776,0.0511173425057577
TMRWI0000F9,PH097332048,2016-01-01,Y,0.59736381901292,0.5059122698249897,0.5078434350569121,0.4139939762083827,0.04650668484802
TMRWI0000FA,PH063022016,2016-01-01,Y,0.6485005703908706,0.6167137239163268,0.6292490366217653,0.5835388772994202,0.0298618368305974
TMRWI0000FB,PH083747058,2016-01-01,Y,0.4885372811155484,0.4885372811155484,0.4885372811155484,0.4885372811155484,
TMRWI0000FC,PH063022021,2016-01-01,Y,0.602151943130533,0.59292612700299,0.5910434226602336,0.5851824281330031,0.0065773618486086
TMRWI0000FD,PH112402108,2016-01-01,Y,0.413077578860428,0.3407059322107452,0.3552364775392961,0.214402629550867,0.0531232374176628
TMRWI0000FE,PH063022020,2016-01-01,Y,0.647317162729692,0.643162585542695,0.643162585542695,0.639008008355698,0.0058754594037769
TMRWI0000FF,PH112402110,2016-01-01,Y,0.665152910736492,0.5768557322686758,0.5676790633541884,0.5173272400942404,0.0368709306599473
TMRWI000100,PH097332050,2016-01-01,Y,0.4412582699163686,0.3964938641064031,0.3929640696216554,0.3420283482498847,0.0218641748328253
TMRWI000101,PH083747059,2016-01-01,Y,0.6064917425499909,0.6064917425499909,0.6064917425499909,0.6064917425499909,
TMRWI000102,PH063022019,2016-01-01,Y,0.7065617031074352,0.6053264317407704,0.5936594000309783,0.5637128691759024,0.0399733472245426
TMRWI000103,PH112402112,2016-01-01,Y,0.5480954846491649,0.4722958726517772,0.4683551221329006,0.4165122923777658,0.0312339555975598
TMRWI000104,PH063022018,2016-01-01,Y,0.5720290620872069,0.555090843288131,0.5560152622183809,0.5363037866285552,0.0170053503575851
TMRWI000105,PH112402113,2016-01-01,Y,0.5271202446013636,0.4505232007261548,0.4603314507140971,0.3665489458708197,0.0525343499976938
TMRWI000106,PH097332049,2016-01-01,Y,0.2021932266195176,0.1815725530461996,0.182232968651021,0.1596310482632387,0.0196601784951291
TMRWI000107,PH083747060,2016-01-01,Y,0.6064917425499909,0.5642646950948313,0.5833686755234985,0.5029336672110046,0.0543579827913339
TMRWI000108,PH063022017,2016-01-01,Y,0.6402532182494873,0.6226652201940106,0.6234778539717355,0.6042645883608091,0.0180080718167878
TMRWI000109,PH112402114,2016-01-01,Y,0.4787264696482476,0.4103429930385417,0.4041500698946827,0.343549467612176,0.0394982952367099
TMRWI00010A,PH112402115,2016-01-01,Y,0.5379993155319844,0.4571232407576409,0.4506611509318012,0.3994089750504595,0.0372231849625284
TMRWI00010B,PH097332045,2016-01-01,Y,0.638050998520629,0.5358223024826493,0.526564543489187,0.4664153144005796,0.0451185317110825
TMRWI00010C,PH083747064,2016-01-01,Y,0.5029336672110046,0.5029336672110046,0.5029336672110046,0.5029336672110046,
TMRWI00010D,PH063022008,2016-01-01,Y,0.6723948255250356,0.6661269061947228,0.6661269061947228,0.6598589868644101,0.0088641765247887
TMRWI00010E,PH112402129,2016-01-01,Y,0.665152910736492,0.5458757219857474,0.5439154421860013,0.444197752188546,0.0385545416313289
TMRWI00010F,PH097332041,2016-01-01,Y,0.4199215780015779,0.3703223274840995,0.3680094617840201,0.3519617869704705,0.0140109111413216
TMRWI000110,PH083747068,2016-01-01,Y,0.5798562847522032,0.556509003630423,0.556509003630423,0.5331617225086427,0.0330180416069589
TMRWI000111,PH050506074,2016-01-01,Y,0.6612009967690784,0.6079323463115827,0.6217989425702324,0.5354877509441909,0.0410903708375379
TMRWI000112,PH112402131,2016-01-01,Y,0.6333703173429237,0.5173706432108803,0.5128981415450263,0.440970423389078,0.0392719445839558
TMRWI000113,PH050506073,2016-01-01,Y,0.6449933072236914,0.6120741129882827,0.6131871500191771,0.5784057415961095,0.0238893821704683
TMRWI000114,PH112402133,2016-01-01,Y,0.4935110850030496,0.4153077795004661,0.4193295695170046,0.3184676099722363,0.0456989610938412
TMRWI000115,PH097332040,2016-01-01,Y,0.3946242840846435,0.3429080138489009,0.3375164956682007,0.2868393948151056,0.0201342303950099
TMRWI000116,PH083747069,2016-01-01,Y,0.6173545007620789,0.5737454222795961,0.5722327329238315,0.5331617225086427,0.0349742855839546
TMRWI000117,PH050506072,2016-01-01,Y,0.7008842782281299,0.64477172134407,0.6442605687505796,0.5896814696469908,0.0454213687489891
TMRWI000118,PH112402134,2016-01-01,Y,0.5975122074772833,0.5566291058448924,0.5503605808844843,0.5282830541333181,0.0342142165256384
TMRWI000119,PH050506071,2016-01-01,Y,0.5501716237104505,0.4672341445767039,0.4822325857772919,0.3850520665977425,0.0480906190420823
TMRWI00011A,PH112402135,2016-01-01,Y,0.5284708300828914,0.5233137974211415,0.5282830541333181,0.513187508047215,0.0087701264138655
TMRWI00011B,PH097332039,2016-01-01,Y,0.2069910652821079,0.1846610664393319,0.1835324352467134,0.1651339779641669,0.0129113078560681
TMRWI00011C,PH083747070,2016-01-01,Y,0.5331617225086427,0.5331617225086427,0.5331617225086427,0.5331617225086427,
TMRWI00011D,PH050506077,2016-01-01,Y,0.5387138479416068,0.5041827206834252,0.4986655522874006,0.4782087552557604,0.0201058779514467
TMRWI00011E,PH112402128,2016-01-01,Y,0.5133152560976528,0.3862684603078936,0.3804623284789391,0.3353421062789491,0.0380554282570551
TMRWI00011F,PH063022001,2016-01-01,Y,0.6182441219533739,0.6071718493857472,0.6103257061277414,0.5897918633341322,0.0131504591184466
TMRWI000120,PH083747067,2016-01-01,Y,0.5331617225086427,0.5180476948598236,0.5180476948598236,0.5029336672110046,0.0213744628830418
TMRWI000121,PH112402122,2016-01-01,Y,0.4686400334655661,0.4036273644370214,0.3978914676227431,0.328428961076773,0.0325213754080316
TMRWI000122,PH063022007,2016-01-01,Y,0.532980266617991,0.532980266617991,0.532980266617991,0.532980266617991,
TMRWI000123,PH112402123,2016-01-01,Y,0.5215625394385645,0.4409494632651993,0.4380338294853758,0.3666251210054763,0.0385772614196908
TMRWI000124,PH097332044,2016-01-01,Y,0.5910743622380324,0.4959874843082453,0.4927879170995659,0.4424340308515621,0.0399953040481401
TMRWI000125,PH083747065,2016-01-01,Y,0.5029336672110046,0.5029336672110046,0.5029336672110046,0.5029336672110046,
TMRWI000126,PH063022006,2016-01-01,Y,0.5836110612734193,0.5551001451466698,0.5453855875380349,0.5363037866285552,0.0251052590253469
TMRWI000127,PH112402124,2016-01-01,Y,0.6173302721131474,0.5260793427925161,0.5194466585637777,0.4599658822631231,0.0463653932114612
TMRWI000128,PH112402136,2016-01-01,Y,0.5774741881551144,0.5368538951046348,0.5283769421081048,0.513187508047215,0.0280109572487436
TMRWI000129,PH063022005,2016-01-01,Y,0.668074870725647,0.6167385029037449,0.6167385029037449,0.5654021350818428,0.0726005876167076
TMRWI00012A,PH097332043,2016-01-01,Y,0.4778291277016673,0.38573344200283,0.367168170098066,0.3099043773970845,0.0519168189975396
TMRWI00012B,PH083747066,2016-01-01,Y,0.6064917425499909,0.5475290440898793,0.5331617225086427,0.5029336672110046,0.0532530157741586
TMRWI00012C,PH063022004,2016-01-01,Y,0.6551911320653606,0.620339812068487,0.624789506070925,0.5770409103048553,0.0284243283978014
TMRWI00012D,PH112402126,2016-01-01,Y,0.6767476587563556,0.6093155445046665,0.6061353307681983,0.5549784858455376,0.0382535942969345
TMRWI00012E,PH063022003,2016-01-01,Y,0.6355128853661861,0.6004575102240144,0.6004575102240144,0.5654021350818428,0.0495757869601357
TMRWI00012F,PH112402127,2016-01-01,Y,0.6594114898531607,0.557720487435581,0.5535793680721147,0.5040214004596132,0.0390090159344334
TMRWI000130,PH097332042,2016-01-01,Y,0.2836955565340119,0.2116486062550494,0.2099294128663661,0.1750242583984599,0.0280420478082276
TMRWI000131,PH112402125,2016-01-01,Y,0.6855749521110296,0.6081986293338173,0.6022752801367485,0.5267301433607993,0.0384893812486539
TMRWI000132,PH083747083,2016-01-01,Y,0.6118511624711411,0.5862948061196823,0.5843594404560641,0.5646091810954599,0.023399698217486
TMRWI000133,PH083747027,2016-01-01,Y,0.5144973543439388,0.4436162587280942,0.4584992103307546,0.3318323387622706,0.049811186215423
TMRWI000134,PH112402047,2016-01-01,Y,0.4608570089509241,0.4047022388102583,0.4085639807759751,0.3284011058422413,0.032920646123595
TMRWI000135,PH072230010,2016-01-01,Y,0.6760300277690807,0.6005308610464293,0.5790841669417038,0.5679250825332288,0.0506482535100926
TMRWI000136,PH063022159,2016-01-01,Y,0.6403785662581089,0.6213360607822882,0.6213360607822882,0.6022935553064674,0.0269301695054695
TMRWI000137,PH104305054,2016-01-01,Y,0.6963746065724371,0.4980889507716411,0.4874796791370349,0.3948229386422224,0.0632168173649931
TMRWI000138,PH063022158,2016-01-01,Y,0.6723948255250356,0.6477195799720066,0.6454026718156742,0.6276781507316421,0.0202824775564797
TMRWI000139,PH104305055,2016-01-01,Y,0.5874037636666717,0.5472781602787757,0.5368039617535999,0.5316920266367602,0.0217667047553128
TMRWI00013A,PH104305004,2016-01-01,Y,0.5058056764503583,0.448176511996075,0.4657105407626234,0.3407950455062885,0.0468927252887009
TMRWI00013B,PH072230011,2016-01-01,Y,0.7025754626142492,0.6576011478187022,0.6687575000273955,0.6030310794493369,0.0371023056721995
TMRWI00013C,PH063022157,2016-01-01,Y,0.6022935553064674,0.5896086579911679,0.5908286975742482,0.5744836815097081,0.0123343591083234
TMRWI00013D,PH104305056,2016-01-01,Y,0.6668396199995974,0.5973029722735262,0.5988907503388533,0.5182848743814549,0.0420631589671002
TMRWI00013E,PH063022156,2016-01-01,Y,0.6606773101073585,0.6465070806454888,0.6472245018969213,0.6242914727167801,0.014771509601264
TMRWI00013F,PH104305057,2016-01-01,Y,0.414243904101774,0.3195398420263959,0.3117709049974686,0.2424073742851925,0.0457048655222926
TMRWI000140,PH104305003,2016-01-01,Y,0.704479401140308,0.5973742285435711,0.5933659156167544,0.504446151213357,0.0529243366078453
TMRWI000141,PH072230012,2016-01-01,Y,0.6083957660168011,0.5749377909058669,0.5712368470400552,0.5488817035265562,0.0250520872917274
TMRWI000142,PH063022155,2016-01-01,Y,0.6399532429846285,0.5866354346853395,0.5759318076903677,0.5547248803759944,0.0379746292126926
TMRWI000143,PH104305058,2016-01-01,Y,0.6408304128390506,0.5940085781031669,0.5993019922573397,0.5302223604312789,0.0375581319546201
TMRWI000144,PH104305005,2016-01-01,Y,0.6724683800824236,0.602852017146944,0.6050618431950487,0.5205459312658973,0.0434384198765986
TMRWI000145,PH063022154,2016-01-01,Y,0.6022935553064674,0.5883886184080878,0.5883886184080878,0.5744836815097081,0.0196645503456306
TMRWI000146,PH104305053,2016-01-01,Y,0.6485310888668152,0.6008997700602938,0.6047594870368751,0.5504065375372094,0.0326033214353118
TMRWI000147,PH104305052,2016-01-01,Y,0.7019401447337027,0.6091586415396613,0.6112955274383004,0.5417066883270042,0.0471906833504897
TMRWI000148,PH104305008,2016-01-01,Y,0.6095935343391138,0.5850154746991965,0.5850154746991965,0.5604374150592792,0.0347586252795858
TMRWI000149,PH072230007,2016-01-01,Y,0.7025754626142492,0.652792199296912,0.6559829947832756,0.6030310794493369,0.0296772431657824
TMRWI00014A,PH063022166,2016-01-01,Y,0.6399016982405834,0.6113087330959028,0.6042326377129927,0.5897918633341322,0.0257934532970864
TMRWI00014B,PH104305048,2016-01-01,Y,0.6096276507923755,0.4791773526282463,0.4737179608011346,0.411456496245545,0.0447553900656712
TMRWI00014C,PH063022165,2016-01-01,Y,0.6357588856772284,0.601281773385986,0.5921789262698471,0.5836110612734193,0.0212212305261142
TMRWI00014D,PH104305049,2016-01-01,Y,0.6553186250546215,0.570496226411961,0.5684532016576895,0.4916645566585328,0.0468403387506649
TMRWI00014E,PH104305007,2016-01-01,Y,0.6095935343391138,0.6095935343391138,0.6095935343391138,0.6095935343391138,
TMRWI00014F,PH072230008,2016-01-01,Y,0.7025754626142492,0.6806463224478564,0.6706060047019244,0.6687575000273955,0.0190136696539861
TMRWI000150,PH063022164,2016-01-01,Y,0.6533037580199502,0.6078031097500158,0.6115919003020593,0.5547248803759944,0.0466161867909998
TMRWI000151,PH104305050,2016-01-01,Y,0.6135359723640907,0.5330838180764503,0.5301434020557847,0.4700065862931193,0.0292048984459038
TMRWI000152,PH063022163,2016-01-01,Y,0.602151943130533,0.5698960870418808,0.5705643092042174,0.5363037866285552,0.0270831983544874
TMRWI000153,PH104305051,2016-01-01,Y,0.692962770685907,0.5949143729816402,0.5861384465218413,0.5048313976139199,0.0545143751840157
TMRWI000154,PH104305006,2016-01-01,Y,0.6095935343391138,0.6095935343391138,0.6095935343391138,0.6095935343391138,
TMRWI000155,PH072230009,2016-01-01,Y,0.6825506561022623,0.6466497358235747,0.6585555980507924,0.6016279862349179,0.0312003223402445
TMRWI000156,PH063022161,2016-01-01,Y,0.6149827710271312,0.580184179282583,0.580184179282583,0.5453855875380349,0.0492126403966243
TMRWI000157,PH063022160,2016-01-01,Y,0.6374197185419671,0.6080388946489165,0.5966150728278629,0.584930080485298,0.0196029109614911
TMRWI000158,PH104305059,2016-01-01,Y,0.4559953872142464,0.3694285733733889,0.3782810819959005,0.2731400852389725,0.056357126056022
TMRWI000159,PH104305002,2016-01-01,Y,0.5735664006079654,0.512692633824393,0.5035966625008563,0.4522073619021636,0.0330248022632653
TMRWI00015A,PH072230013,2016-01-01,Y,0.6329014505456761,0.5895517945342246,0.5833670303346686,0.5658949618868976,0.0227336210761391
TMRWI00015B,PH063022140,2016-01-01,Y,0.5300657364621632,0.5300657364621632,0.5300657364621632,0.5300657364621632,
TMRWI00015C,PH104305068,2016-01-01,Y,0.3528810148409784,0.30202591874554,0.305044948501097,0.270843272756577,0.0213668598915863
TMRWI00015D,PH097332901,2016-01-01,Y,0.4843513943195185,0.2834945838517089,0.2055400706181313,0.1651339779641669,0.1068104575110886
TMRWI00015E,PH072230017,2016-01-01,Y,0.6750873624772267,0.6159410779592494,0.6089826434540556,0.5658949618868976,0.0325103480016169
TMRWI00015F,PH063022139,2016-01-01,Y,0.6355128853661861,0.5978471129123567,0.5964749670154932,0.5615534863553908,0.0369987873285221
TMRWI000160,PH104305069,2016-01-01,Y,0.4044929564256281,0.3097690037973454,0.308402710342935,0.2703890555262508,0.0314897509229896
TMRWI000161,PH063022138,2016-01-01,Y,0.6193302446239861,0.6193302446239861,0.6193302446239861,0.6193302446239861,
TMRWI000162,PH104305070,2016-01-01,Y,0.3556828561379141,0.2235958875409256,0.2171006542211678,0.1517739335021686,0.034651826664915
TMRWI000163,PH097332104,2016-01-01,Y,0.5790595632765655,0.5115160765407915,0.511772164033151,0.4619591615652283,0.0311980312101126
TMRWI000164,PH072230018,2016-01-01,Y,0.5765787321932128,0.5712368470400552,0.5712368470400552,0.5658949618868976,0.0075545664322349
TMRWI000165,PH063022137,2016-01-01,Y,0.6115207691422859,0.6078926787515475,0.6078926787515475,0.6042645883608091,0.0051308946360977
TMRWI000166,PH104305071,2016-01-01,Y,0.3133265130279712,0.2766538723567718,0.2795054175186199,0.1955914032048155,0.0293156579955746
TMRWI000167,PH063022136,2016-01-01,Y,0.6193302446239861,0.6193302446239861,0.6193302446239861,0.6193302446239861,
TMRWI000168,PH104305072,2016-01-01,Y,0.2194319371475813,0.1849355131115608,0.1859400068021637,0.1636619403790326,0.0136070466482301
TMRWI000169,PH097332103,2016-01-01,Y,0.4359840749772435,0.3639472596711695,0.3746118242481258,0.2464419206589509,0.0513841660145048
TMRWI00016A,PH104305067,2016-01-01,Y,0.6941809686433958,0.4979087734673798,0.5059239346502892,0.3240177511462967,0.0730127939749663
TMRWI00016B,PH063022144,2016-01-01,Y,0.6586455617926767,0.6114029598968641,0.6302215474011007,0.5572928053169349,0.0364798913970959
TMRWI00016C,PH072230016,2016-01-01,Y,0.6760300277690807,0.6058601467525957,0.5878563290768315,0.5679250825332288,0.0345772227420189
TMRWI00016D,PH097332902,2016-01-01,Y,0.3872885007403545,0.2029585943494021,0.1859400068021637,0.1651339779641669,0.0553557267471929
TMRWI00016E,PH063022152,2016-01-01,Y,0.5639038483868344,0.5464844393939202,0.5595612161006431,0.5029114769875602,0.0293211369813437
TMRWI00016F,PH104305060,2016-01-01,Y,0.6445797625919899,0.5371918573905183,0.5373987513367817,0.4756302095533566,0.0414806970337246
TMRWI000170,PH063022151,2016-01-01,Y,0.6436056567059044,0.6065093170365581,0.6138535203214142,0.5486974452525053,0.0330728789783645
TMRWI000171,PH104305061,2016-01-01,Y,0.704479401140308,0.609877844190785,0.6224801593648804,0.5318483870545694,0.0520495213324252
TMRWI000172,PH104305001,2016-01-01,Y,0.6146440450163622,0.5012679070669463,0.4894768650432752,0.430464350146389,0.0532162798245793
TMRWI000173,PH072230014,2016-01-01,Y,0.6337340170696241,0.6171710905930475,0.6163428427149271,0.6022331241117848,0.0160144747729024
TMRWI000174,PH063022150,2016-01-01,Y,0.6234778539717355,0.6027488240739174,0.6033005071016935,0.5809164281205468,0.0186377781036945
TMRWI000175,PH104305047,2016-01-01,Y,0.3855958846451472,0.239281434191458,0.218204641989707,0.1549839361862463,0.0517446861341807
TMRWI000176,PH104305062,2016-01-01,Y,0.3032647377300231,0.1979767051250044,0.190281022778831,0.1468837376044506,0.0356515202145224
TMRWI000177,PH104305063,2016-01-01,Y,0.5966286809598481,0.4671753657045894,0.4772606843896867,0.3407950455062885,0.0552981301024089
TMRWI000178,PH097332904,2016-01-01,Y,0.4024534604965112,0.3364353123035837,0.371388378935539,0.1822572423426982,0.0818831610728603
TMRWI000179,PH072230015,2016-01-01,Y,0.6375196498822621,0.5870345889352752,0.5842348442119129,0.5537053785669076,0.0293178560496354
TMRWI00017A,PH063022148,2016-01-01,Y,0.6115207691422859,0.5669418282137932,0.5630904036253619,0.5300657364621632,0.0365710694333981
TMRWI00017B,PH104305064,2016-01-01,Y,0.6463943865855574,0.5735276412475575,0.5575090303542212,0.5316920266367602,0.041485003519582
TMRWI00017C,PH063022146,2016-01-01,Y,0.5615534863553908,0.5456278673159103,0.545264379130177,0.5300657364621632,0.0157470216574592
TMRWI00017D,PH104305065,2016-01-01,Y,0.5002387865503206,0.4297903794497623,0.4438116605259214,0.3258256723641461,0.0476172069560432
TMRWI00017E,PH063022149,2016-01-01,Y,0.6723948255250356,0.6629485126860829,0.6602681484858843,0.6588629282475273,0.0063410923720422
TMRWI00017F,PH072230019,2016-01-01,Y,0.63521790217149,0.598660693107708,0.5902442357911867,0.5691601513120522,0.0218871662456532
TMRWI000180,PH063022167,2016-01-01,Y,0.6602569427801585,0.6092783581770744,0.5947223536963144,0.5728557780547505,0.0454824015271006
TMRWI000181,PH063022168,2016-01-01,Y,0.6533037580199502,0.6071659024538624,0.617331448247932,0.5164337615490385,0.0403180009261286
TMRWI000182,PH063022188,2016-01-01,Y,0.647317162729692,0.6210716163732538,0.6175652597236481,0.6018387833160274,0.0209323479611543
TMRWI000183,PH104305028,2016-01-01,Y,0.5797025169344451,0.5788026634400744,0.5788026634400744,0.5779028099457036,0.0012725850158878
TMRWI000184,PH063022187,2016-01-01,Y,0.6310760493651425,0.5908072915973024,0.5753445398428294,0.5572928053169349,0.0370142491025613
TMRWI000185,PH104305029,2016-01-01,Y,0.6146921938995475,0.5971973554169963,0.5971973554169963,0.5797025169344451,0.0247414378535507
TMRWI000186,PH104305017,2016-01-01,Y,0.6112955274383004,0.6107316409966654,0.6107316409966654,0.6101677545550306,0.0007974558533983
TMRWI000187,PH063022200,2016-01-01,Y,0.6115207691422859,0.5707932528022246,0.5707932528022246,0.5300657364621632,0.0575974059698866
TMRWI000188,PH063022186,2016-01-01,Y,0.6234778539717355,0.6234778539717355,0.6234778539717355,0.6234778539717355,
TMRWI000189,PH104305030,2016-01-01,Y,0.6146921938995475,0.6146921938995475,0.6146921938995475,0.6146921938995475,
TMRWI00018A,PH063022185,2016-01-01,Y,0.6402532182494873,0.6318655361106114,0.6318655361106114,0.6234778539717355,0.0118619738376729
TMRWI00018B,PH104305031,2016-01-01,Y,0.5302223604312789,0.5302223604312789,0.5302223604312789,0.5302223604312789,
TMRWI00018C,PH104305016,2016-01-01,Y,0.5302223604312789,0.5302223604312789,0.5302223604312789,0.5302223604312789,
TMRWI00018D,PH063022201,2016-01-01,Y,0.672270745647959,0.6455109918212294,0.6475732220765902,0.6022935553064674,0.020302004176331
TMRWI00018E,PH063022183,2016-01-01,Y,0.6513513708626923,0.5882404533949275,0.5797413224548016,0.517995320261599,0.0447435269067576
TMRWI00018F,PH104305032,2016-01-01,Y,0.6146921938995475,0.5875648044794134,0.5875648044794134,0.5604374150592792,0.0383639220297301
TMRWI000190,PH063022182,2016-01-01,Y,0.5933144298794608,0.564809108254008,0.564809108254008,0.5363037866285552,0.0403126124425224
TMRWI000191,PH063022199,2016-01-01,Y,0.6513513708626923,0.5910440743692192,0.5885640820215786,0.517995320261599,0.0527590936367617
TMRWI000192,PH104305033,2016-01-01,Y,0.6095935343391138,0.5699079473851963,0.5699079473851963,0.5302223604312789,0.0561238953009668
TMRWI000193,PH104305018,2016-01-01,Y,0.6101677545550306,0.5836181472694215,0.5836181472694215,0.5570685399838124,0.0375468146989878
TMRWI000194,PH063022189,2016-01-01,Y,0.6115207691422859,0.5962185986314164,0.5962185986314164,0.5809164281205468,0.0216405370702173
TMRWI000195,PH063022196,2016-01-01,Y,0.6582303890035061,0.6437642760038376,0.6388714433548767,0.6368468117269204,0.0091246053112827
TMRWI000196,PH063022195,2016-01-01,Y,0.647317162729692,0.6021817721295455,0.6142148295852496,0.532980266617991,0.050044460179941
TMRWI000197,PH104305022,2016-01-01,Y,0.5779028099457036,0.5677714221802566,0.5680571693957551,0.5570685399838124,0.0105432651584416
TMRWI000198,PH063022194,2016-01-01,Y,0.6602569427801585,0.6154781962143336,0.6115852980338039,0.5728557780547505,0.0371165606027367
TMRWI000199,PH104305023,2016-01-01,Y,0.5779028099457036,0.5674856749647581,0.5674856749647581,0.5570685399838124,0.0147320535711244
TMRWI00019A,PH104305020,2016-01-01,Y,0.6265189332772754,0.5873036852915484,0.5779028099457036,0.5570685399838124,0.0265551351387173
TMRWI00019B,PH063022197,2016-01-01,Y,0.6115207691422859,0.6078926787515475,0.6078926787515475,0.6042645883608091,0.0051308946360977
TMRWI00019C,PH063022193,2016-01-01,Y,0.532980266617991,0.532980266617991,0.532980266617991,0.532980266617991,
TMRWI00019D,PH104305024,2016-01-01,Y,0.6146921938995475,0.5724572771654133,0.5724572771654133,0.5302223604312789,0.0597291920511111
TMRWI00019E,PH063022192,2016-01-01,Y,0.6557195010664357,0.6395986775190856,0.6395986775190856,0.6234778539717355,0.022798287297286
TMRWI00019F,PH104305025,2016-01-01,Y,0.5779028099457036,0.5691701125024915,0.5691701125024915,0.5604374150592792,0.0123498991602915
TMRWI0001A0,PH104305019,2016-01-01,Y,0.6112955274383004,0.5885521864273436,0.5929223391436308,0.5570685399838124,0.0267175643143405
TMRWI0001A1,PH063022198,2016-01-01,Y,0.5615534863553908,0.5615534863553908,0.5615534863553908,0.5615534863553908,
TMRWI0001A2,PH063022191,2016-01-01,Y,0.6588629282475273,0.650171059253192,0.650171059253192,0.6414791902588567,0.0122921590141592
TMRWI0001A3,PH104305026,2016-01-01,Y,0.6146921938995475,0.5843441396348434,0.5779028099457036,0.5604374150592792,0.0276950050166948
TMRWI0001A4,PH104305027,2016-01-01,Y,0.6146921938995475,0.5831837339597439,0.5788026634400744,0.5604374150592792,0.0227316600194467
TMRWI0001A5,PH104305015,2016-01-01,Y,0.6579756742491548,0.616826298990693,0.616826298990693,0.575676923732231,0.0581940045736966
TMRWI0001A6,PH063022202,2016-01-01,Y,0.5964749670154932,0.5744768628175756,0.5654021350818428,0.5615534863553908,0.0191478579867758
TMRWI0001A7,PH063022181,2016-01-01,Y,0.6723948255250356,0.6500364881283389,0.6500364881283389,0.6276781507316421,0.0316194639785221
TMRWI0001A8,PH104305041,2016-01-01,Y,0.6247869588264321,0.4898771548926159,0.4836381367948618,0.4011602736150473,0.0704582183992588
TMRWI0001A9,PH104305011,2016-01-01,Y,0.6579756742491548,0.6337846042941343,0.6337846042941343,0.6095935343391138,0.0342113392187063
TMRWI0001AA,PH072230004,2016-01-01,Y,0.6337340170696241,0.6041953479189985,0.6027855043922268,0.5577384196043393,0.0254822964161372
TMRWI0001AB,PH063022172,2016-01-01,Y,0.6414791902588567,0.640866204254172,0.640866204254172,0.6402532182494873,0.00086689312137
TMRWI0001AC,PH104305042,2016-01-01,Y,0.6485310888668152,0.580307274493,0.5733889085962609,0.5273525111087898,0.0350759198485524
TMRWI0001AD,PH063022171,2016-01-01,Y,0.641714040383065,0.5873080393596454,0.5780560710393404,0.5488253894847785,0.0348210307532639
TMRWI0001AE,PH104305043,2016-01-01,Y,0.7232728437459858,0.5905805449330933,0.5766786110770683,0.5048313976139199,0.0559690654956981
TMRWI0001AF,PH104305010,2016-01-01,Y,0.6579756742491548,0.6093355412158493,0.6095935343391138,0.5604374150592792,0.0487696413948942
TMRWI0001B0,PH072230005,2016-01-01,Y,0.6825506561022623,0.6392249818895622,0.6432814155592306,0.576802233125792,0.0285022102821148
TMRWI0001B1,PH063022170,2016-01-01,Y,0.6149827710271312,0.5774658068841244,0.5720290620872069,0.5453855875380349,0.0351156750311572
TMRWI0001B2,PH104305044,2016-01-01,Y,0.7232728437459858,0.6029578074441585,0.5968103819101112,0.5266590065528675,0.0516048283057774
TMRWI0001B3,PH063022169,2016-01-01,Y,0.647317162729692,0.6252489406333971,0.6283163045248982,0.600113354645601,0.0237509245155233
TMRWI0001B4,PH104305045,2016-01-01,Y,0.6579756742491548,0.6019558387534801,0.6031825078909533,0.560421891319288,0.0338871618584789
TMRWI0001B5,PH104305009,2016-01-01,Y,0.6579756742491548,0.6337846042941343,0.6337846042941343,0.6095935343391138,0.0342113392187063
TMRWI0001B6,PH072230006,2016-01-01,Y,0.6429525893525744,0.6011352080512873,0.5878563290768315,0.5679250825332288,0.0306598782288657
TMRWI0001B7,PH063022173,2016-01-01,Y,0.6598589868644101,0.6266208766251367,0.6367649472697219,0.5730946250966926,0.0385679413384601
TMRWI0001B8,PH104305040,2016-01-01,Y,0.6743193417651391,0.5688122994477546,0.5489831313125451,0.5084095185844355,0.049664403827529
TMRWI0001B9,PH063022174,2016-01-01,Y,0.6557195010664357,0.6273408606660462,0.629281848268324,0.5950802450611011,0.0253048224357776
TMRWI0001BA,PH072230003,2016-01-01,Y,0.7084303864954474,0.6570890291258533,0.6551424632726419,0.6184060360619842,0.0273143435561234
TMRWI0001BB,PH104305034,2016-01-01,Y,0.6095935343391138,0.5699079473851963,0.5699079473851963,0.5302223604312789,0.0561238953009668
TMRWI0001BC,PH063022179,2016-01-01,Y,0.7065617031074352,0.6044956189697915,0.6008753961164343,0.5341927466887015,0.0431113113348598
TMRWI0001BD,PH104305035,2016-01-01,Y,0.6146921938995475,0.5787363759323049,0.5850154746991965,0.5302223604312789,0.0405522162966164
TMRWI0001BE,PH104305014,2016-01-01,Y,0.6579756742491548,0.616826298990693,0.616826298990693,0.575676923732231,0.0581940045736966
TMRWI0001BF,PH072230001,2016-01-01,Y,0.6224613600568883,0.5946782900332156,0.5968105475541341,0.5679250825332288,0.0180711457817999
TMRWI0001C0,PH063022178,2016-01-01,Y,0.6394933996795715,0.6145498300391121,0.619032760340276,0.584930080485298,0.0256604404847245
TMRWI0001C1,PH104305036,2016-01-01,Y,0.6095935343391138,0.5699079473851963,0.5699079473851963,0.5302223604312789,0.0561238953009668
TMRWI0001C2,PH104305046,2016-01-01,Y,0.6941809686433958,0.5283126207511717,0.5243025997852417,0.4267174896985204,0.0577280001176137
TMRWI0001C3,PH063022177,2016-01-01,Y,0.6585095715284116,0.5953330757434221,0.5843851294167581,0.5277928247375508,0.0423535622281929
TMRWI0001C4,PH104305013,2016-01-01,Y,0.6579756742491548,0.616826298990693,0.616826298990693,0.575676923732231,0.0581940045736966
TMRWI0001C5,PH072230002,2016-01-01,Y,0.6575545511992889,0.6117716519179195,0.6118185472927458,0.5658949618868976,0.0375241247576753
TMRWI0001C6,PH063022176,2016-01-01,Y,0.6350858425649126,0.6170095522851435,0.624789506070925,0.5770409103048553,0.0229698228145424
TMRWI0001C7,PH104305038,2016-01-01,Y,0.4683742247639071,0.3430704122265774,0.3134835432876957,0.2582069705175174,0.059005736718871
TMRWI0001C8,PH063022175,2016-01-01,Y,0.6870714595210594,0.6131473030645715,0.6149827710271312,0.5453855875380349,0.0448275129352953
TMRWI0001C9,PH104305039,2016-01-01,Y,0.3545378876951954,0.2369142400013536,0.2271539921117893,0.2000245416369088,0.032304048755825
TMRWI0001CA,PH104305012,2016-01-01,Y,0.6579756742491548,0.6009208868449447,0.5926352290356725,0.5604374150592792,0.0432305167744366
TMRWI0001CB,PH104305037,2016-01-01,Y,0.6030679580892992,0.5564712562490227,0.5529103241169443,0.504446151213357,0.0357297784719727
TMRWI0001CC,PH097332077,2016-01-01,Y,0.662804493360616,0.6216247158778397,0.6150659871853206,0.5935623957801018,0.0302238619349646
TMRWI0001CD,PH063022135,2016-01-01,Y,0.6571662951396824,0.6306314604095662,0.6351722214238239,0.6004184793303802,0.0171478916643096
TMRWI0001CE,PH063022134,2016-01-01,Y,0.6602569427801585,0.6095542921260791,0.6116176726740818,0.5547248803759944,0.0489603490742919
TMRWI0001CF,PH112402028,2016-01-01,Y,0.5587761196755052,0.4469985219877297,0.4405109995962327,0.3623844386521042,0.0629257186336964
TMRWI0001D0,PH097332086,2016-01-01,Y,0.4710164899473196,0.3995298646942496,0.395032203905231,0.349126012387023,0.0502691507069445
TMRWI0001D1,PH083747018,2016-01-01,Y,0.5740741963049107,0.5123078446400015,0.4921962599855917,0.4708335143323167,0.0370983697312581
TMRWI0001D2,PH063022099,2016-01-01,Y,0.6649737863339221,0.6248137985055172,0.6189032203363267,0.5964749670154932,0.0318200450764089
TMRWI0001D3,PH112402029,2016-01-01,Y,0.4548003650862823,0.4011563701283455,0.4110728103088323,0.3361144870385779,0.0352258336122755
TMRWI0001D4,PH063022098,2016-01-01,Y,0.6351722214238239,0.6066001631771513,0.6199884639587685,0.5316266586887932,0.035714404543993
TMRWI0001D5,PH112402030,2016-01-01,Y,0.6890055408359079,0.5962760442751014,0.5914399103367398,0.5390349051704556,0.0283323838385001
TMRWI0001D6,PH097332085,2016-01-01,Y,0.6291467014728389,0.5346358026974162,0.5400598747883845,0.4310145059607956,0.058169948890742
TMRWI0001D7,PH083747019,2016-01-01,Y,0.5381959560247167,0.4763123302635289,0.4746812379354116,0.3848225093630749,0.0491405115692085
TMRWI0001D8,PH063022097,2016-01-01,Y,0.5666449368987269,0.5514743617636411,0.5514743617636411,0.5363037866285552,0.0214544331050384
TMRWI0001D9,PH112402031,2016-01-01,Y,0.6890055408359079,0.6136629764309359,0.6091745963757258,0.5535101470659787,0.0344469283851244
TMRWI0001DA,PH063022096,2016-01-01,Y,0.668074870725647,0.6271143239030186,0.6374901449022923,0.5654021350818428,0.0436245155788705
TMRWI0001DB,PH112402032,2016-01-01,Y,0.5031965077908511,0.4115943095668555,0.4127639711515818,0.3358069800536185,0.0387924002078317
TMRWI0001DC,PH097332084,2016-01-01,Y,0.5266168752151438,0.4144746841050341,0.4116514833439449,0.3220123492166585,0.0520510876801286
TMRWI0001DD,PH083747020,2016-01-01,Y,0.4513505107948063,0.4196887387346804,0.4166321771590706,0.3796245118340647,0.0302099081401624
TMRWI0001DE,PH063022100,2016-01-01,Y,0.6355128853661861,0.5897358684547283,0.580938551048668,0.5615534863553908,0.034289590098548
TMRWI0001DF,PH063022095,2016-01-01,Y,0.6649737863339221,0.6466499874752041,0.643056639100354,0.6355128853661861,0.0130561117744997
TMRWI0001E0,PH112402027,2016-01-01,Y,0.4421365836827314,0.4095868964754786,0.4149697415533596,0.3396083273601191,0.0249927336129425
TMRWI0001E1,PH083747015,2016-01-01,Y,0.5617594904963741,0.5323465788536894,0.5323465788536894,0.5029336672110046,0.0415961385539662
TMRWI0001E2,PH063022106,2016-01-01,Y,0.6870714595210594,0.6071502102635463,0.5883886184080878,0.5666449368987269,0.0478672981121005
TMRWI0001E3,PH112402021,2016-01-01,Y,0.7147223382950066,0.6409146104032774,0.6428050273441032,0.5127915455892601,0.0401307120865043
TMRWI0001E4,PH097332089,2016-01-01,Y,0.4154903452167584,0.3618027880222562,0.3626418789283252,0.3260830776428722,0.0262854201314764
TMRWI0001E5,PH083747013,2016-01-01,Y,0.5617594904963741,0.5617594904963741,0.5617594904963741,0.5617594904963741,
TMRWI0001E6,PH063022105,2016-01-01,Y,0.6238087516152083,0.5981255956971595,0.6018387833160274,0.5687292521602426,0.0277268576793707
TMRWI0001E7,PH112402022,2016-01-01,Y,0.5339654909246547,0.4771517453256176,0.4737619953273967,0.4105984290184761,0.0351308630986301
TMRWI0001E8,PH063022104,2016-01-01,Y,0.6234778539717355,0.6174993115570107,0.6174993115570107,0.6115207691422859,0.0084549357661266
TMRWI0001E9,PH112402023,2016-01-01,Y,0.6940025323309682,0.608787894621796,0.6114461536596896,0.5267301433607993,0.0401469033847516
TMRWI0001EA,PH097332088,2016-01-01,Y,0.456306858478081,0.3547826512731997,0.3410248157737668,0.322194764814907,0.0308887119987823
TMRWI0001EB,PH083747014,2016-01-01,Y,0.5617594904963741,0.5177434796076424,0.5029336672110046,0.4885372811155484,0.0387926654674574
TMRWI0001EC,PH063022103,2016-01-01,Y,0.6300276956431952,0.5965421930753498,0.5908286975742482,0.5744836815097081,0.0240617649228066
TMRWI0001ED,PH112402024,2016-01-01,Y,0.4836721088278964,0.4292755570278272,0.4276352737946224,0.400561113096972,0.0171684468483115
TMRWI0001EE,PH063022102,2016-01-01,Y,0.532980266617991,0.5315230015400771,0.5315230015400771,0.5300657364621632,0.0020608840371585
TMRWI0001EF,PH112402026,2016-01-01,Y,0.7167943085693337,0.5688071272124157,0.5666876672123204,0.4706469486659522,0.0440249525212201
TMRWI0001F0,PH097332087,2016-01-01,Y,0.6867920165868665,0.6164324101650548,0.6167162109576394,0.5549486246066382,0.0343702566268644
TMRWI0001F1,PH063022101,2016-01-01,Y,0.6022935553064674,0.5993842611609803,0.5993842611609803,0.5964749670154932,0.0041143632374805
TMRWI0001F2,PH112402033,2016-01-01,Y,0.5211189344836004,0.479137640862856,0.479454964436208,0.43454819378934,0.0269386324549544
TMRWI0001F3,PH063022094,2016-01-01,Y,0.668074870725647,0.6041101687252878,0.5938584589623728,0.5672984440741888,0.0334500298711833
TMRWI0001F4,PH112402034,2016-01-01,Y,0.4172495212258353,0.2532757206951717,0.2166841137446777,0.1651339779641669,0.0789260631591293
TMRWI0001F5,PH063022087,2016-01-01,Y,0.668074870725647,0.6183742418164344,0.6140836991408976,0.5687292521602426,0.0321051304662754
TMRWI0001F6,PH112402041,2016-01-01,Y,0.4496419006169737,0.3838898949136027,0.3837655981135823,0.3376212075108247,0.0268156596835586
TMRWI0001F7,PH063022086,2016-01-01,Y,0.632832000984198,0.5592477025031984,0.5456815656772778,0.5171606420994141,0.0364490496275126
TMRWI0001F8,PH112402042,2016-01-01,Y,0.5167598943919528,0.39339852632378,0.3655359830104584,0.327931960209171,0.0592453346821625
TMRWI0001F9,PH097332079,2016-01-01,Y,0.4608851371485803,0.3711527486073595,0.3598404795899513,0.325891281944957,0.0354888364955631
TMRWI0001FA,PH083747025,2016-01-01,Y,0.5605227581821604,0.4640358169966436,0.4550578703823245,0.3394713363534468,0.0604697284559337
TMRWI0001FB,PH063022085,2016-01-01,Y,0.5964749670154932,0.5744768628175756,0.5654021350818428,0.5615534863553908,0.0191478579867758
TMRWI0001FC,PH112402043,2016-01-01,Y,0.6797511101417267,0.6055168674743504,0.6007263379782045,0.5375383888286088,0.038437699083213
TMRWI0001FD,PH063022084,2016-01-01,Y,0.6403785662581089,0.5959501849932528,0.5883886184080878,0.5666449368987269,0.0333353053405181
TMRWI0001FE,PH112402044,2016-01-01,Y,0.4997665420343966,0.4317252273963754,0.4324949958079738,0.3569670780156097,0.0365231339132071
TMRWI0001FF,PH097332078,2016-01-01,Y,0.4107669958691147,0.3212912694423695,0.3392378574938193,0.1512293081855655,0.0677134290424189
TMRWI000200,PH083747026,2016-01-01,Y,0.4465195262235418,0.4125595687973785,0.4225285760049743,0.3394713363534468,0.0342404115673356
TMRWI000201,PH063022081,2016-01-01,Y,0.5300657364621632,0.5300657364621632,0.5300657364621632,0.5300657364621632,
TMRWI000202,PH112402045,2016-01-01,Y,0.447581928000835,0.3053666571673245,0.3009787166098858,0.2073203155782594,0.0612125505233821
TMRWI000203,PH063022080,2016-01-01,Y,0.6723948255250356,0.6723948255250356,0.6723948255250356,0.6723948255250356,
TMRWI000204,PH083747024,2016-01-01,Y,0.5605227581821604,0.4871677944417001,0.4911306742527484,0.4202931473481328,0.0365316544531488
TMRWI000205,PH097332080,2016-01-01,Y,0.5826361847149002,0.4818444566353571,0.501220125960338,0.3656961702791674,0.0655685086937119
TMRWI000206,PH112402040,2016-01-01,Y,0.6767476587563556,0.629295531707028,0.637273554905713,0.5789751841605839,0.0315283987445997
TMRWI000207,PH063022088,2016-01-01,Y,0.5654021350818428,0.5518336931369006,0.5518336931369006,0.5382652511919584,0.0191886746188092
TMRWI000208,PH097332083,2016-01-01,Y,0.4809009516344874,0.4016342605841165,0.4102433501399206,0.2941447530805738,0.0489731448052478
TMRWI000209,PH083747021,2016-01-01,Y,0.5956113750217552,0.5435497254346908,0.5530852792641474,0.4891766658135325,0.0409239001204411
TMRWI00020A,PH063022093,2016-01-01,Y,0.6149827710271312,0.5890853832061405,0.5979865871296978,0.5453855875380349,0.0324146118659036
TMRWI00020B,PH112402035,2016-01-01,Y,0.6769614347531433,0.6029620058082119,0.6045561549887616,0.5254733373554454,0.0421099819799199
TMRWI00020C,PH063022092,2016-01-01,Y,0.639008008355698,0.5886366297738282,0.5886366297738282,0.5382652511919584,0.0712358867459099
TMRWI00020D,PH112402036,2016-01-01,Y,0.6456998154601011,0.6174513266478349,0.6128135315406433,0.5991373847887622,0.0182218832572674
TMRWI00020E,PH097332082,2016-01-01,Y,0.3521000977138551,0.3308715488664528,0.3302829181489399,0.3157249035138548,0.0086426840070439
TMRWI00020F,PH112402020,2016-01-01,Y,0.6657712062485385,0.6050210821499822,0.6022942082876992,0.5284708300828914,0.0377858472275632
TMRWI000210,PH083747022,2016-01-01,Y,0.4505639134434599,0.3843430742279673,0.3808454605942842,0.3460624554183683,0.0337442290111912
TMRWI000211,PH112402037,2016-01-01,Y,0.5742300707974153,0.4898804771145827,0.4940009180473635,0.3864017146084068,0.0390586755960635
TMRWI000212,PH063022090,2016-01-01,Y,0.6115207691422859,0.5707932528022246,0.5707932528022246,0.5300657364621632,0.0575974059698866
TMRWI000213,PH112402038,2016-01-01,Y,0.2862511743214725,0.2107593920321971,0.2036038261970312,0.1651339779641669,0.0334649306425955
TMRWI000214,PH097332081,2016-01-01,Y,0.4103122968268167,0.3506769575587227,0.3443026374536597,0.323510058592778,0.0211898980100124
TMRWI000215,PH083747023,2016-01-01,Y,0.584730968755568,0.5276946203974515,0.5210785540741479,0.4870502476540888,0.0284338587071764
TMRWI000216,PH063022089,2016-01-01,Y,0.647317162729692,0.643162585542695,0.643162585542695,0.639008008355698,0.0058754594037769
TMRWI000217,PH112402039,2016-01-01,Y,0.4125192374220119,0.3641665347815657,0.3634442026016604,0.3231322174345024,0.0273551338790468
TMRWI000218,PH063022091,2016-01-01,Y,0.5453855875380349,0.540844687083295,0.540844687083295,0.5363037866285552,0.0064218030084792
TMRWI000219,PH104305073,2016-01-01,Y,0.5302223604312789,0.5302223604312789,0.5302223604312789,0.5302223604312789,
TMRWI00021A,PH063022107,2016-01-01,Y,0.6193302446239861,0.5841412886291927,0.600113354645601,0.532980266617991,0.0453366280730419
TMRWI00021B,PH097332090,2016-01-01,Y,0.3666986480612172,0.3410249417852158,0.3403840522761035,0.319949590211823,0.0158138256820149
TMRWI00021C,PH097332099,2016-01-01,Y,0.6222443387957792,0.6029146708255985,0.599561963185531,0.5913232102102846,0.0118175195455115
TMRWI00021D,PH072230023,2016-01-01,Y,0.6750873624772267,0.617960474685291,0.6164890142231463,0.5577384196043393,0.0371535062617296
TMRWI00021E,PH063022126,2016-01-01,Y,0.6193302446239861,0.6117974164923976,0.6117974164923976,0.6042645883608091,0.010653027706718
TMRWI00021F,PH104305081,2016-01-01,Y,0.5797025169344451,0.5797025169344451,0.5797025169344451,0.5797025169344451,
TMRWI000220,PH063022125,2016-01-01,Y,0.6042645883608091,0.6042645883608091,0.6042645883608091,0.6042645883608091,
TMRWI000221,PH112402001,2016-01-01,Y,0.5533908043706104,0.457232910203689,0.4500976424419429,0.392302064807056,0.0362361013128659
TMRWI000222,PH097332098,2016-01-01,Y,0.4843173837311443,0.4091925777982025,0.407729630327881,0.3497247455579246,0.0376842706947891
TMRWI000223,PH072230024,2016-01-01,Y,0.7025754626142492,0.6696054102601074,0.6820104747638631,0.6004703443337361,0.0404337629045325
TMRWI000224,PH063022124,2016-01-01,Y,0.602151943130533,0.5850156124999668,0.5851824281330031,0.5666449368987269,0.014803989557409
TMRWI000225,PH112402002,2016-01-01,Y,0.5957324469302154,0.580572701988157,0.5856990441377204,0.5551602727469716,0.0183093316950454
TMRWI000226,PH063022123,2016-01-01,Y,0.6193302446239861,0.5746979905430747,0.5746979905430747,0.5300657364621632,0.0631195390405068
TMRWI000227,PH112402003,2016-01-01,Y,0.5587761196755052,0.5272993240316335,0.5289810848361615,0.4860139986108867,0.0196800354924683
TMRWI000228,PH097332097,2016-01-01,Y,0.5082265704499946,0.3784920560255317,0.3877412392868,0.1651339779641669,0.0621053673133999
TMRWI000229,PH072230025,2016-01-01,Y,0.6750873624772267,0.644272766658188,0.6514928628041984,0.576802233125792,0.0306280697151322
TMRWI00022A,PH063022122,2016-01-01,Y,0.600113354645601,0.566546810631796,0.566546810631796,0.532980266617991,0.0474702617863164
TMRWI00022B,PH104305080,2016-01-01,Y,0.5928599410528688,0.586281228993657,0.586281228993657,0.5797025169344451,0.0093037038170847
TMRWI00022C,PH112402004,2016-01-01,Y,0.4603778783312663,0.3927671785968899,0.3889844501860707,0.3473341814137189,0.0271907132252592
TMRWI00022D,PH063022127,2016-01-01,Y,0.6522318308116156,0.6363182409648255,0.637004186353705,0.619032760340276,0.0136146094562208
TMRWI00022E,PH063022128,2016-01-01,Y,0.6394933996795715,0.6322585490166764,0.6382494870301818,0.619032760340276,0.0114707429687195
TMRWI00022F,PH104305074,2016-01-01,Y,0.6095935343391138,0.6095935343391138,0.6095935343391138,0.6095935343391138,
TMRWI000230,PH097332102,2016-01-01,Y,0.5495699091716862,0.4812345852872021,0.4894476406171894,0.4236095775176994,0.0382338216360339
TMRWI000231,PH072230020,2016-01-01,Y,0.6375196498822621,0.5892644016593525,0.588961435738804,0.5537053785669076,0.0236154689382319
TMRWI000232,PH063022133,2016-01-01,Y,0.5654021350818428,0.5518336931369006,0.5518336931369006,0.5382652511919584,0.0191886746188092
TMRWI000233,PH104305075,2016-01-01,Y,0.575676923732231,0.575676923732231,0.575676923732231,0.575676923732231,
TMRWI000234,PH063022132,2016-01-01,Y,0.647317162729692,0.5893926722238348,0.5886366297738282,0.532980266617991,0.062218166873912
TMRWI000235,PH104305076,2016-01-01,Y,0.6112955274383004,0.581346997051448,0.575676923732231,0.5570685399838124,0.0275545611592939
TMRWI000236,PH097332101,2016-01-01,Y,0.6867920165868665,0.5840745551450879,0.5599807764888156,0.4988946097774642,0.0637934483362718
TMRWI000237,PH072230021,2016-01-01,Y,0.6667885016598823,0.6185226118594799,0.6201988581297982,0.5577384196043393,0.0316476555762254
TMRWI000238,PH063022131,2016-01-01,Y,0.5654021350818428,0.5486931036754721,0.545264379130177,0.532980266617991,0.0142475496229476
TMRWI000239,PH104305077,2016-01-01,Y,0.6095935343391138,0.5819026243768747,0.575676923732231,0.5604374150592792,0.025162482529569
TMRWI00023A,PH063022129,2016-01-01,Y,0.6723948255250356,0.6640571632957357,0.6640571632957357,0.6557195010664357,0.0117912350031619
TMRWI00023B,PH104305078,2016-01-01,Y,0.6265189332772754,0.6022108716114896,0.6022108716114896,0.5779028099457036,0.0343767904827558
TMRWI00023C,PH097332100,2016-01-01,Y,0.3930935541403563,0.3110323484899224,0.3303914630848393,0.2312834573571642,0.0396921138316541
TMRWI00023D,PH072230022,2016-01-01,Y,0.6867286908840796,0.624952087862035,0.6211660985859597,0.5748000829701742,0.0370051305833716
TMRWI00023E,PH104305079,2016-01-01,Y,0.6265189332772754,0.5947080867191413,0.5797025169344451,0.5779028099457036,0.0275636936089884
TMRWI00023F,PH063022121,2016-01-01,Y,0.6238087516152083,0.6039324926127189,0.6115959833377123,0.5687292521602426,0.0254440424919689
TMRWI000240,PH112402005,2016-01-01,Y,0.6548052344729614,0.6092983747506265,0.6094607762673133,0.5495027592334532,0.0275829495631509
TMRWI000241,PH097332096,2016-01-01,Y,0.3796609326961352,0.300733039776765,0.3306866117291907,0.1859400068021637,0.0562326369533946
TMRWI000242,PH112402014,2016-01-01,Y,0.6415891240329792,0.537390173379679,0.5351690171138878,0.4366547578521049,0.0481957036468196
TMRWI000243,PH063022113,2016-01-01,Y,0.647317162729692,0.5934702613310946,0.600113354645601,0.532980266617991,0.0574571968486402
TMRWI000244,PH112402015,2016-01-01,Y,0.5610320041959742,0.4632220958895826,0.4629318266506357,0.3843139519088876,0.0466703073566372
TMRWI000245,PH097332092,2016-01-01,Y,0.6443510469439637,0.56677612640977,0.5570467760773876,0.4926350287186934,0.0450403218201599
TMRWI000246,PH083747010,2016-01-01,Y,0.6393888566631902,0.5649348528550769,0.5603754777846113,0.5029336672110046,0.0446214270090159
TMRWI000247,PH063022112,2016-01-01,Y,0.5966150728278629,0.5854270608235247,0.5851824281330031,0.5744836815097081,0.0110677235366754
TMRWI000248,PH112402016,2016-01-01,Y,0.5061402262211153,0.4670362442369459,0.4668346199725296,0.4194687491058345,0.0193703386700059
TMRWI000249,PH063022110,2016-01-01,Y,0.6588629282475273,0.6424222622739146,0.6414791902588567,0.6242914727167801,0.0125267381011905
TMRWI00024A,PH112402017,2016-01-01,Y,0.5490767481816792,0.4922014799717787,0.4954811237073909,0.444197752188546,0.0290173050373697
TMRWI00024B,PH097332091,2016-01-01,Y,0.3908033838602003,0.2612659261817437,0.2524562104849566,0.1621569339946342,0.0641846928244734
TMRWI00024C,PH083747011,2016-01-01,Y,0.5617594904963741,0.5617594904963741,0.5617594904963741,0.5617594904963741,
TMRWI00024D,PH063022109,2016-01-01,Y,0.6042326377129927,0.6042326377129927,0.6042326377129927,0.6042326377129927,
TMRWI00024E,PH112402018,2016-01-01,Y,0.5447716061937554,0.5129046660504606,0.5192241356219641,0.444583337348967,0.0228660072444598
TMRWI00024F,PH063022108,2016-01-01,Y,0.5453855875380349,0.5453855875380349,0.5453855875380349,0.5453855875380349,
TMRWI000250,PH112402019,2016-01-01,Y,0.5743204553688487,0.5107643177642357,0.509424370346929,0.4460025194246286,0.0359922012434232
TMRWI000251,PH063022114,2016-01-01,Y,0.6374197185419671,0.5915074317266555,0.5901313365970522,0.545264379130177,0.0312099699961922
TMRWI000252,PH083747008,2016-01-01,Y,0.6883744307836805,0.6118292308591384,0.6076401974807033,0.5436620976914667,0.0621575610810667
TMRWI000253,PH097332093,2016-01-01,Y,0.4888671964624189,0.4488969496279483,0.4552326483074605,0.3884011405201235,0.029383554999927
TMRWI000254,PH112402013,2016-01-01,Y,0.5014939700455635,0.4160475905387362,0.4110658409861345,0.3473341814137189,0.0361323822416868
TMRWI000255,PH072230026,2016-01-01,Y,0.6881458953650924,0.6222607994495515,0.617753867810843,0.5488817035265562,0.0415386557897007
TMRWI000256,PH063022120,2016-01-01,Y,0.6848234664805618,0.6516355663304056,0.6418230216996137,0.6368468117269204,0.0198526085811307
TMRWI000257,PH112402006,2016-01-01,Y,0.667066974265815,0.5799688183007579,0.571804854726241,0.5232840036190973,0.0339527093923506
TMRWI000258,PH063022119,2016-01-01,Y,0.6723948255250356,0.6461803672980032,0.6437685687980261,0.624789506070925,0.0236234587877104
TMRWI000259,PH112402007,2016-01-01,Y,0.5465216176398551,0.4541833762211376,0.4556485143009371,0.3184676099722363,0.0506174341213859
TMRWI00025A,PH097332095,2016-01-01,Y,0.2355979793988817,0.2063554280173626,0.2017190703030701,0.1859400068021637,0.0185501023758888
TMRWI00025B,PH072230027,2016-01-01,Y,0.63521790217149,0.594390090352162,0.5907695007383107,0.5630366087469162,0.0212865663376051
TMRWI00025C,PH083747012,2016-01-01,Y,0.5617594904963741,0.5617594904963741,0.5617594904963741,0.5617594904963741,
TMRWI00025D,PH063022118,2016-01-01,Y,0.6414791902588567,0.640866204254172,0.640866204254172,0.6402532182494873,0.00086689312137
TMRWI00025E,PH063022117,2016-01-01,Y,0.6606773101073585,0.6169038407178059,0.6332633546796492,0.5488253894847785,0.0449575492662613
TMRWI00025F,PH112402010,2016-01-01,Y,0.6797511101417267,0.5982892033125425,0.592393887270776,0.5366183668967561,0.0433381801963844
TMRWI000260,PH097332094,2016-01-01,Y,0.6746038161960354,0.6198230326983457,0.62557261170551,0.5457431360093552,0.0357635257810993
TMRWI000261,PH083747006,2016-01-01,Y,0.6393888566631902,0.5768330139222383,0.5603754777846113,0.5471922434565404,0.0421795397029023
TMRWI000262,PH063022116,2016-01-01,Y,0.6193302446239861,0.5706224005874353,0.566546810631796,0.5300657364621632,0.0458400977918297
TMRWI000263,PH112402012,2016-01-01,Y,0.5902262049577679,0.5502312213724666,0.5467277559273269,0.5131276085465951,0.0248138564596274
TMRWI000264,PH063022115,2016-01-01,Y,0.6551911320653606,0.6051805016337253,0.6092252437534249,0.5488253894847785,0.0375794913579697
TMRWI000265,PH112402009,2016-01-01,Y,0.5480954846491649,0.5076727754043987,0.5081381519159998,0.4547669791654851,0.0271364905258148
TMRWI000266,PH050506043,2016-01-01,Y,0.6458768594164038,0.6116373354289294,0.5993536772233936,0.5896814696469908,0.0300440784850673
TMRWI000267,PH083747054,2016-01-01,Y,0.5331617225086427,0.5108495018120955,0.5108495018120955,0.4885372811155484,0.0315542451157185
TMRWI000268,PH137401007,2016-01-01,Y,0.7388806119484963,0.717281140310986,0.717281140310986,0.6956816686734756,0.0305462657298601
TMRWI000269,PH097332013,2016-01-01,Y,0.4267471656351527,0.2489547932089985,0.2422104370505549,0.1651339779641669,0.0565542998903937
TMRWI00026A,PH137401027,2016-01-01,Y,0.764855900063484,0.7003061000924966,0.6980709100536063,0.6623279072759274,0.0282706791186368
TMRWI00026B,PH112402185,2016-01-01,Y,0.6148076998108586,0.5997565883833513,0.6023728155344896,0.5794730226535671,0.0157038983836465
TMRWI00026C,PH050506018,2016-01-01,Y,0.6260368092431641,0.6058765669528169,0.6131871500191771,0.5784057415961095,0.0246427092641452
TMRWI00026D,PH015518025,2016-01-01,Y,0.7290515294212448,0.6709946097686866,0.6582532162798607,0.6324804310973344,0.0417436253918399
TMRWI00026E,PH137503001,2016-01-01,Y,0.72039161820646,0.6989976690059261,0.6989976690059261,0.6776037198053921,0.0302556131121161
TMRWI00026F,PH083747141,2016-01-01,Y,0.5683633055033559,0.5284502933094521,0.5284502933094521,0.4885372811155484,0.0564455231597813
TMRWI000270,PH112402184,2016-01-01,Y,0.4330494699583258,0.3685354732216127,0.3679733315967188,0.2342747107568865,0.0426238577004699
TMRWI000271,PH083747117,2016-01-01,Y,0.6582592899711418,0.6217963796650676,0.6290007122507322,0.5562681389281865,0.0347486979870119
TMRWI000272,PH083747095,2016-01-01,Y,0.6149630997343926,0.6107274211421918,0.6107274211421918,0.6064917425499909,0.0059901541109437
TMRWI000273,PH083747105,2016-01-01,Y,0.6883744307836805,0.6141239520321002,0.6095916323909982,0.5644148278150298,0.0367497625866485
TMRWI000274,PH083747094,2016-01-01,Y,0.6589503029332343,0.6368605816494226,0.6467323119336184,0.5950273997972195,0.0286437874268073
TMRWI000275,PH097332014,2016-01-01,Y,0.2549760743242142,0.2137832538562923,0.2104873721047249,0.1831561048616098,0.023346898370935
TMRWI000276,PH137503002,2016-01-01,Y,0.6776037198053921,0.6460791055911593,0.6740344429961297,0.586599153971956,0.0515420548455565
TMRWI000277,PH112402183,2016-01-01,Y,0.4125155921683598,0.3180297300706112,0.3504800892075693,0.1651339779641669,0.0746988549439431
TMRWI000278,PH050506020,2016-01-01,Y,0.5784057415961095,0.5784057415961095,0.5784057415961095,0.5784057415961095,
TMRWI000279,PH015518023,2016-01-01,Y,0.7290515294212448,0.6488075110691919,0.6545640756649567,0.5542225967214245,0.0696229264759353
TMRWI00027A,PH137503003,2016-01-01,Y,0.6740344429961297,0.6303167984840429,0.6303167984840429,0.586599153971956,0.0618260857839988
TMRWI00027B,PH083747140,2016-01-01,Y,0.5683633055033559,0.5284502933094521,0.5284502933094521,0.4885372811155484,0.0564455231597813
TMRWI00027C,PH083747118,2016-01-01,Y,0.6172123423888314,0.6172123423888314,0.6172123423888314,0.6172123423888314,
TMRWI00027D,PH015518024,2016-01-01,Y,0.6820332955147995,0.6448052560792924,0.6345436373324518,0.6003844024544144,0.0335527401610985
TMRWI00027E,PH112402182,2016-01-01,Y,0.6273536757267963,0.5990603200272264,0.6110909239075658,0.5551602727469716,0.0288942340111525
TMRWI00027F,PH015518026,2016-01-01,Y,0.6439643154365904,0.6402672592568289,0.6402672592568289,0.6365702030770675,0.0052284269902739
TMRWI000280,PH083747116,2016-01-01,Y,0.6526778919625122,0.6143725301568341,0.6209665386519033,0.5628791513610176,0.044959900570265
TMRWI000281,PH015518030,2016-01-01,Y,0.6487847784161709,0.5984207139958003,0.6028327577203947,0.5466968198573988,0.0389022090888054
TMRWI000282,PH137401023,2016-01-01,Y,0.764855900063484,0.7243405419449993,0.7133902297341751,0.7057258082481629,0.0276460533760629
TMRWI000283,PH112402189,2016-01-01,Y,0.4084822602295037,0.3082830659417153,0.3068911084096826,0.2233996645582588,0.0579592810827237
TMRWI000284,PH050506013,2016-01-01,Y,0.6949738489722423,0.6488019291987132,0.6426442780847554,0.6087876605391417,0.0434217948683308
TMRWI000285,PH015518029,2016-01-01,Y,0.6005266051176941,0.5676788203670027,0.5784241573718931,0.5190001641482727,0.0306889898080427
TMRWI000286,PH137401024,2016-01-01,Y,0.7388806119484963,0.7151700789002058,0.7130590174894258,0.6956816686734756,0.0226970468047535
TMRWI000287,PH112402188,2016-01-01,Y,0.4129321016897678,0.3439458212944949,0.3632065771204095,0.2460746792842051,0.050454552571134
TMRWI000288,PH083747143,2016-01-01,Y,0.6003555754087723,0.5843594404560641,0.5843594404560641,0.5683633055033559,0.0226219509956701
TMRWI000289,PH050506015,2016-01-01,Y,0.6260368092431641,0.6025567869799101,0.6062232902051349,0.5784057415961095,0.0190177279416068
TMRWI00028A,PH050506017,2016-01-01,Y,0.6949738489722423,0.6241013681476394,0.6109874052791594,0.588930943835965,0.0374265923681741
TMRWI00028B,PH083747115,2016-01-01,Y,0.6526778919625122,0.6012717559777293,0.603848265701292,0.5562681389281865,0.0380331709797693
TMRWI00028C,PH083747096,2016-01-01,Y,0.6149630997343926,0.601607839269294,0.6064917425499909,0.5833686755234985,0.016353632432762
TMRWI00028D,PH097332012,2016-01-01,Y,0.3381654809995547,0.1924403633597316,0.1859400068021637,0.1542486223580843,0.0330732960034791
TMRWI00028E,PH137401025,2016-01-01,Y,0.7388806119484963,0.6866435545841154,0.6751249632131291,0.6558766064401803,0.0326263522332444
TMRWI00028F,PH112402187,2016-01-01,Y,0.6148076998108586,0.5901329797797408,0.5952819732805665,0.5551602727469716,0.0281945748552852
TMRWI000290,PH050506016,2016-01-01,Y,0.6929742425398043,0.6524417687679421,0.6458768594164038,0.6184742043476181,0.0376813939332761
TMRWI000291,PH015518027,2016-01-01,Y,0.6069726196879023,0.5558794393781421,0.5455249083933382,0.5227485675388066,0.0290040708066657
TMRWI000292,PH137401026,2016-01-01,Y,0.6958171044602409,0.6878672397019954,0.6926596514326161,0.6751249632131291,0.011147492318654
TMRWI000293,PH112402186,2016-01-01,Y,0.6414832281273631,0.6203369917523469,0.6246964493582456,0.5907178330223573,0.0183885085613763
TMRWI000294,PH083747142,2016-01-01,Y,0.5683633055033559,0.5683633055033559,0.5683633055033559,0.5683633055033559,
TMRWI000295,PH015518028,2016-01-01,Y,0.6069726196879023,0.5515358804152668,0.5477812152059681,0.5227485675388066,0.0243620789523315
TMRWI000296,PH097332011,2016-01-01,Y,0.4345585980413222,0.3158152501955804,0.2925253155155138,0.2286237517863703,0.0665531915940424
TMRWI000297,PH050506021,2016-01-01,Y,0.6449933072236914,0.6107023722610282,0.609705220112156,0.5784057415961095,0.0273567594906669
TMRWI000298,PH083747093,2016-01-01,Y,0.6589503029332343,0.6511182734384241,0.651448888290054,0.6429556290919841,0.0080024607126234
TMRWI000299,PH097332017,2016-01-01,Y,0.3963917304941601,0.3264601671449244,0.3245350754606109,0.2868338809737689,0.0307263766257855
TMRWI00029A,PH137503008,2016-01-01,Y,0.6740344429961297,0.6224027243314627,0.6144886501788825,0.586599153971956,0.0396397237518384
TMRWI00029B,PH112402177,2016-01-01,Y,0.4818484796723946,0.3046698855913524,0.2896647670971377,0.2491683382630779,0.050987149279348
TMRWI00029C,PH050506026,2016-01-01,Y,0.6449933072236914,0.6373878234336565,0.6373878234336565,0.6297823396436216,0.010755778324276
TMRWI00029D,PH015518017,2016-01-01,Y,0.7421917988784318,0.6220043726458508,0.6247047135957162,0.5384840198534587,0.0549657378955054
TMRWI00029E,PH137503009,2016-01-01,Y,0.7027039771635245,0.6477859402408805,0.6510867242648184,0.5840042637779144,0.0405227050989404
TMRWI00029F,PH083747137,2016-01-01,Y,0.5793433942305034,0.5507570042526827,0.5603754777846113,0.5029336672110046,0.0331316279221101
TMRWI0002A0,PH083747121,2016-01-01,Y,0.6640004695783458,0.5813408672167296,0.5673906984135662,0.5149525993655527,0.0432086539512934
TMRWI0002A1,PH112402176,2016-01-01,Y,0.6412783354757684,0.5992997070593519,0.5994703109115334,0.5495027592334532,0.0220059828536899
TMRWI0002A2,PH083747091,2016-01-01,Y,0.6692467229917501,0.6561011760418671,0.6561011760418671,0.6429556290919841,0.0185906107813368
TMRWI0002A3,PH050506027,2016-01-01,Y,0.6940612042030254,0.6628466276267129,0.6694255509781041,0.6184742043476181,0.0371434514280367
TMRWI0002A4,PH137503010,2016-01-01,Y,0.72039161820646,0.6770510800704892,0.6776037198053921,0.6273214492289491,0.0390566956398365
TMRWI0002A5,PH083747090,2016-01-01,Y,0.6692467229917501,0.6348011492002612,0.6348011492002612,0.6003555754087723,0.0487133976196468
TMRWI0002A6,PH097332018,2016-01-01,Y,0.3703612674913816,0.1897323246343851,0.1795415243357049,0.1523140305145904,0.0419582569762615
TMRWI0002A7,PH112402175,2016-01-01,Y,0.455066996639942,0.4159727048224136,0.4196010922210461,0.3728877764341647,0.0227023963720134
TMRWI0002A8,PH050506028,2016-01-01,Y,0.6449933072236914,0.6256082987144131,0.6256082987144131,0.6062232902051349,0.0274145419405391
TMRWI0002A9,PH015518015,2016-01-01,Y,0.7033543188456115,0.6635732204499954,0.6610067820323048,0.6365702030770675,0.0245664423711506
TMRWI0002AA,PH137503011,2016-01-01,Y,0.7027039771635245,0.6770324336945369,0.6851961106609022,0.6431972132591842,0.0305818239122537
TMRWI0002AB,PH083747136,2016-01-01,Y,0.6698279908495813,0.615621999065797,0.6156852794391952,0.5646091810954599,0.0311075813485009
TMRWI0002AC,PH083747122,2016-01-01,Y,0.6582592899711418,0.5953838346423216,0.5839587572288434,0.5604619195334516,0.0364982210631745
TMRWI0002AD,PH015518016,2016-01-01,Y,0.567979506525769,0.5521470312128651,0.5482769518575752,0.5319364268748241,0.0120867823486472
TMRWI0002AE,PH015518022,2016-01-01,Y,0.6820332955147995,0.6015988920086027,0.6021331755630908,0.5482769518575752,0.0410634181538565
TMRWI0002AF,PH050506025,2016-01-01,Y,0.6449933072236914,0.6176856160901808,0.6236717077704612,0.5784057415961095,0.0284895581239935
TMRWI0002B0,PH112402178,2016-01-01,Y,0.43534882130876,0.3943141999309543,0.3949068030276125,0.3530964188889824,0.0246461295339204
TMRWI0002B1,PH097332015,2016-01-01,Y,0.4999476300298514,0.3956635328147428,0.4000170032229844,0.309901522456671,0.0509521477219426
TMRWI0002B2,PH137503004,2016-01-01,Y,0.6841190641428914,0.6472238107944118,0.6589762352704525,0.586599153971956,0.0390946782886748
TMRWI0002B3,PH112402181,2016-01-01,Y,0.6321849115065286,0.5822529874507143,0.5938287562760446,0.5127915455892601,0.0442127334146918
TMRWI0002B4,PH050506022,2016-01-01,Y,0.6449933072236914,0.6116995244099004,0.6116995244099004,0.5784057415961095,0.0470845191979675
TMRWI0002B5,PH015518021,2016-01-01,Y,0.6820332955147995,0.6325228318711582,0.6433555992004021,0.5466968198573988,0.0491035462273161
TMRWI0002B6,PH137503005,2016-01-01,Y,0.7094050498396595,0.6541583277326006,0.6475844908029014,0.6120592794849403,0.0405312837519604
TMRWI0002B7,PH112402180,2016-01-01,Y,0.5059700708052002,0.4282628706926306,0.4253087938439581,0.3614128768027557,0.029811690444562
TMRWI0002B8,PH083747139,2016-01-01,Y,0.6064917425499909,0.5556108542554603,0.556509003630423,0.5029336672110046,0.0463880560946293
TMRWI0002B9,PH083747119,2016-01-01,Y,0.6172123423888314,0.5923015204011988,0.5923015204011988,0.5673906984135662,0.0352292223047719
TMRWI0002BA,PH015518018,2016-01-01,Y,0.7421917988784318,0.6765484416073277,0.679617278956352,0.6247047135957162,0.0380966671668246
TMRWI0002BB,PH050506023,2016-01-01,Y,0.6449933072236914,0.6373878234336565,0.6373878234336565,0.6297823396436216,0.010755778324276
TMRWI0002BC,PH137503006,2016-01-01,Y,0.6776037198053921,0.6776037198053921,0.6776037198053921,0.6776037198053921,
TMRWI0002BD,PH083747092,2016-01-01,Y,0.6692467229917501,0.6533333482346038,0.6505655204273404,0.6429556290919841,0.0111991172658753
TMRWI0002BE,PH097332016,2016-01-01,Y,0.6569805787328475,0.5553436130060082,0.560113331390785,0.4655909589670015,0.0544114036717208
TMRWI0002BF,PH112402179,2016-01-01,Y,0.6273536757267963,0.6107258406232648,0.6110909239075658,0.585671913747872,0.0168405665093434
TMRWI0002C0,PH050506024,2016-01-01,Y,0.6297823396436216,0.6085830523790107,0.6175610758973008,0.5784057415961095,0.0268391949665993
TMRWI0002C1,PH015518019,2016-01-01,Y,0.622058719216291,0.5705905395377309,0.5631167295255597,0.5180706536534337,0.0347996190002364
TMRWI0002C2,PH137503007,2016-01-01,Y,0.6776037198053921,0.6321014368886742,0.6321014368886742,0.586599153971956,0.0643499456197602
TMRWI0002C3,PH083747138,2016-01-01,Y,0.6690320965987415,0.6690320965987415,0.6690320965987415,0.6690320965987415,
TMRWI0002C4,PH083747120,2016-01-01,Y,0.6582592899711418,0.6125021175977817,0.6076121813477002,0.5673906984135662,0.0331633196833215
TMRWI0002C5,PH015518020,2016-01-01,Y,0.6595016871154462,0.5977246515733273,0.5802811678988931,0.5604677614332468,0.0383789557923345
TMRWI0002C6,PH112402174,2016-01-01,Y,0.581580835869399,0.5234769094329911,0.5228315663022901,0.4738596179767833,0.0251740925889252
TMRWI0002C7,PH083747097,2016-01-01,Y,0.6149630997343926,0.5983490210263736,0.5975321544238017,0.5833686755234985,0.0148584582373863
TMRWI0002C8,PH050506012,2016-01-01,Y,0.7012541259721171,0.6697096348611237,0.6949738489722423,0.6087876605391417,0.0419805390578621
TMRWI0002C9,PH034919012,2016-01-01,Y,0.5267274735922001,0.4543052846031599,0.4539184423095925,0.3980644774865978,0.0383230538657982
TMRWI0002CA,PH137401002,2016-01-01,Y,0.6956816686734756,0.6956816686734756,0.6956816686734756,0.6956816686734756,
TMRWI0002CB,PH034919022,2016-01-01,Y,0.3948503841157979,0.3790583068141123,0.3749399560547297,0.3666504146708558,0.0110125485187251
TMRWI0002CC,PH137401011,2016-01-01,Y,0.7057258082481629,0.6866221475533466,0.6866221475533466,0.6675184868585303,0.027016656045583
TMRWI0002CD,PH034919011,2016-01-01,Y,0.4784963651988547,0.4379268713039747,0.4357420157033089,0.3981934637094242,0.0262486880905718
TMRWI0002CE,PH137401012,2016-01-01,Y,0.6956816686734756,0.6956816686734756,0.6956816686734756,0.6956816686734756,
TMRWI0002CF,PH137401001,2016-01-01,Y,0.764855900063484,0.7076562628532163,0.707685338292872,0.6558766064401803,0.0372661501298922
TMRWI0002D0,PH050506001,2016-01-01,Y,0.5862971742715086,0.5434010867350421,0.5346087950461352,0.5086734252568005,0.0344107797380225
TMRWI0002D1,PH083747150,2016-01-01,Y,0.6678324273888903,0.625504832941375,0.6344489521623543,0.5562681389281865,0.0375019374279398
TMRWI0002D2,PH083747107,2016-01-01,Y,0.6589503029332343,0.6551995956116441,0.6551995956116441,0.651448888290054,0.0053043011626848
TMRWI0002D3,PH083747108,2016-01-01,Y,0.6589503029332343,0.6333447029866752,0.6419721599998569,0.5904841890137527,0.0306656876320932
TMRWI0002D4,PH097332001,2016-01-01,Y,0.5263469180368737,0.4554174088771652,0.4329807543391547,0.4032189421488937,0.0484747862036183
TMRWI0002D5,PH034919010,2016-01-01,Y,0.5684425880017917,0.4271545772949063,0.3961965433588272,0.3395034519099786,0.0870905922905293
TMRWI0002D6,PH112402901,2016-01-01,Y,0.4368186912865039,0.3559093239771337,0.3656645845390949,0.1735065355566395,0.0623818783351301
TMRWI0002D7,PH050506002,2016-01-01,Y,0.4240340732393761,0.364122902385538,0.3531508136781921,0.3409304173296318,0.0274024306366135
TMRWI0002D8,PH137401013,2016-01-01,Y,0.7329108977235144,0.6860750583714833,0.6822847448012087,0.6615028213934722,0.0241572300235139
TMRWI0002D9,PH034919008,2016-01-01,Y,0.484999960385217,0.4425012741543104,0.4413094759941189,0.4031549539695567,0.0273608491990439
TMRWI0002DA,PH137401014,2016-01-01,Y,0.7065413978544848,0.6780070942830616,0.6808330873795851,0.6438208045185916,0.0262300509920014
TMRWI0002DB,PH112402198,2016-01-01,Y,0.6789003156876808,0.6307536295955631,0.6298038949732896,0.579674923822229,0.0235402624306219
TMRWI0002DC,PH050506003,2016-01-01,Y,0.5501716237104505,0.5111064256405423,0.5118500894705089,0.4822325857772919,0.0205804765374841
TMRWI0002DD,PH083747102,2016-01-01,Y,0.6483952228091695,0.6059867773711777,0.599715372420368,0.5644148278150298,0.0275705820595995
TMRWI0002DE,PH083747149,2016-01-01,Y,0.6506220460794282,0.6282264618771185,0.6230383573050696,0.5950273997972195,0.023274146996722
TMRWI0002DF,PH083747151,2016-01-01,Y,0.6526778919625122,0.6237569677294469,0.6281088222120758,0.5904841890137527,0.0313244018250647
TMRWI0002E0,PH083747103,2016-01-01,Y,0.6483952228091695,0.625692133269004,0.6289658045774744,0.599715372420368,0.0245044822705143
TMRWI0002E1,PH137401006,2016-01-01,Y,0.7329108977235144,0.7018851063150265,0.699341959442781,0.6759456086510299,0.0241664801636408
TMRWI0002E2,PH034919017,2016-01-01,Y,0.484999960385217,0.4159181277014943,0.4124029988148069,0.3502169588373005,0.0360128785495361
TMRWI0002E3,PH034919016,2016-01-01,Y,0.5541041348467495,0.3932198180610397,0.3786029267722179,0.3144103813758318,0.0571107283306266
TMRWI0002E4,PH112402162,2016-01-01,Y,0.5412738640549122,0.5332983507379849,0.5332983507379849,0.5253228374210576,0.0112790790996857
TMRWI0002E5,PH034919015,2016-01-01,Y,0.5684425880017917,0.5039690044784592,0.5014260604591051,0.4575519549528917,0.0345417898961319
TMRWI0002E6,PH137401005,2016-01-01,Y,0.7329108977235144,0.6863035247482757,0.6754001899380582,0.6615028213934722,0.031757846724121
TMRWI0002E7,PH137401008,2016-01-01,Y,0.6748547712250865,0.6681787963092793,0.6681787963092793,0.6615028213934722,0.009441254267997
TMRWI0002E8,PH034919018,2016-01-01,Y,0.3503286604386559,0.2568510366717927,0.2534926580418044,0.2109974851526615,0.0478931470038022
TMRWI0002E9,PH083747104,2016-01-01,Y,0.6483952228091695,0.638680513693322,0.638680513693322,0.6289658045774744,0.013738673386141
TMRWI0002EA,PH083747155,2016-01-01,Y,0.5978234520149505,0.5583902743278601,0.5576886151064397,0.5137416488158899,0.0287137479820112
TMRWI0002EB,PH083747154,2016-01-01,Y,0.5331617225086427,0.5180476948598236,0.5180476948598236,0.5029336672110046,0.0213744628830418
TMRWI0002EC,PH083747106,2016-01-01,Y,0.6589503029332343,0.6244261141947686,0.651448888290054,0.5628791513610176,0.0534330354832716
TMRWI0002ED,PH034919014,2016-01-01,Y,0.5267274735922001,0.4116902338031349,0.3923012966981888,0.3243322646063969,0.0628444423250521
TMRWI0002EE,PH137401009,2016-01-01,Y,0.6956816686734756,0.6956816686734756,0.6956816686734756,0.6956816686734756,
TMRWI0002EF,PH137401004,2016-01-01,Y,0.7065413978544848,0.6950750434772011,0.6921425210310772,0.6865412115460411,0.0103175398722699
TMRWI0002F0,PH034919020,2016-01-01,Y,0.5684425880017917,0.4011153002003172,0.3958028484887413,0.3243322646063969,0.0692665852103054
TMRWI0002F1,PH034919013,2016-01-01,Y,0.5267274735922001,0.4500004067235484,0.4580319862570249,0.3502169588373005,0.0459906926376635
TMRWI0002F2,PH137401010,2016-01-01,Y,0.7388806119484963,0.7006935891601674,0.6956816686734756,0.6675184868585303,0.0359440917893703
TMRWI0002F3,PH137401003,2016-01-01,Y,0.7065413978544848,0.6822614837375487,0.6893418662885591,0.6438208045185916,0.0269762303794249
TMRWI0002F4,PH034919021,2016-01-01,Y,0.5004134920203772,0.413090621959757,0.3894361927169621,0.3417153611148088,0.0523261003824402
TMRWI0002F5,PH083747152,2016-01-01,Y,0.6690320965987415,0.6153746330828292,0.611635082349532,0.5657469046718883,0.0401391261266831
TMRWI0002F6,PH083747114,2016-01-01,Y,0.6678324273888903,0.6333159634206696,0.6346901967675458,0.5960510327586968,0.0391462068466577
TMRWI0002F7,PH083747109,2016-01-01,Y,0.6742434280805288,0.6371837799098635,0.6324954317096599,0.5904841890137527,0.0335956002773743
TMRWI0002F8,PH097332002,2016-01-01,Y,0.5639023487675917,0.4722074357232038,0.4618786402168435,0.3608911843066159,0.0471877689708627
TMRWI0002F9,PH034919003,2016-01-01,Y,0.5924697432137037,0.4570375383066188,0.4699289037932956,0.2869548103929679,0.0760401676291754
TMRWI0002FA,PH137401019,2016-01-01,Y,0.7388806119484963,0.7007387344224224,0.6958171044602409,0.6675184868585303,0.035934733273707
TMRWI0002FB,PH112402193,2016-01-01,Y,0.6805018715406034,0.5942220918569263,0.5871143003507294,0.5535101470659787,0.0334383728804793
TMRWI0002FC,PH050506009,2016-01-01,Y,0.7008842782281299,0.6717642781564427,0.6717642781564427,0.6426442780847554,0.0411818990376856
TMRWI0002FD,PH034919001,2016-01-01,Y,0.4635545517675899,0.3691524726516633,0.3597462984996949,0.3153967012870174,0.03659347582208
TMRWI0002FE,PH137401020,2016-01-01,Y,0.7388806119484963,0.7065566523146186,0.6958171044602409,0.6751249632131291,0.0269492333622158
TMRWI0002FF,PH112402192,2016-01-01,Y,0.6626718398945992,0.6155821786974249,0.6152100059354105,0.5551602727469716,0.0287681533744417
TMRWI000300,PH083747146,2016-01-01,Y,0.6564059969049483,0.6396264018185058,0.6506220460794282,0.6118511624711411,0.0242272875574332
TMRWI000301,PH050506010,2016-01-01,Y,0.7008842782281299,0.6586779572090203,0.6426442780847554,0.6325053153141756,0.0369016231620222
TMRWI000302,PH097332005,2016-01-01,Y,0.4442412782881432,0.3331053665082592,0.3545535525491838,0.1755155588618778,0.0701564573888743
TMRWI000303,PH083747113,2016-01-01,Y,0.6678324273888903,0.6427275693363411,0.6573889205374508,0.6029613600826823,0.0348321727379063
TMRWI000304,PH097332010,2016-01-01,Y,0.5779342383854188,0.5059304645320738,0.5118769307632203,0.4368102189595639,0.0398998411643993
TMRWI000305,PH015518032,2016-01-01,Y,0.6487847784161709,0.595123225250716,0.5965007059375111,0.5466968198573988,0.0440066575095767
TMRWI000306,PH137401021,2016-01-01,Y,0.7388806119484963,0.7216210703801941,0.7303009305186106,0.6956816686734756,0.0228701148671462
TMRWI000307,PH112402191,2016-01-01,Y,0.4080706458296337,0.2708105656849102,0.2476181125912042,0.1974797937266274,0.0570460626355309
TMRWI000308,PH050506011,2016-01-01,Y,0.7008842782281299,0.6519877328870537,0.6426442780847554,0.588930943835965,0.0465878248846769
TMRWI000309,PH015518031,2016-01-01,Y,0.7421917988784318,0.6490697959065106,0.649767291991626,0.5542225967214245,0.0676458366494916
TMRWI00030A,PH137401022,2016-01-01,Y,0.7329108977235144,0.6912902317423406,0.6921425210310772,0.6438208045185916,0.0306258394113562
TMRWI00030B,PH112402190,2016-01-01,Y,0.6409493827835634,0.6267810368980536,0.6259124948342543,0.6141910102874776,0.0116145869859971
TMRWI00030C,PH083747145,2016-01-01,Y,0.6118511624711411,0.6061033689399566,0.6061033689399566,0.6003555754087723,0.0081286075655213
TMRWI00030D,PH083747098,2016-01-01,Y,0.6149630997343926,0.595634780518501,0.5885725662976123,0.5833686755234985,0.0169398365570856
TMRWI00030E,PH083747101,2016-01-01,Y,0.5908153869002003,0.586963042079699,0.586963042079699,0.5831106972591975,0.0054480382920907
TMRWI00030F,PH083747099,2016-01-01,Y,0.5885725662976123,0.5850173130267694,0.5833686755234985,0.5831106972591975,0.0030816404010027
TMRWI000310,PH083747147,2016-01-01,Y,0.6692467229917501,0.6439066438474398,0.6506220460794282,0.6118511624711411,0.0292811383354843
TMRWI000311,PH034919007,2016-01-01,Y,0.4041877737918778,0.3480674505760071,0.3437039632782607,0.3153967012870174,0.0225869574832056
TMRWI000312,PH137401015,2016-01-01,Y,0.7303009305186106,0.7114802909756133,0.7114802909756133,0.6926596514326161,0.026616403694242
TMRWI000313,PH112402197,2016-01-01,Y,0.6945127799148295,0.6342764696623043,0.6393284119948534,0.589288220398209,0.0271232936089008
TMRWI000314,PH050506004,2016-01-01,Y,0.4491590683287063,0.3531234143165861,0.3528330920526821,0.2622167416708434,0.0341771662999422
TMRWI000315,PH034919006,2016-01-01,Y,0.5004134920203772,0.411422948224198,0.3961965433588272,0.3395695497891489,0.055076647071815
TMRWI000316,PH137401016,2016-01-01,Y,0.7329108977235144,0.6894546803828392,0.6822847448012087,0.6615028213934722,0.0238606719329183
TMRWI000317,PH112402196,2016-01-01,Y,0.6626718398945992,0.6106778218512475,0.611062420668756,0.5551602727469716,0.0364673647807543
TMRWI000318,PH050506005,2016-01-01,Y,0.6940612042030254,0.6720503301679528,0.6878329560605837,0.6184742043476181,0.0360829047572415
TMRWI000319,PH083747148,2016-01-01,Y,0.6505089947752525,0.6294973412214854,0.6429556290919841,0.5950273997972195,0.030089798597374
TMRWI00031A,PH083747112,2016-01-01,Y,0.6742434280805288,0.6483457385173671,0.6678324273888903,0.6029613600826823,0.0394345227800978
TMRWI00031B,PH083747110,2016-01-01,Y,0.6742434280805288,0.6436115574465398,0.6573889205374508,0.5904841890137527,0.0345602005541906
TMRWI00031C,PH097332004,2016-01-01,Y,0.662804493360616,0.5863676135028636,0.5952512870098874,0.5319563786665535,0.0403337391741216
TMRWI00031D,PH034919005,2016-01-01,Y,0.4574689350240902,0.4110688770808168,0.4086755879163983,0.3822658974897062,0.0213698089533849
TMRWI00031E,PH137401017,2016-01-01,Y,0.7329108977235144,0.7023989598046548,0.7057258082481629,0.6632068296419423,0.0256327914258258
TMRWI00031F,PH112402195,2016-01-01,Y,0.6652399540689763,0.5744730734571462,0.5776060637794621,0.5022019835448132,0.0418064966537012
TMRWI000320,PH050506007,2016-01-01,Y,0.5993536772233936,0.594579658448081,0.5947038284738586,0.5896814696469908,0.0048372991944609
TMRWI000321,PH034919004,2016-01-01,Y,0.5684425880017917,0.4666169128703113,0.4953454672789482,0.3319157241541013,0.0869153848884596
TMRWI000322,PH137401018,2016-01-01,Y,0.7723753228817308,0.7227882523232996,0.7130590174894258,0.6926596514326161,0.0371953998451162
TMRWI000323,PH112402194,2016-01-01,Y,0.6409493827835634,0.6267976295390207,0.626025062542521,0.6141910102874776,0.0110139777005225
TMRWI000324,PH050506008,2016-01-01,Y,0.7008842782281299,0.64047465675063,0.6356664395636995,0.5896814696469908,0.0566609187560192
TMRWI000325,PH083747100,2016-01-01,Y,0.599715372420368,0.5888991260016248,0.5885725662976123,0.5822816071307456,0.0070368200732871
TMRWI000326,PH015518014,2016-01-01,Y,0.7033543188456115,0.657422851133881,0.69272625105059,0.5761879835054414,0.0705518727265369
TMRWI000327,PH050506019,2016-01-01,Y,0.6260368092431641,0.6022212754196368,0.6022212754196368,0.5784057415961095,0.0336802509283874
TMRWI000328,PH083747153,2016-01-01,Y,0.5617594904963741,0.5323465788536894,0.5323465788536894,0.5029336672110046,0.0415961385539662
TMRWI000329,PH112402164,2016-01-01,Y,0.6058467501778987,0.5725218620004889,0.5725218620004889,0.5391969738230792,0.0471285088250596
TMRWI00032A,PH097332020,2016-01-01,Y,0.6399100566375823,0.6108439465721035,0.6116456367446239,0.570643443812138,0.028345896701811
TMRWI00032B,PH083747088,2016-01-01,Y,0.6564059969049483,0.6448681372970628,0.6505655204273404,0.6219355114286226,0.0155344163383347
TMRWI00032C,PH137503014,2016-01-01,Y,0.6550304981706071,0.61856611302151,0.6127980883483333,0.5827214183675832,0.025357318220663
TMRWI00032D,PH050506032,2016-01-01,Y,0.656837571756466,0.6268645387240136,0.6254163348970851,0.5997879133454181,0.0238577793344972
TMRWI00032E,PH015518006,2016-01-01,Y,0.6595016871154462,0.6030049072100645,0.607530541740694,0.5180706536534337,0.0447797060963197
TMRWI00032F,PH050506041,2016-01-01,Y,0.6458768594164038,0.6442605687505796,0.6442605687505796,0.6426442780847554,0.0022857801803455
TMRWI000330,PH137603008,2016-01-01,Y,0.7500294043281748,0.6563877539044758,0.642829867689096,0.5600656992460461,0.0548403327863978
TMRWI000331,PH112402169,2016-01-01,Y,0.5391969738230792,0.5391969738230792,0.5391969738230792,0.5391969738230792,
TMRWI000332,PH015518003,2016-01-01,Y,0.6345436373324518,0.6335120342148931,0.6335120342148931,0.6324804310973344,0.0014589071198378
TMRWI000333,PH112402172,2016-01-01,Y,0.6501672900785116,0.5919875172297043,0.5975122074772833,0.5282830541333181,0.061129644156781
TMRWI000334,PH083747127,2016-01-01,Y,0.577167648705762,0.5437510274575015,0.5478518616431316,0.4708335143323167,0.0279397930875867
TMRWI000335,PH083747132,2016-01-01,Y,0.4859886272835676,0.4562820884446666,0.461199174687816,0.4147898154932986,0.0226459680863098
TMRWI000336,PH015518009,2016-01-01,Y,0.6897932955422703,0.5980549423572543,0.591073558729089,0.5134042240725131,0.0533425754856111
TMRWI000337,PH083747084,2016-01-01,Y,0.6118511624711411,0.5882301717833005,0.5882301717833005,0.5646091810954599,0.0334051253874327
TMRWI000338,PH137603003,2016-01-01,Y,0.6725519182724347,0.6412886322891432,0.6682241070931063,0.5707896217000663,0.0457800468818448
TMRWI000339,PH083747123,2016-01-01,Y,0.6582592899711418,0.593182795346957,0.5770049859416171,0.5604619195334516,0.044443817609485
TMRWI00033A,PH097332024,2016-01-01,Y,0.4726198113163615,0.2057887202305001,0.1872164491654931,0.1456347501214459,0.0627224600985199
TMRWI00033B,PH083747135,2016-01-01,Y,0.6742434280805288,0.6377368861589111,0.6367121212135859,0.5960510327586968,0.0321736246284665
TMRWI00033C,PH050506038,2016-01-01,Y,0.6940612042030254,0.6776374353864112,0.6929742425398043,0.6458768594164038,0.0275108344270813
TMRWI00033D,PH050506035,2016-01-01,Y,0.6949738489722423,0.6296045929765671,0.6163046612819125,0.5997879133454181,0.0319520253723183
TMRWI00033E,PH083747133,2016-01-01,Y,0.6291431938597464,0.569187006914098,0.5695204318245242,0.5346887660906574,0.0285601597283067
TMRWI00033F,PH112402166,2016-01-01,Y,0.5391969738230792,0.5322599056220684,0.5322599056220684,0.5253228374210576,0.0098104959329766
TMRWI000340,PH083747087,2016-01-01,Y,0.6692467229917501,0.6271511536238878,0.6118511624711411,0.6003555754087723,0.0369061627750773
TMRWI000341,PH083747134,2016-01-01,Y,0.6690320965987415,0.6357051976025541,0.6325012663514273,0.5950273997972195,0.0294767106286221
TMRWI000342,PH112402170,2016-01-01,Y,0.6501672900785116,0.5787898813780481,0.5683545906501812,0.5282830541333181,0.0564617802716858
TMRWI000343,PH015518004,2016-01-01,Y,0.7290515294212448,0.6923269316516882,0.713385628201368,0.6345436373324518,0.0506511297213137
TMRWI000344,PH137603007,2016-01-01,Y,0.7396835355292363,0.6707323245576676,0.671203111610028,0.5707896217000663,0.0473845115013994
TMRWI000345,PH112402165,2016-01-01,Y,0.6058467501778987,0.5596497788441761,0.5550289617439534,0.5253228374210576,0.0298986126588088
TMRWI000346,PH015518010,2016-01-01,Y,0.5870571607412004,0.5639855939906883,0.5623677760001241,0.5482769518575752,0.0141293642319733
TMRWI000347,PH050506040,2016-01-01,Y,0.6929742425398043,0.61902350465693,0.5993536772233936,0.5672312744580575,0.0502993701104256
TMRWI000348,PH083747086,2016-01-01,Y,0.6118511624711411,0.6118511624711411,0.6118511624711411,0.6118511624711411,
TMRWI000349,PH050506034,2016-01-01,Y,0.6449933072236914,0.6449933072236914,0.6449933072236914,0.6449933072236914,
TMRWI00034A,PH097332021,2016-01-01,Y,0.662804493360616,0.6041449196141627,0.6058154800676432,0.5319563786665535,0.0337303831746354
TMRWI00034B,PH137603001,2016-01-01,Y,0.7095153373116987,0.6627282797542109,0.6711418308874039,0.5919970124642003,0.0373614478865879
TMRWI00034C,PH050506033,2016-01-01,Y,0.6449933072236914,0.6214011310379192,0.619422172544648,0.5997879133454181,0.0226675785310434
TMRWI00034D,PH097332023,2016-01-01,Y,0.5836561677334383,0.4549593639062095,0.4591036791688222,0.3697860157849622,0.048627465085312
TMRWI00034E,PH112402171,2016-01-01,Y,0.5975122074772833,0.5549974118112269,0.5391969738230792,0.5282830541333181,0.0372210867472127
TMRWI00034F,PH137603002,2016-01-01,Y,0.7452494853537912,0.6732017227353417,0.6863246609336822,0.5919970124642003,0.0543892140658544
TMRWI000350,PH083747085,2016-01-01,Y,0.6118511624711411,0.6061033689399566,0.6061033689399566,0.6003555754087723,0.0081286075655213
TMRWI000351,PH083747131,2016-01-01,Y,0.5647952382499956,0.5182000943607192,0.521869368912377,0.4583509450676534,0.0303187532146995
TMRWI000352,PH050506039,2016-01-01,Y,0.6458768594164038,0.6458768594164038,0.6458768594164038,0.6458768594164038,
TMRWI000353,PH083747128,2016-01-01,Y,0.6305494262058385,0.5682891277549337,0.5593789306408407,0.5419670031345399,0.0310525425138017
TMRWI000354,PH137603006,2016-01-01,Y,0.7898092428667102,0.7002312032133916,0.7046536825532238,0.6076069363117926,0.0381819301761753
TMRWI000355,PH015518011,2016-01-01,Y,0.5960849239292253,0.5710963906872295,0.5763444428894022,0.5384840198534587,0.0223353690853119
TMRWI000356,PH015518002,2016-01-01,Y,0.709372214269571,0.671211416873072,0.6841315861633419,0.5761879835054414,0.0489933042910583
TMRWI000357,PH015518012,2016-01-01,Y,0.709372214269571,0.6396390107077229,0.6493751982036723,0.5468786642741033,0.0526754139521083
TMRWI000358,PH083747124,2016-01-01,Y,0.6309970057729091,0.6039550383956345,0.607508799802593,0.5644148278150298,0.0187717749191197
TMRWI000359,PH112402173,2016-01-01,Y,0.5975122074772833,0.5791279318690671,0.572250331686077,0.567621256443841,0.0160886070443873
TMRWI00035A,PH015518013,2016-01-01,Y,0.6820332955147995,0.6631371317465089,0.6690174001869507,0.6324804310973344,0.0215321517168695
TMRWI00035B,PH083747125,2016-01-01,Y,0.6698279908495813,0.6252784967684188,0.6224869343668461,0.5800971844224092,0.0301463419018918
TMRWI00035C,PH083747129,2016-01-01,Y,0.6367121212135859,0.6081263146672272,0.6180490692191882,0.5657469046718883,0.0251466193089492
TMRWI00035D,PH112402167,2016-01-01,Y,0.5774741881551144,0.5425692633831423,0.5337400139781987,0.5253228374210576,0.0240226358074308
TMRWI00035E,PH083747089,2016-01-01,Y,0.6692467229917501,0.6330188767377729,0.6312366042752846,0.6003555754087723,0.0323382734854314
TMRWI00035F,PH137603009,2016-01-01,Y,0.7898092428667102,0.6964606434880397,0.6959059926035722,0.6040569495249736,0.0358050724132838
TMRWI000360,PH137603005,2016-01-01,Y,0.7311026457205807,0.6568748078563058,0.6589297264166667,0.5669915897154397,0.044314764144815
TMRWI000361,PH097332019,2016-01-01,Y,0.6399100566375823,0.5718334451263465,0.5679091946831232,0.4840387570251462,0.0457880001143913
TMRWI000362,PH112402168,2016-01-01,Y,0.5391969738230792,0.5337400139781987,0.5337400139781987,0.5282830541333181,0.0077173066219554
TMRWI000363,PH137603004,2016-01-01,Y,0.8387371539154228,0.6991950565535564,0.6864724808416072,0.6561411469172811,0.0471307580706911
TMRWI000364,PH112402163,2016-01-01,Y,0.6090131841387639,0.5585366285382446,0.5412738640549122,0.5253228374210576,0.0444355804692335
TMRWI000365,PH015518008,2016-01-01,Y,0.6897932955422703,0.6019101858393752,0.5905655653045759,0.5223002460812997,0.0503214236211037
TMRWI000366,PH083747130,2016-01-01,Y,0.6664190334524094,0.6366752071528924,0.6367121212135859,0.5950273997972195,0.0297211380521289
TMRWI000367,PH050506037,2016-01-01,Y,0.656837571756466,0.6043765524267214,0.5997879133454181,0.5300076857071868,0.0463104391101261
TMRWI000368,PH050506042,2016-01-01,Y,0.7012541259721171,0.6779027329991711,0.6883764368921943,0.6426442780847554,0.0269312731451946
TMRWI000369,PH015518007,2016-01-01,Y,0.6760383455943658,0.553419576492151,0.5349024527936199,0.4931346498472677,0.0538614257001799
TMRWI00036A,PH050506030,2016-01-01,Y,0.6449933072236914,0.6051194893026695,0.6147851264945199,0.5459143969979467,0.0437105868165356
TMRWI00036B,PH137503013,2016-01-01,Y,0.6630785751095742,0.6465152657562135,0.6474860832777656,0.6263065984769892,0.0128045058450048
TMRWI00036C,PH097332022,2016-01-01,Y,0.4956773861183586,0.4526183776465612,0.4561256805968334,0.3971945882347122,0.0266473972361138
TMRWI00036D,PH050506029,2016-01-01,Y,0.6449933072236914,0.6373878234336565,0.6373878234336565,0.6297823396436216,0.010755778324276
TMRWI00036E,PH137503012,2016-01-01,Y,0.6505335632719857,0.6367330043288307,0.6421695872791984,0.6120592794849403,0.0170344908812269
TMRWI00036F,PH097332087,2017-01-01,Y,0.6876907088784115,0.6119373241328394,0.6093825690442372,0.5504448088779613,0.0360131770770991
TMRWI000370,PH083747015,2017-01-01,Y,0.562001327039534,0.5324674971252693,0.5324674971252693,0.5029336672110046,0.0417671428135733
TMRWI000371,PH063022186,2017-01-01,Y,0.6242680259804052,0.6242680259804052,0.6242680259804052,0.6242680259804052,
TMRWI000372,PH137603006,2017-01-01,Y,0.7923405479489688,0.7000578160838886,0.7064458193043701,0.604811932185028,0.0391444952834617
TMRWI000373,PH104305029,2017-01-01,Y,0.6146921938995475,0.5977042601155232,0.5977042601155232,0.5807163263314989,0.0240245663540632
TMRWI000374,PH063022114,2017-01-01,Y,0.6363845760090541,0.5918463209545578,0.5869943982982081,0.5469153992812252,0.0306313528534688
TMRWI000375,PH112402012,2017-01-01,Y,0.58547144201399,0.5488525165667523,0.5453127102799469,0.5098027635041391,0.0244498573767011
TMRWI000376,PH063022103,2017-01-01,Y,0.6329786187303447,0.5977170404543602,0.5917029307886941,0.5744836815097081,0.0265846715503051
TMRWI000377,PH097332088,2017-01-01,Y,0.4952024294266224,0.3780781626055529,0.365036664242637,0.3392960601195269,0.0369558624365556
TMRWI000378,PH112402023,2017-01-01,Y,0.6952413044996715,0.6091372800006656,0.6137281020468348,0.5262892245178408,0.0395312688205289
TMRWI000379,PH034919005,2017-01-01,Y,0.471928545554354,0.4284022895396391,0.4234605654149037,0.3923235210144461,0.0199270902051963
TMRWI00037A,PH104305033,2017-01-01,Y,0.6095935343391138,0.5699079473851963,0.5699079473851963,0.5302223604312789,0.0561238953009668
TMRWI00037B,PH104305030,2017-01-01,Y,0.6146921938995475,0.6146921938995475,0.6146921938995475,0.6146921938995475,
TMRWI00037C,PH015518004,2017-01-01,Y,0.7265029962487606,0.6905659739742358,0.7104431548832038,0.6347517707907431,0.048998965131193
TMRWI00037D,PH063022100,2017-01-01,Y,0.6409660758659338,0.5952213205316943,0.5864086370733228,0.5671019321141978,0.0346556299928415
TMRWI00037E,PH015518007,2017-01-01,Y,0.6828934736219577,0.5536278044793298,0.5345769721709217,0.4992507691460545,0.0545090388319975
TMRWI00037F,PH083747148,2017-01-01,Y,0.6505089947752525,0.62991019105397,0.6442200631497847,0.5950015152368726,0.030394891029988
TMRWI000380,PH083747008,2017-01-01,Y,0.6858433804136774,0.6150765723749944,0.6065604154241541,0.5613420782379918,0.0550716458748644
TMRWI000381,PH034919006,2017-01-01,Y,0.5027706134367871,0.444750388540415,0.4409841791215642,0.3815343311173955,0.0418301854249882
TMRWI000382,PH063022101,2017-01-01,Y,0.6032078728530217,0.6022398620304901,0.6022398620304901,0.6012718512079586,0.0013689740337481
TMRWI000383,PH112402026,2017-01-01,Y,0.7193082215835619,0.5708963163844344,0.5673439301186503,0.5114095122858173,0.0416636127968262
TMRWI000384,PH083747127,2017-01-01,Y,0.6059138525502306,0.5512391851968931,0.5536627840970019,0.496549585642618,0.0268331857426889
TMRWI000385,PH112402013,2017-01-01,Y,0.5005413358607066,0.4285266668242457,0.4163878635518006,0.3822237636299961,0.0362063370934824
TMRWI000386,PH083747109,2017-01-01,Y,0.6752279242410785,0.6367896592826124,0.6324954317096599,0.5823946951438559,0.0363648682319391
TMRWI000387,PH137401021,2017-01-01,Y,0.7385024180423838,0.7190905501722611,0.723121354286388,0.6956478781880112,0.0217097543258174
TMRWI000388,PH063022200,2017-01-01,Y,0.6109053626084109,0.5747487318815914,0.5747487318815914,0.5385921011547719,0.0511331975435839
TMRWI000389,PH063022115,2017-01-01,Y,0.6501991541903429,0.6029513606708414,0.6086798023922994,0.5459541768661308,0.0376557034016516
TMRWI00038A,PH083747125,2017-01-01,Y,0.670536037224543,0.6258827412021185,0.621636902294999,0.5800971844224092,0.0299455198793706
TMRWI00038B,PH063022102,2017-01-01,Y,0.5385921011547719,0.5368359540148957,0.5368359540148957,0.5350798068750197,0.0024835671027354
TMRWI00038C,PH063022104,2017-01-01,Y,0.6242680259804052,0.617586694294408,0.617586694294408,0.6109053626084109,0.0094488298850502
TMRWI00038D,PH083747014,2017-01-01,Y,0.562001327039534,0.5167778580422105,0.5029336672110046,0.4853985798760928,0.0401340433182934
TMRWI00038E,PH063022181,2017-01-01,Y,0.6716260823412971,0.6503368751983629,0.6503368751983629,0.6290476680554288,0.0301074854737076
TMRWI00038F,PH112402024,2017-01-01,Y,0.4818825814503186,0.4367208134563323,0.4378289109061825,0.4015976811100007,0.0195398640904436
TMRWI000390,PH137401016,2017-01-01,Y,0.7329108977235144,0.691096413126118,0.6921425210310772,0.6625456866978768,0.0234494368229493
TMRWI000391,PH097332093,2017-01-01,Y,0.4920900862264368,0.4499642917928616,0.4553063017717805,0.3981311775594943,0.0277655820432481
TMRWI000392,PH063022202,2017-01-01,Y,0.6032078728530217,0.5799730687536144,0.5696094012936238,0.5671019321141978,0.0201609509094887
TMRWI000393,PH112402027,2017-01-01,Y,0.4584038408429962,0.4162520422106732,0.419332541313606,0.356491420232239,0.02754695129973
TMRWI000394,PH015518032,2017-01-01,Y,0.6499264095132805,0.594266850963688,0.5933842570703264,0.5462731800849839,0.0441274884004017
TMRWI000395,PH083747129,2017-01-01,Y,0.6349372803457969,0.6079672067080658,0.6183497723709214,0.5657469046718883,0.0248309119981915
TMRWI000396,PH112402022,2017-01-01,Y,0.5339654909246547,0.4772307754228859,0.4752364492062432,0.4048452574292118,0.0359639351325683
TMRWI000397,PH112402019,2017-01-01,Y,0.5739354370604833,0.5160279372408607,0.5180916879945895,0.4430865236926603,0.0325336404990572
TMRWI000398,PH063022112,2017-01-01,Y,0.5972032561808577,0.5839616421383108,0.5801979887243666,0.5744836815097081,0.0118181463679675
TMRWI000399,PH063022201,2017-01-01,Y,0.672270745647959,0.645735673371952,0.6481350840979541,0.6012718512079586,0.0207580796467256
TMRWI00039A,PH034919001,2017-01-01,Y,0.4855265484262133,0.4107608167603634,0.4046384832621208,0.3400390459634776,0.033957508407688
TMRWI00039B,PH112402016,2017-01-01,Y,0.5245678074951203,0.4798031998054294,0.479248555197297,0.4387288613186333,0.0195339614817515
TMRWI00039C,PH063022108,2017-01-01,Y,0.5519109282166366,0.5519109282166366,0.5519109282166366,0.5519109282166366,
TMRWI00039D,PH083747011,2017-01-01,Y,0.562001327039534,0.562001327039534,0.562001327039534,0.562001327039534,
TMRWI00039E,PH112402018,2017-01-01,Y,0.5414479689700911,0.5193488409234037,0.5194752181776452,0.4937586716914345,0.0131256981767621
TMRWI00039F,PH063022183,2017-01-01,Y,0.6513513708626923,0.5869027972901205,0.5758926278313621,0.5151047042171576,0.0455673161827456
TMRWI0003A0,PH097332090,2017-01-01,Y,0.4087991138245997,0.3755355838157134,0.3738014481454501,0.3525755162479252,0.0191838497381756
TMRWI0003A1,PH083747132,2017-01-01,Y,0.5059659974897582,0.4608800081073647,0.4652088012958022,0.3800038930615095,0.0381578605431506
TMRWI0003A2,PH137603005,2017-01-01,Y,0.7347280003885455,0.6570776427063572,0.660255279841402,0.5669915897154397,0.0450000935777873
TMRWI0003A3,PH063022109,2017-01-01,Y,0.607527974184704,0.607527974184704,0.607527974184704,0.607527974184704,
TMRWI0003A4,PH104305032,2017-01-01,Y,0.6146921938995475,0.5876296578636376,0.5876296578636376,0.5605671218277277,0.0382722054941944
TMRWI0003A5,PH137401019,2017-01-01,Y,0.7385024180423838,0.7005792725488537,0.696201621271367,0.6670337783328105,0.0359348645261765
TMRWI0003A6,PH104305015,2017-01-01,Y,0.659425102305066,0.6175232517896095,0.6175232517896095,0.5756214012741531,0.0592581652874886
TMRWI0003A7,PH097332091,2017-01-01,Y,0.3823282336746347,0.2949214511523151,0.2996729261434321,0.1822234567951978,0.0487012573086728
TMRWI0003A8,PH112402017,2017-01-01,Y,0.5490767481816792,0.5096443559455123,0.5125109295344166,0.4744854816462404,0.0193486290692936
TMRWI0003A9,PH083747112,2017-01-01,Y,0.6752279242410785,0.6468715058873852,0.6688136535862185,0.5965729398348586,0.0436777406376947
TMRWI0003AA,PH063022110,2017-01-01,Y,0.6588629282475273,0.6435214293085265,0.6466616423941787,0.6246048557545179,0.012524508304363
TMRWI0003AB,PH034919003,2017-01-01,Y,0.6358370754894394,0.4769893087688086,0.4783382797331587,0.3409130639168938,0.0688669731442969
TMRWI0003AC,PH104305031,2017-01-01,Y,0.5302223604312789,0.5302223604312789,0.5302223604312789,0.5302223604312789,
TMRWI0003AD,PH137401015,2017-01-01,Y,0.723121354286388,0.7091678531622703,0.7091678531622703,0.6952143520381524,0.0197332305323156
TMRWI0003AE,PH083747010,2017-01-01,Y,0.6400125061967097,0.5666236299661983,0.56356734734145,0.5029336672110046,0.0445674469738211
TMRWI0003AF,PH137401017,2017-01-01,Y,0.7329108977235144,0.7030602247089265,0.7013599858154334,0.6629388958278506,0.0245488638921294
TMRWI0003B0,PH104305016,2017-01-01,Y,0.5302223604312789,0.5302223604312789,0.5302223604312789,0.5302223604312789,
TMRWI0003B1,PH112402014,2017-01-01,Y,0.6429887924540363,0.5422197346332692,0.5340747909489939,0.4731600262067902,0.0415487288890392
TMRWI0003B2,PH063022105,2017-01-01,Y,0.6234889897115835,0.5997132964517405,0.6069679110399051,0.5686829886037331,0.0281139914273219
TMRWI0003B3,PH097332092,2017-01-01,Y,0.6530389579987453,0.5660857408233404,0.5570116644657643,0.4957788841621344,0.0443786907506404
TMRWI0003B4,PH083747110,2017-01-01,Y,0.6752279242410785,0.6426450951520768,0.6586803805771554,0.5823946951438559,0.0382262295837712
TMRWI0003B5,PH097332089,2017-01-01,Y,0.4406081459591429,0.3824209727756116,0.3735509201538252,0.3368865977678487,0.0298637071012268
TMRWI0003B6,PH112402021,2017-01-01,Y,0.7143458625581818,0.640324909345052,0.6454477035855939,0.5130915489718817,0.0397906377832543
TMRWI0003B7,PH063022113,2017-01-01,Y,0.649074483518736,0.5954261154862036,0.6021240560648553,0.5350798068750197,0.0572917392105765
TMRWI0003B8,PH034919004,2017-01-01,Y,0.5749423892681186,0.4780668601579608,0.5003331218085348,0.3842301087543983,0.0739532237422435
TMRWI0003B9,PH063022106,2017-01-01,Y,0.6919662570205901,0.6105309663007183,0.5902086693805446,0.5744836815097081,0.0470941825314482
TMRWI0003BA,PH083747146,2017-01-01,Y,0.6551896564318418,0.6395652459885722,0.6515992083127994,0.6119068732210755,0.0240200336705267
TMRWI0003BB,PH083747012,2017-01-01,Y,0.562001327039534,0.562001327039534,0.562001327039534,0.562001327039534,
TMRWI0003BC,PH112402020,2017-01-01,Y,0.6646349848055907,0.6033884225895898,0.6024168752511179,0.5299855668698554,0.0376302316485819
TMRWI0003BD,PH015518006,2017-01-01,Y,0.6595070674319801,0.6031028581992824,0.6097128614722658,0.518321223188601,0.0449073415984907
TMRWI0003BE,PH137401020,2017-01-01,Y,0.7385024180423838,0.7056329417702841,0.696201621271367,0.6751249632131291,0.0250722985421119
TMRWI0003BF,PH112402015,2017-01-01,Y,0.5558250144401693,0.4728003984278189,0.4714381502130939,0.3910468760833487,0.0421685701298548
TMRWI0003C0,PH063022107,2017-01-01,Y,0.6191084337066722,0.5854374322155157,0.6021240560648553,0.5350798068750197,0.0444301147131119
TMRWI0003C1,PH137401018,2017-01-01,Y,0.7758856585767998,0.7226057465431768,0.7096614877788775,0.6952143520381524,0.037799828932394
TMRWI0003C2,PH083747147,2017-01-01,Y,0.6674525545243969,0.6436528786860906,0.6515992083127994,0.6119068732210755,0.0286127383129397
TMRWI0003C3,PH063022182,2017-01-01,Y,0.5887460451227442,0.5631704850644623,0.5631704850644623,0.5375949250061803,0.0361693038997098
TMRWI0003C4,PH083747013,2017-01-01,Y,0.562001327039534,0.562001327039534,0.562001327039534,0.562001327039534,
TMRWI0003C5,PH063022185,2017-01-01,Y,0.6402532182494873,0.6322606221149463,0.6322606221149463,0.6242680259804052,0.0113032378520387
TMRWI0003C6,PH097332085,2017-01-01,Y,0.6289036960633125,0.5358682196599346,0.545002789876842,0.429779896268491,0.0554071609796249
TMRWI0003C7,PH112402028,2017-01-01,Y,0.5622534577858732,0.4641555560419786,0.463681045692831,0.3887722717573734,0.0547194283612134
TMRWI0003C8,PH063022085,2017-01-01,Y,0.6032078728530217,0.5799730687536144,0.5696094012936238,0.5671019321141978,0.0201609509094887
TMRWI0003C9,PH034919014,2017-01-01,Y,0.522521380712908,0.4268590184900619,0.4137533707898424,0.3400390459634776,0.0534753730288807
TMRWI0003CA,PH097332079,2017-01-01,Y,0.4654239187509387,0.3783665221614583,0.3694673342163239,0.3273878911071386,0.0309295255637538
TMRWI0003CB,PH112402042,2017-01-01,Y,0.5112847615949795,0.4182818727921311,0.3958690974756779,0.3797845135689716,0.0404851010732726
TMRWI0003CC,PH063022197,2017-01-01,Y,0.6109053626084109,0.6073648001131842,0.6073648001131842,0.6038242376179576,0.005007111499179
TMRWI0003CD,PH137401009,2017-01-01,Y,0.6956478781880112,0.6956478781880112,0.6956478781880112,0.6956478781880112,
TMRWI0003CE,PH063022086,2017-01-01,Y,0.6294121231969035,0.5602055445580111,0.5537488366071905,0.5175793130710963,0.0338417949569774
TMRWI0003CF,PH083747024,2017-01-01,Y,0.5600914573490435,0.4929071874959693,0.5036485521132509,0.3800038930615095,0.0414489480747119
TMRWI0003D0,PH112402041,2017-01-01,Y,0.4569290542727783,0.3981740615884709,0.3996878076501191,0.3460141879329206,0.0248150323950837
TMRWI0003D1,PH083747106,2017-01-01,Y,0.6590291734739452,0.6235560607680783,0.6501273132624878,0.5615116955678019,0.0539160293292731
TMRWI0003D2,PH063022087,2017-01-01,Y,0.668074870725647,0.6199247186127259,0.6155741766873595,0.5686829886037331,0.0322605278321633
TMRWI0003D3,PH034919013,2017-01-01,Y,0.5295624018676159,0.4575083397872745,0.4602779558062697,0.3636954310852872,0.043890606956273
TMRWI0003D4,PH097332080,2017-01-01,Y,0.5859503070956821,0.4911786151584958,0.501220125960338,0.3885798230405805,0.0561055288336621
TMRWI0003D5,PH112402040,2017-01-01,Y,0.6766097785815002,0.6273474184449223,0.6312009544563992,0.575417522832312,0.0346549825381691
TMRWI0003D6,PH063022193,2017-01-01,Y,0.5350798068750197,0.5350798068750197,0.5350798068750197,0.5350798068750197,
TMRWI0003D7,PH015518002,2017-01-01,Y,0.709372214269571,0.6710820520291397,0.6829478681017007,0.5761879835054414,0.0487256618684192
TMRWI0003D8,PH063022088,2017-01-01,Y,0.5696094012936238,0.5551595545847401,0.5551595545847401,0.5407097078758563,0.0204351691899156
TMRWI0003D9,PH083747023,2017-01-01,Y,0.5835574623579352,0.5331570279976962,0.5391341016959875,0.4806658943030308,0.03294697790982
TMRWI0003DA,PH104305024,2017-01-01,Y,0.6146921938995475,0.5724572771654133,0.5724572771654133,0.5302223604312789,0.0597291920511111
TMRWI0003DB,PH112402039,2017-01-01,Y,0.4203056529480842,0.3922729640918829,0.392147618158419,0.355662095878393,0.019660027219813
TMRWI0003DC,PH137401010,2017-01-01,Y,0.7385024180423838,0.7003946915210685,0.6956478781880112,0.6670337783328105,0.0359699985140167
TMRWI0003DD,PH083747151,2017-01-01,Y,0.6526778919625122,0.6210604697728147,0.6281088222120758,0.5823946951438559,0.0356677920937576
TMRWI0003DE,PH063022089,2017-01-01,Y,0.649074483518736,0.6454608741059076,0.6454608741059076,0.6418472646930791,0.0051104154407411
TMRWI0003DF,PH104305019,2017-01-01,Y,0.6163569901728009,0.586881748753944,0.5855094969881218,0.5601510108667317,0.0243764724561038
TMRWI0003E0,PH063022192,2017-01-01,Y,0.6582335044787279,0.6412507652295665,0.6412507652295665,0.6242680259804052,0.0240172201724098
TMRWI0003E1,PH104305023,2017-01-01,Y,0.5817238422020776,0.5709374265344047,0.5709374265344047,0.5601510108667317,0.0152542953266167
TMRWI0003E2,PH137603009,2017-01-01,Y,0.7923405479489688,0.6966865671243977,0.6964714278067439,0.604009059582338,0.0364692034645304
TMRWI0003E3,PH083747130,2017-01-01,Y,0.6696963743615774,0.6371125057493582,0.6349372803457969,0.5950015152368726,0.0305633320584248
TMRWI0003E4,PH112402043,2017-01-01,Y,0.6794033626916438,0.6042332565974707,0.597971847469237,0.5370692719864281,0.0385147123154403
TMRWI0003E5,PH063022078,2017-01-01,Y,0.5887460451227442,0.5631704850644623,0.5631704850644623,0.5375949250061803,0.0361693038997098
TMRWI0003E6,PH083747027,2017-01-01,Y,0.5032958276623422,0.4496644305615281,0.4602283157177905,0.3562283664193023,0.0378509967919693
TMRWI0003E7,PH112402048,2017-01-01,Y,0.5244104499752812,0.4664553689095318,0.4691941497746208,0.4105529964003084,0.0290803220522292
TMRWI0003E8,PH034919016,2017-01-01,Y,0.5534137965516526,0.4094096988096039,0.4021726328911174,0.3455716394924242,0.0510325472965823
TMRWI0003E9,PH015518001,2017-01-01,Y,0.7265029962487606,0.667242399439011,0.6686687477788176,0.635549622670964,0.0303540509977598
TMRWI0003EA,PH063022196,2017-01-01,Y,0.6588204516685431,0.6421568488778581,0.6392531096340515,0.6321937502392084,0.009706344930288
TMRWI0003EB,PH063022195,2017-01-01,Y,0.649074483518736,0.6033036748118696,0.6145302044268616,0.5350798068750197,0.0493604364334369
TMRWI0003EC,PH063022079,2017-01-01,Y,0.6716260823412971,0.6588404097380679,0.6582335044787279,0.6466616423941787,0.0124932808326588
TMRWI0003ED,PH137401007,2017-01-01,Y,0.7385024180423838,0.7170751481151976,0.7170751481151976,0.6956478781880112,0.0303027357356559
TMRWI0003EE,PH097332077,2017-01-01,Y,0.6524975055082014,0.611240595970435,0.609528347886535,0.5734081826004688,0.0339021861627761
TMRWI0003EF,PH112402047,2017-01-01,Y,0.4663691557531013,0.4160958448056546,0.4171565703415906,0.3569677728596345,0.0301789497913647
TMRWI0003F0,PH083747105,2017-01-01,Y,0.6858433804136774,0.6112889619517705,0.6063299922648906,0.5545709844146781,0.0376130050323227
TMRWI0003F1,PH083747128,2017-01-01,Y,0.629563368490373,0.5704899963034176,0.5676222263706574,0.5419670031345399,0.0301215620987012
TMRWI0003F2,PH063022080,2017-01-01,Y,0.6716260823412971,0.6716260823412971,0.6716260823412971,0.6716260823412971,
TMRWI0003F3,PH112402045,2017-01-01,Y,0.4280112035019737,0.3451014770435493,0.345507051394622,0.2719638800825302,0.0315261941205131
TMRWI0003F4,PH034919015,2017-01-01,Y,0.5749423892681186,0.5053424630154505,0.5019502722497711,0.457665384289203,0.0368163276681462
TMRWI0003F5,PH063022081,2017-01-01,Y,0.5385921011547719,0.5385921011547719,0.5385921011547719,0.5385921011547719,
TMRWI0003F6,PH104305022,2017-01-01,Y,0.5817238422020776,0.5695158440426725,0.5680942615509403,0.5601510108667317,0.0108642038803336
TMRWI0003F7,PH104305020,2017-01-01,Y,0.6201239102984192,0.5873199788359346,0.5817238422020776,0.5601510108667317,0.0230128984948761
TMRWI0003F8,PH097332078,2017-01-01,Y,0.4515390670599232,0.3372882691054018,0.3512852948935014,0.1825116313587619,0.0530536535222476
TMRWI0003F9,PH112402044,2017-01-01,Y,0.4994973077339052,0.4331594622414575,0.4404294309591068,0.3649193207303723,0.0357346237459832
TMRWI0003FA,PH137401008,2017-01-01,Y,0.6748547712250865,0.6687002289614816,0.6687002289614816,0.6625456866978768,0.0087038371393883
TMRWI0003FB,PH083747152,2017-01-01,Y,0.6695607084399765,0.6152591712562434,0.6124193077208284,0.5657469046718883,0.0405805095989197
TMRWI0003FC,PH063022194,2017-01-01,Y,0.6583729573583749,0.6150752458658159,0.6103741924664208,0.5725219049774148,0.0370247659840666
TMRWI0003FD,PH063022084,2017-01-01,Y,0.6403785662581089,0.5980185133076472,0.588605902731386,0.5744836815097081,0.0308021069142262
TMRWI0003FE,PH083747025,2017-01-01,Y,0.5600914573490435,0.464329847832954,0.4718099004693927,0.3216536485371594,0.0631631678637063
TMRWI0003FF,PH083747026,2017-01-01,Y,0.4559182513419456,0.4215525425062927,0.4370145107405904,0.3216536485371594,0.0484107272820247
TMRWI000400,PH063022187,2017-01-01,Y,0.6315942489883959,0.5883179905349545,0.5782193329643742,0.5472941939184257,0.0411586861189037
TMRWI000401,PH097332081,2017-01-01,Y,0.4096931997869342,0.3587088214524824,0.3548039283776552,0.3368865977678487,0.0160114448260772
TMRWI000402,PH034919012,2017-01-01,Y,0.5295624018676159,0.4612682348751413,0.4657165870853996,0.3986255044945611,0.03777708099909
TMRWI000403,PH104305027,2017-01-01,Y,0.6146921938995475,0.5844248710652129,0.5812200842667883,0.5605671218277277,0.0224079739616503
TMRWI000404,PH083747131,2017-01-01,Y,0.5670003166221199,0.5258440281402823,0.5300445510176717,0.4709013852071221,0.0262179906465602
TMRWI000405,PH137401013,2017-01-01,Y,0.7329108977235144,0.6872160377538936,0.6918313049357198,0.6623279072759274,0.0240016041725595
TMRWI000406,PH097332084,2017-01-01,Y,0.5256538947191579,0.4189941376188392,0.4094774407797673,0.352329052727645,0.0456064911910586
TMRWI000407,PH112402032,2017-01-01,Y,0.5100005433900892,0.4264608412537313,0.4214826653000116,0.3323743680827916,0.0393303487891224
TMRWI000408,PH083747108,2017-01-01,Y,0.6590291734739452,0.6310116533974872,0.641311372486074,0.5823946951438559,0.0342354597419309
TMRWI000409,PH063022096,2017-01-01,Y,0.668074870725647,0.6295294380809007,0.6402167401521661,0.5696094012936238,0.0420544133455221
TMRWI00040A,PH083747019,2017-01-01,Y,0.5379526938950717,0.4809759499116265,0.4625751290593646,0.4277760301568977,0.0366364495381798
TMRWI00040B,PH112402031,2017-01-01,Y,0.6902238831764816,0.6129750266882681,0.6094701130837318,0.5534513201246625,0.0344676300974968
TMRWI00040C,PH034919008,2017-01-01,Y,0.477373363687039,0.4490365085812131,0.4530899111706914,0.3936138021345344,0.0246827236635651
TMRWI00040D,PH063022097,2017-01-01,Y,0.5759399542548135,0.5567674396304969,0.5567674396304969,0.5375949250061803,0.027114030206505
TMRWI00040E,PH137603007,2017-01-01,Y,0.7396835355292363,0.6711662020210394,0.6717413772743956,0.5707896217000663,0.0472480848223862
TMRWI00040F,PH063022199,2017-01-01,Y,0.6513513708626923,0.5901361401594613,0.5857346446297321,0.5151047042171576,0.0537516248848289
TMRWI000410,PH063022188,2017-01-01,Y,0.649074483518736,0.6227665051794714,0.6175118130796223,0.6069679110399051,0.0197869719485378
TMRWI000411,PH112402030,2017-01-01,Y,0.6902238831764816,0.5963071647444608,0.5914801476301075,0.5378876799979939,0.0279911651493545
TMRWI000412,PH137401014,2017-01-01,Y,0.7065413978544848,0.6783857103610706,0.6817859814133802,0.6434294807630372,0.0266241916266875
TMRWI000413,PH083747149,2017-01-01,Y,0.6515992083127994,0.6280767045829845,0.622964812756448,0.5950015152368726,0.0236482175579596
TMRWI000414,PH063022098,2017-01-01,Y,0.6362051469485638,0.6081454675756258,0.6199884639587685,0.5341020597330036,0.0353533519289294
TMRWI000415,PH083747018,2017-01-01,Y,0.6059138525502306,0.530784209191341,0.5275854457023887,0.4873577894468022,0.0388488001693537
TMRWI000416,PH112402029,2017-01-01,Y,0.4594209707139476,0.4052100772444257,0.4139598494140586,0.3399621586525944,0.0338599039294722
TMRWI000417,PH104305028,2017-01-01,Y,0.5817238422020776,0.5812200842667883,0.5812200842667883,0.5807163263314989,0.0007124213042392
TMRWI000418,PH063022099,2017-01-01,Y,0.664795145967141,0.6275602364735138,0.6220869743594777,0.6012718512079586,0.0308235398604642
TMRWI000419,PH034919007,2017-01-01,Y,0.4298883728100133,0.3887467033169009,0.3812362493033503,0.3702004163602456,0.018512520417047
TMRWI00041A,PH104305017,2017-01-01,Y,0.6163569901728009,0.6058772914374457,0.6058772914374457,0.5953975927020906,0.0148205320811234
TMRWI00041B,PH097332086,2017-01-01,Y,0.4710164899473196,0.4015594885936284,0.3961695503523183,0.350901746632422,0.0460280005147448
TMRWI00041C,PH063022095,2017-01-01,Y,0.664795145967141,0.6479686250084458,0.6438059748141218,0.6394674044383983,0.0116359775997614
TMRWI00041D,PH034919010,2017-01-01,Y,0.5749423892681186,0.4539891924128345,0.4202859887592593,0.3763964400892599,0.0716179415931349
TMRWI00041E,PH112402033,2017-01-01,Y,0.5220121056758164,0.4893220785078649,0.4925992114924825,0.4494944196038389,0.0219245390011606
TMRWI00041F,PH083747020,2017-01-01,Y,0.4625751290593646,0.4404363493983231,0.4435588356298978,0.3993665349330204,0.0217668055457553
TMRWI000420,PH104305025,2017-01-01,Y,0.5817238422020776,0.5711454820149027,0.5711454820149027,0.5605671218277277,0.0149600604443704
TMRWI000421,PH063022090,2017-01-01,Y,0.6109053626084109,0.5747487318815914,0.5747487318815914,0.5385921011547719,0.0511331975435839
TMRWI000422,PH083747022,2017-01-01,Y,0.428967553928069,0.4114968669104282,0.4119764148301625,0.3936204308569617,0.0102510685986074
TMRWI000423,PH112402037,2017-01-01,Y,0.5676122995693239,0.4973459303387046,0.5030395229912277,0.4325475785416622,0.0310250534753715
TMRWI000424,PH137603008,2017-01-01,Y,0.7500294043281748,0.6567311250890896,0.6442194047553176,0.5586962645628062,0.0551910807920679
TMRWI000425,PH137401011,2017-01-01,Y,0.7013599858154334,0.684196882074122,0.684196882074122,0.6670337783328105,0.024272294083379
TMRWI000426,PH063022091,2017-01-01,Y,0.5519109282166366,0.5447529266114084,0.5447529266114084,0.5375949250061803,0.010122942949602
TMRWI000427,PH083747107,2017-01-01,Y,0.6590291734739452,0.6545782433682166,0.6545782433682166,0.6501273132624878,0.0062945657206962
TMRWI000428,PH097332082,2017-01-01,Y,0.3779940611259473,0.3484877742626908,0.3462749763358104,0.3220341718197182,0.0121325884638667
TMRWI000429,PH112402036,2017-01-01,Y,0.6435574544369648,0.6150363493551163,0.6084236239547587,0.5927806103476415,0.019366620436686
TMRWI00042A,PH034919011,2017-01-01,Y,0.475622457180944,0.4465746293940157,0.4459861303150352,0.4122257788268183,0.0219417862724396
TMRWI00042B,PH063022092,2017-01-01,Y,0.6418472646930791,0.5912784862844677,0.5912784862844677,0.5407097078758563,0.0715150522580979
TMRWI00042C,PH112402038,2017-01-01,Y,0.3193772045520058,0.2627267433679585,0.2647872272760136,0.1824146310144814,0.0348133514449832
TMRWI00042D,PH083747021,2017-01-01,Y,0.5987625200823973,0.5358087741210318,0.5553566289044032,0.4796202457797047,0.0503341590354414
TMRWI00042E,PH063022198,2017-01-01,Y,0.5671019321141978,0.5671019321141978,0.5671019321141978,0.5671019321141978,
TMRWI00042F,PH063022093,2017-01-01,Y,0.6149827710271312,0.5947758902460647,0.6061049308702455,0.5519109282166366,0.0291964118030904
TMRWI000430,PH063022191,2017-01-01,Y,0.6588629282475273,0.652762285320853,0.652762285320853,0.6466616423941787,0.0086276119660983
TMRWI000431,PH137401012,2017-01-01,Y,0.6956478781880112,0.6956478781880112,0.6956478781880112,0.6956478781880112,
TMRWI000432,PH083747150,2017-01-01,Y,0.6688136535862185,0.6243692305392302,0.6317182143872374,0.5562681389281865,0.0381114793033822
TMRWI000433,PH097332083,2017-01-01,Y,0.4812312554068269,0.4143454165774546,0.4082634503519833,0.3337165536581231,0.0372828655819274
TMRWI000434,PH112402034,2017-01-01,Y,0.4242860603849477,0.29921727680744,0.3068019012890239,0.1654034023769572,0.0554160783047869
TMRWI000435,PH015518003,2017-01-01,Y,0.6347517707907431,0.6345775938856041,0.6345775938856041,0.6344034169804651,0.0002463233414997
TMRWI000436,PH104305026,2017-01-01,Y,0.6146921938995475,0.5856610526431176,0.5817238422020776,0.5605671218277277,0.0272764931073937
TMRWI000437,PH063022094,2017-01-01,Y,0.668074870725647,0.6050422512934959,0.5936018769459883,0.5686829886037331,0.0331887159464555
TMRWI000438,PH104305018,2017-01-01,Y,0.5953975927020906,0.5777743017844111,0.5777743017844111,0.5601510108667317,0.0249230970294288
TMRWI000439,PH063022189,2017-01-01,Y,0.6109053626084109,0.5964523528600563,0.5964523528600563,0.5819993431117017,0.0204396424032336
TMRWI00043A,PH112402035,2017-01-01,Y,0.6714821550454443,0.6027332275952787,0.605068704698308,0.5268723163796172,0.0408337764058392
TMRWI00043B,PH104305034,2017-01-01,Y,0.6095935343391138,0.5699079473851963,0.5699079473851963,0.5302223604312789,0.0561238953009668
TMRWI00043C,PH015518014,2017-01-01,Y,0.7022475288821194,0.656624208587484,0.6914371133748913,0.5761879835054414,0.0698692063783931
TMRWI00043D,PH063022116,2017-01-01,Y,0.6191084337066722,0.5737260994503297,0.5703580786098136,0.5350798068750197,0.043181531424455
TMRWI00043E,PH063022170,2017-01-01,Y,0.6149827710271312,0.5820130622656329,0.5791454875531308,0.5519109282166366,0.0316335514513747
TMRWI00043F,PH137503014,2017-01-01,Y,0.6532019560469317,0.6189714967037878,0.6144029399429549,0.5795076066088519,0.025578633279866
TMRWI000440,PH063022148,2017-01-01,Y,0.6109053626084109,0.5696030515390273,0.5644573711964634,0.5385921011547719,0.033346451850897
TMRWI000441,PH072230015,2017-01-01,Y,0.6398797926850147,0.5881688656490582,0.5883100987946341,0.5531186440098191,0.0303764430726114
TMRWI000442,PH015518020,2017-01-01,Y,0.6595070674319801,0.5972832486505409,0.5799117011091328,0.5604677614332468,0.0387177566026217
TMRWI000443,PH104305063,2017-01-01,Y,0.5966043661635089,0.4696602776793133,0.4778905497274321,0.364632407931595,0.0496623589198712
TMRWI000444,PH104305044,2017-01-01,Y,0.7232728437459858,0.6050864441721905,0.6011489791584038,0.5283120287194104,0.0519023715776776
TMRWI000445,PH104305009,2017-01-01,Y,0.659425102305066,0.6345093183220899,0.6345093183220899,0.6095935343391138,0.0352362396258831
TMRWI000446,PH137503006,2017-01-01,Y,0.6776037198053921,0.6776037198053921,0.6776037198053921,0.6776037198053921,
TMRWI000447,PH063022149,2017-01-01,Y,0.6716260823412971,0.6624837083674633,0.6597507534182734,0.6588072442920091,0.0061539673531731
TMRWI000448,PH097332904,2017-01-01,Y,0.3861405863789449,0.3202761155181873,0.3375479534803092,0.1759295081581054,0.0514042556094897
TMRWI000449,PH104305062,2017-01-01,Y,0.4054519911183763,0.2697252114183373,0.2667496546686248,0.1882202630287055,0.047559381138076
TMRWI00044A,PH083747119,2017-01-01,Y,0.6172123423888314,0.5933749216842104,0.5933749216842104,0.5695375009795893,0.0337112036524682
TMRWI00044B,PH063022150,2017-01-01,Y,0.6242680259804052,0.6022905462963081,0.6014474080465627,0.5819993431117017,0.0189303117877847
TMRWI00044C,PH072230014,2017-01-01,Y,0.6372476232401286,0.6209082373687876,0.6226419291663214,0.5967717694250709,0.0160274884219481
TMRWI00044D,PH015518019,2017-01-01,Y,0.6184383040391195,0.5717387058422067,0.5635187458126476,0.518321223188601,0.0339801329185374
TMRWI00044E,PH063022169,2017-01-01,Y,0.649074483518736,0.6260449641241531,0.6269363527888678,0.6021240560648553,0.0234879030532573
TMRWI00044F,PH104305061,2017-01-01,Y,0.7046303333435278,0.6097653042724019,0.6229502149951593,0.5283120287194104,0.0531514772352899
TMRWI000450,PH015518012,2017-01-01,Y,0.709372214269571,0.6390453278863882,0.6504549120619472,0.548110790046914,0.0528990678823197
TMRWI000451,PH063022151,2017-01-01,Y,0.6436056567059044,0.6079039671934435,0.6135656883874385,0.5504441044217977,0.0327016247162412
TMRWI000452,PH104305001,2017-01-01,Y,0.6249280256943962,0.4997956952028132,0.4898462484515326,0.428582965953078,0.0545128631374718
TMRWI000453,PH104305060,2017-01-01,Y,0.6449131084059762,0.5449921932735016,0.5385724712091537,0.4911792310529661,0.0356552704974024
TMRWI000454,PH137503007,2017-01-01,Y,0.6776037198053921,0.6276457691894648,0.6276457691894648,0.5776878185735373,0.0706512113094098
TMRWI000455,PH083747138,2017-01-01,Y,0.6695607084399765,0.6695607084399765,0.6695607084399765,0.6695607084399765,
TMRWI000456,PH063022152,2017-01-01,Y,0.5666933158749577,0.546956410498736,0.5588655898163838,0.5034011464872186,0.0295580313949138
TMRWI000457,PH104305064,2017-01-01,Y,0.6426606759282357,0.5730693576170752,0.5575090303542212,0.5266369973393513,0.038945805488748
TMRWI000458,PH097332902,2017-01-01,Y,0.3750723101332463,0.271846423643554,0.270620182856976,0.1825116313587619,0.0474236875173527
TMRWI000459,PH063022146,2017-01-01,Y,0.5671019321141978,0.5508698108500649,0.5469153992812252,0.5385921011547719,0.0146605130699983
TMRWI00045A,PH083747139,2017-01-01,Y,0.6064834651462012,0.5561331807706889,0.5575577953627748,0.5029336672110046,0.0471599191491164
TMRWI00045B,PH104305070,2017-01-01,Y,0.4109220754971215,0.2877710928578409,0.2813168371928162,0.1983240610751968,0.0499640398535326
TMRWI00045C,PH063022172,2017-01-01,Y,0.6466616423941787,0.643457430321833,0.643457430321833,0.6402532182494873,0.0045314401694308
TMRWI00045D,PH063022138,2017-01-01,Y,0.6191084337066722,0.6191084337066722,0.6191084337066722,0.6191084337066722,
TMRWI00045E,PH097332104,2017-01-01,Y,0.5830904648424249,0.5116958203866775,0.5101570771004544,0.4660278412892327,0.03151766563456
TMRWI00045F,PH104305069,2017-01-01,Y,0.4314289920827784,0.3483049627421734,0.3453772952400126,0.2847361942005529,0.03085463468494
TMRWI000460,PH015518022,2017-01-01,Y,0.6820744240942379,0.6019131004624022,0.601765885833913,0.552616115599217,0.0404197351033055
TMRWI000461,PH063022139,2017-01-01,Y,0.6409660758659338,0.6037586269443844,0.6032078728530217,0.5671019321141978,0.0369351516931519
TMRWI000462,PH072230017,2017-01-01,Y,0.6750873624772267,0.6203101358611431,0.6211653686372984,0.5695668693271619,0.0315066587140819
TMRWI000463,PH104305042,2017-01-01,Y,0.6493362154208084,0.5808131902959076,0.5741570371996365,0.516570945326574,0.0353849316485941
TMRWI000464,PH104305010,2017-01-01,Y,0.659425102305066,0.6098619194906358,0.6095935343391138,0.5605671218277277,0.0494295367058666
TMRWI000465,PH063022171,2017-01-01,Y,0.6423947388860775,0.5872385021592051,0.5810441887410086,0.5459541768661308,0.0351466786688234
TMRWI000466,PH137503004,2017-01-01,Y,0.6841190641428914,0.6464443540472491,0.6589999671750344,0.5776878185735373,0.0429854285948896
TMRWI000467,PH072230013,2017-01-01,Y,0.6293340200611897,0.5898981781480865,0.5831781863982943,0.5678081389770788,0.0227611596675099
TMRWI000468,PH104305068,2017-01-01,Y,0.384369410581635,0.3183307188025565,0.3198691017713673,0.272245791384668,0.0278091473290365
TMRWI000469,PH063022140,2017-01-01,Y,0.5385921011547719,0.5385921011547719,0.5385921011547719,0.5385921011547719,
TMRWI00046A,PH015518011,2017-01-01,Y,0.5967477116006615,0.5714212183871524,0.5780871867475021,0.5384840198534587,0.0226071593174267
TMRWI00046B,PH104305043,2017-01-01,Y,0.7232728437459858,0.590568394857941,0.5850580637885623,0.5036206076308275,0.0562430755228197
TMRWI00046C,PH097332901,2017-01-01,Y,0.5072145043060833,0.3107613242380804,0.3029876666705589,0.1352628828321954,0.0963757347591562
TMRWI00046D,PH104305067,2017-01-01,Y,0.6976981138630789,0.5021568921381356,0.5125086227239779,0.3576599674590971,0.0657568495103271
TMRWI00046E,PH015518021,2017-01-01,Y,0.6820744240942379,0.6317227005590512,0.6425345282690665,0.5462731800849839,0.048669961648285
TMRWI00046F,PH063022144,2017-01-01,Y,0.6586455617926767,0.6120729419469569,0.6315942489883959,0.5529498739951234,0.0372730674155009
TMRWI000470,PH072230016,2017-01-01,Y,0.6474118537102557,0.6019559960721244,0.5951007695843217,0.5664627523001845,0.0292850662110034
TMRWI000471,PH083747123,2017-01-01,Y,0.6573319604630234,0.5929966943993535,0.5766470684757106,0.5613606801829698,0.0438722928009552
TMRWI000472,PH072230005,2017-01-01,Y,0.6841765574190233,0.6406054184943872,0.6422267010962416,0.576802233125792,0.0286880827241682
TMRWI000473,PH104305065,2017-01-01,Y,0.5132795873499623,0.4488646725921429,0.4533913137736077,0.3726525547419503,0.0365107035650509
TMRWI000474,PH137503005,2017-01-01,Y,0.7100896486118734,0.6544285754376274,0.6477826868268479,0.6120592794849403,0.0407519607337031
TMRWI000475,PH083747118,2017-01-01,Y,0.6172123423888314,0.6172123423888314,0.6172123423888314,0.6172123423888314,
TMRWI000476,PH104305045,2017-01-01,Y,0.659425102305066,0.6005700398333791,0.5957974269644832,0.560421891319288,0.034621756098446
TMRWI000477,PH104305059,2017-01-01,Y,0.4656797202320063,0.3975832033708564,0.4072491574292675,0.2787868582379809,0.049242396454426
TMRWI000478,PH015518018,2017-01-01,Y,0.7396652793173856,0.6753267654048235,0.6818465568506502,0.6208477436672474,0.0387838996736847
TMRWI000479,PH072230007,2017-01-01,Y,0.7025754626142492,0.6530488082162762,0.6527503042000008,0.6126940531337507,0.0275418275501481
TMRWI00047A,PH063022159,2017-01-01,Y,0.6403785662581089,0.6208252087330337,0.6208252087330337,0.6012718512079586,0.0276526234018912
TMRWI00047B,PH072230010,2017-01-01,Y,0.6474118537102557,0.5898069566956988,0.5726766103861776,0.5664627523001845,0.0387194076917847
TMRWI00047C,PH063022166,2017-01-01,Y,0.6373980836545681,0.6116907969148119,0.607527974184704,0.5901463329051636,0.0238993474185528
TMRWI00047D,PH137503010,2017-01-01,Y,0.72039161820646,0.6763738038975515,0.6776037198053921,0.6265107248917366,0.0400281287518857
TMRWI00047E,PH083747122,2017-01-01,Y,0.6573319604630234,0.5977950830279563,0.5846323836267753,0.5613606801829698,0.0348025247255395
TMRWI00047F,PH104305048,2017-01-01,Y,0.6096714961085439,0.4951076162222236,0.4943105222228411,0.4363074219156984,0.0351848724310271
TMRWI000480,PH104305053,2017-01-01,Y,0.6493362154208084,0.6001453980331907,0.597188661120191,0.5530583636265604,0.0316583937168291
TMRWI000481,PH083747121,2017-01-01,Y,0.6637102946675931,0.5788865738434555,0.5695375009795893,0.497939445530024,0.0459890615505309
TMRWI000482,PH063022160,2017-01-01,Y,0.6430944499661879,0.6099163099746485,0.6036411036354044,0.5895122726400992,0.0198767724111585
TMRWI000483,PH104305005,2017-01-01,Y,0.67693656601625,0.6038387049290596,0.603442995616698,0.5139919694826126,0.0443599863943127
TMRWI000484,PH104305052,2017-01-01,Y,0.7020713638902424,0.6092099746724978,0.6163569901728009,0.5417066883270042,0.0476159958441314
TMRWI000485,PH015518016,2017-01-01,Y,0.5664887440438818,0.5514393764404718,0.552616115599217,0.5303546605430838,0.0122194197827661
TMRWI000486,PH104305007,2017-01-01,Y,0.6095935343391138,0.6095935343391138,0.6095935343391138,0.6095935343391138,
TMRWI000487,PH063022161,2017-01-01,Y,0.6149827710271312,0.5834468496218839,0.5834468496218839,0.5519109282166366,0.0445985277532327
TMRWI000488,PH072230009,2017-01-01,Y,0.6841765574190233,0.6443494398368875,0.6509661948152626,0.6017751608576578,0.0312994888659519
TMRWI000489,PH063022165,2017-01-01,Y,0.6364433430679778,0.6048419765833435,0.5965293294666353,0.5887460451227442,0.0196933616151444
TMRWI00048A,PH104305051,2017-01-01,Y,0.6941792991326572,0.5944778271236113,0.5859599102409219,0.5036206076308275,0.0550797034480708
TMRWI00048B,PH137503011,2017-01-01,Y,0.7031462248402849,0.678031026243397,0.6851961106609022,0.6457507432290037,0.02936092902788
TMRWI00048C,PH083747136,2017-01-01,Y,0.670536037224543,0.616620307746068,0.6154282554246215,0.5676020802502283,0.0304714507161125
TMRWI00048D,PH063022163,2017-01-01,Y,0.6007996779439534,0.5722045596786638,0.5752118178822607,0.5375949250061803,0.0260426264019135
TMRWI00048E,PH104305006,2017-01-01,Y,0.6095935343391138,0.6095935343391138,0.6095935343391138,0.6095935343391138,
TMRWI00048F,PH104305050,2017-01-01,Y,0.6154501685581272,0.5339863599907194,0.5301923444853993,0.4879601671238111,0.0271018592211186
TMRWI000490,PH137503012,2017-01-01,Y,0.6482920656814006,0.6376330614608768,0.6450904503385831,0.6120592794849403,0.0172084061645335
TMRWI000491,PH063022164,2017-01-01,Y,0.6555261255627289,0.6077327979892067,0.6103400930090517,0.5547248803759944,0.0468042276595673
TMRWI000492,PH072230008,2017-01-01,Y,0.7025754626142492,0.6813473799456197,0.6708606725206855,0.6706060047019244,0.0183844998372026
TMRWI000493,PH015518015,2017-01-01,Y,0.7022475288821194,0.6631225056735194,0.6634355144021705,0.635549622670964,0.0250903395250667
TMRWI000494,PH083747140,2017-01-01,Y,0.5683633055033559,0.5268809426897244,0.5268809426897244,0.4853985798760928,0.058664920090319
TMRWI000495,PH015518013,2017-01-01,Y,0.6820744240942379,0.6628132148706553,0.667387509203959,0.6344034169804651,0.0204887495124604
TMRWI000496,PH104305047,2017-01-01,Y,0.401246407697676,0.3044822326506898,0.3048784429979159,0.19310251739333,0.0514122428553217
TMRWI000497,PH072230006,2017-01-01,Y,0.6425082098069811,0.6027500158140529,0.5951007695843217,0.5678081389770788,0.0286788755267125
TMRWI000498,PH063022168,2017-01-01,Y,0.6555261255627289,0.6075254332464474,0.617617683985294,0.5165049781990798,0.0405112662433099
TMRWI000499,PH063022154,2017-01-01,Y,0.6012718512079586,0.5878777663588333,0.5878777663588333,0.5744836815097081,0.0189420964492088
TMRWI00049A,PH104305002,2017-01-01,Y,0.5873160103922462,0.5275003303698316,0.5280780709251431,0.4649625589452971,0.0284997826158962
TMRWI00049B,PH083747135,2017-01-01,Y,0.6752279242410785,0.637283716385,0.6349372803457969,0.593387098488546,0.0343154328534044
TMRWI00049C,PH137503013,2017-01-01,Y,0.6653065010081132,0.6472216238540505,0.6505271151557115,0.6208594630529639,0.0148878808395898
TMRWI00049D,PH104305058,2017-01-01,Y,0.6408304128390506,0.5982723365941122,0.6104876821271452,0.5302223604312789,0.0385501974697915
TMRWI00049E,PH104305046,2017-01-01,Y,0.6976981138630789,0.539623646028835,0.5257720491487579,0.4603476886267269,0.0488925584969139
TMRWI00049F,PH137503008,2017-01-01,Y,0.6770954199117055,0.6233201526403696,0.6192486860381177,0.5776878185735373,0.0426673249537695
TMRWI0004A0,PH063022155,2017-01-01,Y,0.6399532429846285,0.5864670119427815,0.5755949622052516,0.5547248803759944,0.0389705853876933
TMRWI0004A1,PH072230012,2017-01-01,Y,0.622825928754215,0.5801284833908315,0.5735559755612192,0.5505760536866726,0.0306302660637709
TMRWI0004A2,PH083747120,2017-01-01,Y,0.6573319604630234,0.6123016736128919,0.6078583765196336,0.5695375009795893,0.0318896549900455
TMRWI0004A3,PH104305054,2017-01-01,Y,0.6927941632953335,0.5063845132034761,0.5008958335960594,0.4234194386481805,0.0595550256334764
TMRWI0004A4,PH104305057,2017-01-01,Y,0.4485063683279112,0.3601781782861737,0.3510446455423016,0.2935696098935344,0.0429874273255901
TMRWI0004A5,PH063022156,2017-01-01,Y,0.6588629282475273,0.6472322345170308,0.6472245018969213,0.6246048557545179,0.0139783564195665
TMRWI0004A6,PH104305008,2017-01-01,Y,0.6095935343391138,0.5850803280834207,0.5850803280834207,0.5605671218277277,0.0346669087440501
TMRWI0004A7,PH063022167,2017-01-01,Y,0.6583729573583749,0.6086063225205683,0.5949241052259152,0.5725219049774148,0.0445309229783435
TMRWI0004A8,PH104305003,2017-01-01,Y,0.7046303333435278,0.595781653880533,0.5922271196761759,0.5017557343630021,0.0546264049880061
TMRWI0004A9,PH104305056,2017-01-01,Y,0.6652551183011187,0.5989771541624607,0.6007768527279604,0.5210175364772008,0.0416870980771791
TMRWI0004AA,PH063022157,2017-01-01,Y,0.6032078728530217,0.5897903485737637,0.5907349199661626,0.5744836815097081,0.0145849498298036
TMRWI0004AB,PH072230011,2017-01-01,Y,0.7025754626142492,0.659954377054243,0.6706060047019244,0.6126940531337507,0.0337962331389254
TMRWI0004AC,PH137503009,2017-01-01,Y,0.7031462248402849,0.6487871689045287,0.6523753552020191,0.5840042637779144,0.0407665338039251
TMRWI0004AD,PH083747137,2017-01-01,Y,0.5799785683718721,0.5525117325664441,0.56356734734145,0.5029336672110046,0.0339694456280407
TMRWI0004AE,PH104305055,2017-01-01,Y,0.5867529630231662,0.5495406886681312,0.5450909599498305,0.5266369973393513,0.0214863409085418
TMRWI0004AF,PH063022158,2017-01-01,Y,0.6716260823412971,0.6505004262104104,0.6506639772224578,0.6290476680554288,0.0184495994812038
TMRWI0004B0,PH104305004,2017-01-01,Y,0.5067656170770999,0.4536607055714913,0.4694975927523226,0.3541911964816966,0.0413253238154485
TMRWI0004B1,PH015518017,2017-01-01,Y,0.7396652793173856,0.6214096760681014,0.6208477436672474,0.5384840198534587,0.0550701702919721
TMRWI0004B2,PH137503003,2017-01-01,Y,0.6770954199117055,0.6273916192426214,0.6273916192426214,0.5776878185735373,0.0702917890077076
TMRWI0004B3,PH072230018,2017-01-01,Y,0.5775450817952763,0.5735559755612192,0.5735559755612192,0.5695668693271619,0.0056414481379507
TMRWI0004B4,PH063022137,2017-01-01,Y,0.6109053626084109,0.6073648001131842,0.6073648001131842,0.6038242376179576,0.005007111499179
TMRWI0004B5,PH112402004,2017-01-01,Y,0.4699399854641281,0.4028877836709505,0.4009717711221802,0.3675253931992662,0.0233100953463611
TMRWI0004B6,PH104305036,2017-01-01,Y,0.6095935343391138,0.5699079473851963,0.5699079473851963,0.5302223604312789,0.0561238953009668
TMRWI0004B7,PH063022122,2017-01-01,Y,0.6021240560648553,0.5686019314699375,0.5686019314699375,0.5350798068750197,0.0474074432416935
TMRWI0004B8,PH072230025,2017-01-01,Y,0.6750873624772267,0.6437992259566477,0.6516694627499712,0.576802233125792,0.0303854743511115
TMRWI0004B9,PH137401024,2017-01-01,Y,0.7385024180423838,0.7133683179470375,0.7096614877788775,0.6956478781880112,0.0210994009823923
TMRWI0004BA,PH083747143,2017-01-01,Y,0.6003555754087723,0.5843594404560641,0.5843594404560641,0.5683633055033559,0.0226219509956701
TMRWI0004BB,PH112402003,2017-01-01,Y,0.5622534577858732,0.5326907117391821,0.5304664245563956,0.5040426187863396,0.0180966144437083
TMRWI0004BC,PH104305013,2017-01-01,Y,0.659425102305066,0.6175232517896095,0.6175232517896095,0.5756214012741531,0.0592581652874886
TMRWI0004BD,PH063022177,2017-01-01,Y,0.6652624222354389,0.5940303457799407,0.5864881718331734,0.5277928247375508,0.0425323938181381
TMRWI0004BE,PH083747133,2017-01-01,Y,0.6279548051013893,0.5720447383383979,0.5722827925019669,0.5419670031345399,0.0269461779878422
TMRWI0004BF,PH137603003,2017-01-01,Y,0.6738609454277209,0.6426908275613544,0.6708761174885736,0.5707896217000663,0.0469571175041544
TMRWI0004C0,PH063022123,2017-01-01,Y,0.6191084337066722,0.5788502674307221,0.5788502674307221,0.5385921011547719,0.0569336447437198
TMRWI0004C1,PH097332096,2017-01-01,Y,0.4019304309558833,0.3277677248249904,0.3416953774823701,0.2205337254185005,0.0423864086133483
TMRWI0004C2,PH097332097,2017-01-01,Y,0.4892007076710433,0.4022387187166829,0.4197680630869045,0.1787372385042527,0.0583444623008848
TMRWI0004C3,PH015518028,2017-01-01,Y,0.6034788320756678,0.5507274707316987,0.5438163143872954,0.523115344601582,0.0238264539933892
TMRWI0004C4,PH104305037,2017-01-01,Y,0.6067714004167721,0.5550267439359846,0.5525119617810016,0.5003547899518379,0.0380471120189839
TMRWI0004C5,PH063022124,2017-01-01,Y,0.6007996779439534,0.5857249117227399,0.5801979887243666,0.5744836815097081,0.0123658652679958
TMRWI0004C6,PH072230024,2017-01-01,Y,0.7025754626142492,0.6687241671993147,0.6820987294821644,0.5963556376796607,0.0421503289073119
TMRWI0004C7,PH072230002,2017-01-01,Y,0.6405281296213667,0.6120405640678586,0.6190336286614527,0.5695668693271619,0.0302331226797078
TMRWI0004C8,PH137401025,2017-01-01,Y,0.7385024180423838,0.6872052352988283,0.6751249632131291,0.6591633956344505,0.0318257024256799
TMRWI0004C9,PH112402001,2017-01-01,Y,0.5514039387763163,0.46316111277781,0.4572848372145599,0.3960300685921556,0.0350085034293045
TMRWI0004CA,PH083747115,2017-01-01,Y,0.6526778919625122,0.5996955977005439,0.5998035187663436,0.5562681389281865,0.0388961359614623
TMRWI0004CB,PH063022125,2017-01-01,Y,0.6038242376179576,0.6038242376179576,0.6038242376179576,0.6038242376179576,
TMRWI0004CC,PH097332098,2017-01-01,Y,0.4761692646549567,0.4258081624865366,0.4262313256206598,0.3885798230405805,0.0232885316351548
TMRWI0004CD,PH104305081,2017-01-01,Y,0.5807163263314989,0.5807163263314989,0.5807163263314989,0.5807163263314989,
TMRWI0004CE,PH015518027,2017-01-01,Y,0.6034788320756678,0.5555278171609082,0.5432993882964937,0.523115344601582,0.0279351295674513
TMRWI0004CF,PH112402002,2017-01-01,Y,0.5922121160064711,0.5754444835155987,0.5772027726544763,0.5551602727469716,0.0152656428894694
TMRWI0004D0,PH063022126,2017-01-01,Y,0.6191084337066722,0.6114663356623149,0.6114663356623149,0.6038242376179576,0.010807558699315
TMRWI0004D1,PH063022121,2017-01-01,Y,0.6234889897115835,0.605550242339891,0.6150144955221235,0.5686829886037331,0.0257528786453437
TMRWI0004D2,PH112402005,2017-01-01,Y,0.6548052344729614,0.6093212189426032,0.6101335349180952,0.5502945198797784,0.0273489208765111
TMRWI0004D3,PH083747006,2017-01-01,Y,0.6400125061967097,0.5792073860535782,0.56356734734145,0.5496823433347031,0.0410816960221857
TMRWI0004D4,PH015518031,2017-01-01,Y,0.7396652793173856,0.6475551908628644,0.6453477156394487,0.5542225967214245,0.0667732519412976
TMRWI0004D5,PH112402010,2017-01-01,Y,0.6794033626916438,0.5983045502554435,0.592147034027251,0.5382208102928897,0.0437990077209262
TMRWI0004D6,PH104305014,2017-01-01,Y,0.659425102305066,0.6175232517896095,0.6175232517896095,0.5756214012741531,0.0592581652874886
TMRWI0004D7,PH063022179,2017-01-01,Y,0.7065617031074352,0.6032769789352405,0.600840285042114,0.5341081187540895,0.0438425978164059
TMRWI0004D8,PH063022117,2017-01-01,Y,0.6606385785890194,0.6151472248849973,0.6332633546796492,0.5459541768661308,0.0450028607723357
TMRWI0004D9,PH097332094,2017-01-01,Y,0.6689481017092723,0.6190329074424367,0.6251092739506078,0.5457431360093552,0.0357101912463129
TMRWI0004DA,PH112402009,2017-01-01,Y,0.5507470359087595,0.5121043656329158,0.51338163833721,0.4698847051722932,0.023212701771042
TMRWI0004DB,PH137401022,2017-01-01,Y,0.7329108977235144,0.6918407315137601,0.6921425210310772,0.6434294807630372,0.030178881193286
TMRWI0004DC,PH083747145,2017-01-01,Y,0.6119068732210755,0.6061312243149239,0.6061312243149239,0.6003555754087723,0.0081680010145849
TMRWI0004DD,PH063022118,2017-01-01,Y,0.6466616423941787,0.643457430321833,0.643457430321833,0.6402532182494873,0.0045314401694308
TMRWI0004DE,PH072230027,2017-01-01,Y,0.63521790217149,0.5948512447212825,0.5951007695843217,0.5648734026957408,0.0202343434734524
TMRWI0004DF,PH015518029,2017-01-01,Y,0.6024257368082659,0.5685488436725483,0.5769394757886205,0.5200273179029635,0.0309967076745892
TMRWI0004E0,PH137603004,2017-01-01,Y,0.8387371539154228,0.6993863403924817,0.686534002967765,0.6609665149407014,0.0464815264084497
TMRWI0004E1,PH104305049,2017-01-01,Y,0.6536977240158447,0.570074824392156,0.5656656176027584,0.4949041920161198,0.0474969604770502
TMRWI0004E2,PH015518008,2017-01-01,Y,0.686253869105989,0.602815389967483,0.5904793589702428,0.5242055314277176,0.0486811299652509
TMRWI0004E3,PH015518030,2017-01-01,Y,0.6499264095132805,0.5967231358312436,0.5999418415563782,0.5462731800849839,0.0385705001051248
TMRWI0004E4,PH063022119,2017-01-01,Y,0.6716260823412971,0.6465586854117524,0.644843123322224,0.6249224126612645,0.0231039809563458
TMRWI0004E5,PH097332095,2017-01-01,Y,0.3672481311389968,0.3098146660017306,0.3193990356642895,0.2560036646341567,0.0374416422678773
TMRWI0004E6,PH112402006,2017-01-01,Y,0.6711208419534305,0.5803341197807405,0.5702839297550132,0.5234997974429514,0.0355673901891261
TMRWI0004E7,PH072230001,2017-01-01,Y,0.6201279322676495,0.5954807959676529,0.5951007695843217,0.5678081389770788,0.0190738938382122
TMRWI0004E8,PH137401023,2017-01-01,Y,0.764855900063484,0.7228279715205185,0.7125480001015783,0.7013599858154334,0.0289037255707816
TMRWI0004E9,PH063022120,2017-01-01,Y,0.6857420774673383,0.6492340549310208,0.6394933996795715,0.6321937502392084,0.0214087703984105
TMRWI0004EA,PH072230026,2017-01-01,Y,0.688496487205073,0.620824673675177,0.6184116096694914,0.5505760536866726,0.0382974471684362
TMRWI0004EB,PH063022178,2017-01-01,Y,0.6394933996795715,0.616300359338451,0.6212915397359693,0.5895122726400992,0.0243798623881106
TMRWI0004EC,PH083747114,2017-01-01,Y,0.6688136535862185,0.6316526858258644,0.6322049956143467,0.593387098488546,0.0423677927578092
TMRWI0004ED,PH104305035,2017-01-01,Y,0.6146921938995475,0.578768802624417,0.5850803280834207,0.5302223604312789,0.0405327536667381
TMRWI0004EE,PH083747113,2017-01-01,Y,0.6688136535862185,0.6413556579994109,0.6586803805771554,0.5965729398348586,0.0391125260002897
TMRWI0004EF,PH072230023,2017-01-01,Y,0.6750873624772267,0.6215333824505184,0.6222272827067719,0.5574652825727899,0.0361291487893904
TMRWI0004F0,PH015518009,2017-01-01,Y,0.686253869105989,0.5987350093005922,0.5903219500906998,0.5155428196538446,0.0523501025914623
TMRWI0004F1,PH137503001,2017-01-01,Y,0.72039161820646,0.6989976690059261,0.6989976690059261,0.6776037198053921,0.0302556131121161
TMRWI0004F2,PH083747141,2017-01-01,Y,0.5683633055033559,0.5268809426897244,0.5268809426897244,0.4853985798760928,0.058664920090319
TMRWI0004F3,PH063022133,2017-01-01,Y,0.5696094012936238,0.5551595545847401,0.5551595545847401,0.5407097078758563,0.0204351691899156
TMRWI0004F4,PH072230020,2017-01-01,Y,0.6398797926850147,0.5913884411171766,0.5904630053353322,0.5531186440098191,0.0254548221127928
TMRWI0004F5,PH015518010,2017-01-01,Y,0.5865280701397316,0.5640986499620677,0.5620144861210756,0.5516507231993226,0.0134642472026404
TMRWI0004F6,PH104305074,2017-01-01,Y,0.6095935343391138,0.6095935343391138,0.6095935343391138,0.6095935343391138,
TMRWI0004F7,PH104305040,2017-01-01,Y,0.6741208431407127,0.5683940501453354,0.5470745102900966,0.5003547899518379,0.0513046353328319
TMRWI0004F8,PH015518024,2017-01-01,Y,0.6820744240942379,0.6452397056634644,0.6347517707907431,0.6003844024544144,0.0333816357235717
TMRWI0004F9,PH104305011,2017-01-01,Y,0.659425102305066,0.6345093183220899,0.6345093183220899,0.6095935343391138,0.0352362396258831
TMRWI0004FA,PH063022173,2017-01-01,Y,0.6606385785890194,0.6247210386841434,0.6333656146893973,0.5715143467687597,0.0383538544216609
TMRWI0004FB,PH063022134,2017-01-01,Y,0.6583729573583749,0.6090832957706332,0.6116176726740818,0.5547248803759944,0.0483148123797644
TMRWI0004FC,PH097332102,2017-01-01,Y,0.5495699091716862,0.4830379961748598,0.4868815218596996,0.4178742735121365,0.0376680798670741
TMRWI0004FD,PH104305075,2017-01-01,Y,0.5756214012741531,0.5756214012741531,0.5756214012741531,0.5756214012741531,
TMRWI0004FE,PH104305073,2017-01-01,Y,0.5302223604312789,0.5302223604312789,0.5302223604312789,0.5302223604312789,
TMRWI0004FF,PH063022135,2017-01-01,Y,0.6549052551453316,0.6308972381973956,0.6362051469485638,0.6026614909464726,0.0163571085201436
TMRWI000500,PH072230019,2017-01-01,Y,0.63521790217149,0.5999764889131847,0.5935443222292536,0.5699799563271603,0.0203240127994875
TMRWI000501,PH083747117,2017-01-01,Y,0.6586803805771554,0.6209362414026398,0.6262699744756153,0.5562681389281865,0.0347936295052744
TMRWI000502,PH104305072,2017-01-01,Y,0.3286422850536952,0.2656578783262905,0.266087849589857,0.1882202630287055,0.0439128323310759
TMRWI000503,PH104305041,2017-01-01,Y,0.6249180580813711,0.4915094831204371,0.4784652427871372,0.4142777208423954,0.0682043780469672
TMRWI000504,PH083747134,2017-01-01,Y,0.6696963743615774,0.6358028808530872,0.6316138459175329,0.5950015152368726,0.0304780910730405
TMRWI000505,PH015518023,2017-01-01,Y,0.7265029962487606,0.6478388504635543,0.6546681423941023,0.5542225967214245,0.0685812856176416
TMRWI000506,PH063022136,2017-01-01,Y,0.6191084337066722,0.6191084337066722,0.6191084337066722,0.6191084337066722,
TMRWI000507,PH097332103,2017-01-01,Y,0.4383548334602938,0.3781955856239925,0.3874755233804929,0.2884299722423697,0.0367070950173616
TMRWI000508,PH104305071,2017-01-01,Y,0.3463650518236095,0.3037116901890042,0.3041829281240524,0.2667496546686248,0.0205219137298775
TMRWI000509,PH137603001,2017-01-01,Y,0.7095153373116987,0.664063809268244,0.6726780085709204,0.5925057301429787,0.0367080406426037
TMRWI00050A,PH072230004,2017-01-01,Y,0.6372476232401286,0.607747226812235,0.6126210572095769,0.5574652825727899,0.0263862336615726
TMRWI00050B,PH137503002,2017-01-01,Y,0.6776037198053921,0.6441289860968783,0.6770954199117055,0.5776878185735373,0.0575403002129287
TMRWI00050C,PH063022176,2017-01-01,Y,0.6430944499661879,0.6181632418416897,0.6249224126612645,0.5738437188196931,0.0262344545590358
TMRWI00050D,PH097332101,2017-01-01,Y,0.6876907088784115,0.5834405328131999,0.5528970944862285,0.4959440391670222,0.0673281607194876
TMRWI00050E,PH063022174,2017-01-01,Y,0.6582335044787279,0.6293963584775089,0.6336812379732966,0.5919894534847145,0.0285470082219289
TMRWI00050F,PH104305080,2017-01-01,Y,0.5944706877147548,0.5875935070231268,0.5875935070231268,0.5807163263314989,0.0097258022049905
TMRWI000510,PH137401026,2017-01-01,Y,0.696201621271367,0.6888469788408829,0.6952143520381524,0.6751249632131291,0.0118938622743392
TMRWI000511,PH083747142,2017-01-01,Y,0.5683633055033559,0.5683633055033559,0.5683633055033559,0.5683633055033559,
TMRWI000512,PH063022127,2017-01-01,Y,0.6479050530632676,0.6361631888639365,0.6377280813282545,0.6212915397359693,0.0110639987392367
TMRWI000513,PH104305038,2017-01-01,Y,0.4706306638832448,0.3702076220080541,0.3512949588325343,0.2716592628615983,0.0544337217877838
TMRWI000514,PH097332099,2017-01-01,Y,0.6094375307429692,0.5936915228425047,0.5951288537072785,0.5734081826004688,0.0138557577376371
TMRWI000515,PH104305079,2017-01-01,Y,0.6201239102984192,0.5941880262773319,0.5817238422020776,0.5807163263314989,0.0224667828587858
TMRWI000516,PH104305012,2017-01-01,Y,0.659425102305066,0.6013017899365152,0.5926074678066334,0.5605671218277277,0.0438401186651116
TMRWI000517,PH063022175,2017-01-01,Y,0.6919662570205901,0.6161634150614875,0.6149827710271312,0.5519109282166366,0.0426941906528161
TMRWI000518,PH063022128,2017-01-01,Y,0.6394933996795715,0.633265919668024,0.6390128195885313,0.6212915397359693,0.010372900769499
TMRWI000519,PH072230022,2017-01-01,Y,0.6863389218527319,0.6259104922475044,0.6197250176935077,0.5748000829701742,0.0365368687286212
TMRWI00051A,PH015518026,2017-01-01,Y,0.6396082308551817,0.6375789267630729,0.6375789267630729,0.635549622670964,0.0028698693692395
TMRWI00051B,PH063022132,2017-01-01,Y,0.649074483518736,0.5916778157406728,0.5912784862844677,0.5350798068750197,0.062215843928187
TMRWI00051C,PH083747124,2017-01-01,Y,0.6317636115293026,0.6032646345107578,0.6064834651462012,0.5545709844146781,0.0200983927678051
TMRWI00051D,PH104305078,2017-01-01,Y,0.6201239102984192,0.6009238762502485,0.6009238762502485,0.5817238422020776,0.0271529485489482
TMRWI00051E,PH137603002,2017-01-01,Y,0.7415409478486589,0.6741492368491638,0.6883211029106789,0.5925057301429787,0.0538209956762894
TMRWI00051F,PH137401027,2017-01-01,Y,0.764855900063484,0.7004617522672736,0.6980709100536063,0.6623279072759274,0.0282126293672865
TMRWI000520,PH063022129,2017-01-01,Y,0.6716260823412971,0.6649297934100125,0.6649297934100125,0.6582335044787279,0.0094699826241915
TMRWI000521,PH097332100,2017-01-01,Y,0.4123034586182912,0.3296698989257806,0.3437271868886175,0.2367644520188981,0.0411624415362945
TMRWI000522,PH104305077,2017-01-01,Y,0.6095935343391138,0.5819273524803316,0.5756214012741531,0.5605671218277277,0.0251141602765287
TMRWI000523,PH083747116,2017-01-01,Y,0.6526778919625122,0.6116778989841645,0.6162610042031719,0.5615116955678019,0.04666730073951
TMRWI000524,PH063022131,2017-01-01,Y,0.5696094012936238,0.5518832494879845,0.5469153992812252,0.5350798068750197,0.0156341613957699
TMRWI000525,PH072230003,2017-01-01,Y,0.7053395949190606,0.6558285062714337,0.6454483936802865,0.6197855618140256,0.0267452355695743
TMRWI000526,PH072230021,2017-01-01,Y,0.6577881116688762,0.6210865142532443,0.6222517604065962,0.5574652825727899,0.0284915243409102
TMRWI000527,PH015518025,2017-01-01,Y,0.7265029962487606,0.6695893276598603,0.6557173135279946,0.6344034169804651,0.0406540900556333
TMRWI000528,PH104305076,2017-01-01,Y,0.6163569901728009,0.5840431341045619,0.5756214012741531,0.5601510108667317,0.0290339838006887
TMRWI000529,PH104305039,2017-01-01,Y,0.360662881833955,0.2860293136128307,0.2742140634464209,0.2411877935545467,0.0307795522216003
TMRWI00052A,PH112402007,2017-01-01,Y,0.5512797219688838,0.4661052247652418,0.4665927204439859,0.3689030684944772,0.0401474713215493
TMRWI00052B,PH112402162,2017-01-01,Y,0.5348556366604605,0.5289684031888671,0.5289684031888671,0.5230811697172735,0.0083258054203843
TMRWI00052C,PH097332076,2017-01-01,Y,0.6653617216209027,0.6118144005478964,0.6117205813660411,0.5319563786665535,0.0296570646049833
TMRWI00052D,PH112402179,2017-01-01,Y,0.6309036295764766,0.6153087327263129,0.6208830604428865,0.5889870769811963,0.0163796395324957
TMRWI00052E,PH097332016,2017-01-01,Y,0.6578693121049143,0.5555821950856109,0.5598893481913244,0.4749791277079788,0.0525843697178932
TMRWI00052F,PH063022010,2017-01-01,Y,0.6654874553020119,0.6153053237329711,0.6170900107904798,0.5732069693083612,0.0278335106084859
TMRWI000530,PH097332046,2017-01-01,Y,0.5600538764127037,0.4698643286868703,0.4608126244033387,0.4266009888369012,0.0391082023220267
TMRWI000531,PH112402119,2017-01-01,Y,0.4196167535782202,0.3747153404253938,0.3723124494619168,0.3278066547992233,0.0231554396065705
TMRWI000532,PH050506023,2017-01-01,Y,0.6421600007412661,0.636073137242092,0.636073137242092,0.6299862737429178,0.0086081249128458
TMRWI000533,PH063022011,2017-01-01,Y,0.7065617031074352,0.6123925771468473,0.6104289460449634,0.5432597580273439,0.0395086748770272
TMRWI000534,PH083747062,2017-01-01,Y,0.6064834651462012,0.5547085661786029,0.5547085661786029,0.5029336672110046,0.0732207643104743
TMRWI000535,PH112402118,2017-01-01,Y,0.4811016117861721,0.4271408689791809,0.4248145167778483,0.3561719279359012,0.027169484462011
TMRWI000536,PH112402180,2017-01-01,Y,0.5109768360668956,0.4136634202988954,0.4206904375720126,0.317729707233763,0.0459410313156244
TMRWI000537,PH063022012,2017-01-01,Y,0.6466458737623099,0.6033907625069578,0.6068249970408333,0.5532671821838548,0.0466833996519961
TMRWI000538,PH083747092,2017-01-01,Y,0.6674525545243969,0.6534452051905584,0.6510541015440259,0.6442200631497847,0.0098883452796424
TMRWI000539,PH097332047,2017-01-01,Y,0.6055800368090276,0.5323695905022767,0.5309347738386772,0.4761692646549567,0.0345954403006679
TMRWI00053A,PH112402117,2017-01-01,Y,0.7193082215835619,0.5466487976252621,0.5326889111093447,0.5007184772801306,0.0433831526714931
TMRWI00053B,PH112402120,2017-01-01,Y,0.5176462151805399,0.4145961396889671,0.4134456771197126,0.3456699207294554,0.0350973638650931
TMRWI00053C,PH050506022,2017-01-01,Y,0.6421600007412661,0.6102828711686878,0.6102828711686878,0.5784057415961095,0.0450810689710646
TMRWI00053D,PH083747061,2017-01-01,Y,0.5987625200823973,0.5802310190697432,0.5741744790932387,0.5564566599614421,0.0179889851167635
TMRWI00053E,PH112402116,2017-01-01,Y,0.6601634088792888,0.6135490036269688,0.6128749596450427,0.5475620013451049,0.0307133497977133
TMRWI00053F,PH063022015,2017-01-01,Y,0.6329786187303447,0.5958716031054827,0.5917029307886941,0.5671019321141978,0.0288912190760855
TMRWI000540,PH112402181,2017-01-01,Y,0.6340966508047052,0.5760850512796419,0.583720562299685,0.5130915489718817,0.040745844070293
TMRWI000541,PH097332015,2017-01-01,Y,0.4976459347211862,0.4177317600172839,0.409000161946601,0.3380357883202203,0.0353213146736012
TMRWI000542,PH097332048,2017-01-01,Y,0.5964435745105703,0.5064585534287015,0.5092787300511241,0.4149700695169656,0.0480182288394493
TMRWI000543,PH112402115,2017-01-01,Y,0.5388392588875569,0.4687154417705803,0.4644540494466253,0.4079662911085498,0.0379183799607488
TMRWI000544,PH063022016,2017-01-01,Y,0.6496242944335984,0.6151149222174517,0.6288338719419377,0.577602666019456,0.0327692387807595
TMRWI000545,PH083747060,2017-01-01,Y,0.6064834651462012,0.563955579935678,0.5824496074498282,0.5029336672110046,0.0541955897963627
TMRWI000546,PH112402114,2017-01-01,Y,0.4745623165422541,0.4157424735947148,0.4258050782409886,0.3248585099480333,0.0393996133531519
TMRWI000547,PH050506021,2017-01-01,Y,0.6421600007412661,0.6083772767243226,0.6064716822799574,0.5784057415961095,0.0261313867603926
TMRWI000548,PH063022017,2017-01-01,Y,0.6402532182494873,0.6227818272826168,0.6242680259804052,0.6038242376179576,0.0182599081977449
TMRWI000549,PH112402182,2017-01-01,Y,0.6309036295764766,0.6004298481168661,0.6110734472727595,0.5551602727469716,0.0294338749826855
TMRWI00054A,PH097332049,2017-01-01,Y,0.3215208129099978,0.2567919763198151,0.2363716295753377,0.2329038332185872,0.0431950375677907
TMRWI00054B,PH063022014,2017-01-01,Y,0.668074870725647,0.6188421360096354,0.6188421360096354,0.5696094012936238,0.0696256011481003
TMRWI00054C,PH112402113,2017-01-01,Y,0.5591515165110733,0.4714655618464844,0.4837874633799162,0.3561848928151256,0.050345611122067
TMRWI00054D,PH083747063,2017-01-01,Y,0.6064834651462012,0.5641657422295739,0.5830800943315162,0.5029336672110046,0.0543042788340126
TMRWI00054E,PH112402121,2017-01-01,Y,0.3617073464203624,0.2468055948899922,0.2389357863315951,0.1282839105449262,0.0503958385509016
TMRWI00054F,PH050506027,2017-01-01,Y,0.6939732086541229,0.6615487030882744,0.6680668515611092,0.6160879005767563,0.0374430294175874
TMRWI000550,PH063022001,2017-01-01,Y,0.6182441219533739,0.6082274187651139,0.612259610100959,0.5901463329051636,0.0129686018195526
TMRWI000551,PH112402176,2017-01-01,Y,0.6325558556289538,0.5980271766604466,0.6025783394524864,0.5502945198797784,0.0204331584291338
TMRWI000552,PH097332042,2017-01-01,Y,0.376240216182352,0.3054453327656792,0.3139438098031967,0.1983149686282914,0.0507357386148358
TMRWI000553,PH112402127,2017-01-01,Y,0.6588632736121001,0.5581505287820403,0.5569683226796165,0.508785237300063,0.0384820592453408
TMRWI000554,PH083747090,2017-01-01,Y,0.6674525545243969,0.6339040649665846,0.6339040649665846,0.6003555754087723,0.0474447289297903
TMRWI000555,PH063022003,2017-01-01,Y,0.6409660758659338,0.6052877385797788,0.6052877385797788,0.5696094012936238,0.050456788473002
TMRWI000556,PH083747066,2017-01-01,Y,0.6064834651462012,0.547150876250413,0.5320354963940334,0.5029336672110046,0.053404084059714
TMRWI000557,PH112402126,2017-01-01,Y,0.6766097785815002,0.6089544875180205,0.6024830402463184,0.5486277345907411,0.0394109214719255
TMRWI000558,PH050506026,2017-01-01,Y,0.6421600007412661,0.636073137242092,0.636073137242092,0.6299862737429178,0.0086081249128458
TMRWI000559,PH063022004,2017-01-01,Y,0.6501991541903429,0.6207039003468589,0.6249224126612645,0.5738437188196931,0.0259411326357234
TMRWI00055A,PH097332043,2017-01-01,Y,0.4629224949332947,0.396302606069246,0.3987858037349718,0.3305480393141018,0.0419724334482965
TMRWI00055B,PH112402125,2017-01-01,Y,0.6827205974825016,0.6066553509816558,0.6034887567602585,0.5262892245178408,0.0384639767204428
TMRWI00055C,PH112402177,2017-01-01,Y,0.4658337953545999,0.3556241548928431,0.3549515480280836,0.2924561285885457,0.0382706747219785
TMRWI00055D,PH063022009,2017-01-01,Y,0.6007996779439534,0.5759689585300777,0.5895122726400992,0.5375949250061803,0.0337086964490361
TMRWI00055E,PH097332017,2017-01-01,Y,0.4364737879958615,0.3736551086395072,0.3698965896010862,0.3108799611763287,0.0346174007768883
TMRWI00055F,PH083747065,2017-01-01,Y,0.5029336672110046,0.5029336672110046,0.5029336672110046,0.5029336672110046,
TMRWI000560,PH112402124,2017-01-01,Y,0.6167980975937896,0.5259890509122996,0.5234052682079611,0.4574516223080859,0.0463340378175646
TMRWI000561,PH063022006,2017-01-01,Y,0.600866893885187,0.5634575823693346,0.5519109282166366,0.5375949250061803,0.0331787496456393
TMRWI000562,PH050506025,2017-01-01,Y,0.6421600007412661,0.6169626513010342,0.6236424314333808,0.5784057415961095,0.0276361436078214
TMRWI000563,PH097332044,2017-01-01,Y,0.5906236901614534,0.5007393707683635,0.4978115289920826,0.4466735331123118,0.0394108638426936
TMRWI000564,PH112402123,2017-01-01,Y,0.5283477768869179,0.4588652301978692,0.4633292941116366,0.3849884533468733,0.035372764723606
TMRWI000565,PH112402178,2017-01-01,Y,0.3953665857025489,0.3532053456042563,0.3475456861534364,0.3195340836848502,0.0229320533053272
TMRWI000566,PH063022007,2017-01-01,Y,0.5350798068750197,0.5350798068750197,0.5350798068750197,0.5350798068750197,
TMRWI000567,PH083747064,2017-01-01,Y,0.5029336672110046,0.5029336672110046,0.5029336672110046,0.5029336672110046,
TMRWI000568,PH112402122,2017-01-01,Y,0.4873280962031864,0.4200358060990919,0.4154428027639802,0.35185024018015,0.0286776025743721
TMRWI000569,PH083747091,2017-01-01,Y,0.6674525545243969,0.6558363088370909,0.6558363088370909,0.6442200631497847,0.0164278521948462
TMRWI00056A,PH063022008,2017-01-01,Y,0.6716260823412971,0.6661323304651583,0.6661323304651583,0.6606385785890194,0.0077693384115481
TMRWI00056B,PH050506024,2017-01-01,Y,0.6299862737429178,0.608563534820957,0.6172985891238437,0.5784057415961095,0.0268768246709459
TMRWI00056C,PH097332045,2017-01-01,Y,0.6427793938388835,0.5401521643786559,0.5276223913233375,0.4711117123914831,0.0437305753958502
TMRWI00056D,PH063022005,2017-01-01,Y,0.668074870725647,0.6188421360096354,0.6188421360096354,0.5696094012936238,0.0696256011481003
TMRWI00056E,PH112402128,2017-01-01,Y,0.5085999877711821,0.4006986292969227,0.3941919026464067,0.3248585099480333,0.0421234628628207
TMRWI00056F,PH083747093,2017-01-01,Y,0.6590291734739452,0.6511255166287393,0.6501273132624878,0.6442200631497847,0.007454847055345
TMRWI000570,PH083747059,2017-01-01,Y,0.6064834651462012,0.6064834651462012,0.6064834651462012,0.6064834651462012,
TMRWI000571,PH112402101,2017-01-01,Y,0.6616123104090463,0.603970843460846,0.6057724939538304,0.5323649029282257,0.0342849684004361
TMRWI000572,PH112402186,2017-01-01,Y,0.6425209605132658,0.6237307144162964,0.6246964493582456,0.5881770127598004,0.0192503629075945
TMRWI000573,PH063022028,2017-01-01,Y,0.5375949250061803,0.5375949250061803,0.5375949250061803,0.5375949250061803,
TMRWI000574,PH083747095,2017-01-01,Y,0.6151958410554567,0.6108396531008289,0.6108396531008289,0.6064834651462012,0.0061605800856808
TMRWI000575,PH097332054,2017-01-01,Y,0.3899368463229606,0.3088360643701163,0.3220299459284989,0.1986947638342963,0.04745295180614
TMRWI000576,PH112402100,2017-01-01,Y,0.5192195710006936,0.4495309137301038,0.4540407295174655,0.3875552719286535,0.0369075336521396
TMRWI000577,PH050506016,2017-01-01,Y,0.6904603295255761,0.650740534566325,0.6456733735966423,0.6160879005767563,0.0374442470501987
TMRWI000578,PH063022029,2017-01-01,Y,0.664795145967141,0.6505649487576354,0.648998622312501,0.6394674044383983,0.010671326238807
TMRWI000579,PH083747054,2017-01-01,Y,0.5320354963940334,0.5087170381350631,0.5087170381350631,0.4853985798760928,0.0329772799234666
TMRWI00057A,PH112402099,2017-01-01,Y,0.3966417763927973,0.3148899565457607,0.3140664752283297,0.2239302555921067,0.0391938508069059
TMRWI00057B,PH063022030,2017-01-01,Y,0.6857420774673383,0.6216877432951149,0.6271951884617437,0.5555299417325297,0.0398338883135393
TMRWI00057C,PH112402187,2017-01-01,Y,0.6140510884332874,0.5894740121277716,0.5943423436654137,0.5551602727469716,0.0282177624306682
TMRWI00057D,PH097332012,2017-01-01,Y,0.4073688204350735,0.3059444198989074,0.3105388264673052,0.1923116599669759,0.0585219218646769
TMRWI00057E,PH097332055,2017-01-01,Y,0.4626363674817289,0.3699709132466708,0.3698368368973317,0.300625358852887,0.0331219664938021
TMRWI00057F,PH083747055,2017-01-01,Y,0.4853985798760928,0.4853985798760928,0.4853985798760928,0.4853985798760928,
TMRWI000580,PH112402098,2017-01-01,Y,0.3536735994760455,0.2645738574812326,0.2605498056640957,0.1869387510895085,0.0463797265377633
TMRWI000581,PH083747053,2017-01-01,Y,0.4853985798760928,0.4853985798760928,0.4853985798760928,0.4853985798760928,
TMRWI000582,PH112402097,2017-01-01,Y,0.5916180709856542,0.5329576391735961,0.5316015109765945,0.4937586716914345,0.0230498239477119
TMRWI000583,PH050506015,2017-01-01,Y,0.6260368092431641,0.6020908846849482,0.6055442714367496,0.5784057415961095,0.0177193364968303
TMRWI000584,PH063022032,2017-01-01,Y,0.6595670866792807,0.64342157159161,0.6456204623042111,0.6085779239280837,0.017913044721084
TMRWI000585,PH112402188,2017-01-01,Y,0.4145636544527744,0.3416798141789161,0.3466673429754141,0.2556376578645495,0.0343463579637412
TMRWI000586,PH097332056,2017-01-01,Y,0.3758402031345726,0.3758402031345726,0.3758402031345726,0.3758402031345726,
TMRWI000587,PH112402092,2017-01-01,Y,0.4543361256264385,0.3681405422213468,0.3700067191845116,0.2855391088498163,0.0337441711607452
TMRWI000588,PH083747096,2017-01-01,Y,0.6151958410554567,0.6013763045504953,0.6064834651462012,0.5824496074498282,0.0169599902963222
TMRWI000589,PH063022033,2017-01-01,Y,0.6347618453189543,0.5741542545773548,0.5756308863160684,0.5277928247375508,0.0407434668282953
TMRWI00058A,PH083747052,2017-01-01,Y,0.4853985798760928,0.4853985798760928,0.4853985798760928,0.4853985798760928,
TMRWI00058B,PH112402091,2017-01-01,Y,0.5018876429295233,0.3313674630438271,0.3305092282125803,0.2549967527280684,0.0373637476245962
TMRWI00058C,PH050506013,2017-01-01,Y,0.6933308179864202,0.6463528491623348,0.6426442780847554,0.6030834514158289,0.0452378372362092
TMRWI00058D,PH063022034,2017-01-01,Y,0.5375949250061803,0.5375949250061803,0.5375949250061803,0.5375949250061803,
TMRWI00058E,PH097332057,2017-01-01,Y,0.3523740619025419,0.3095504875839776,0.313262867160585,0.2188388740858596,0.0390433790679598
TMRWI00058F,PH063022031,2017-01-01,Y,0.6583729573583749,0.6237690004052562,0.6295623967280812,0.5725219049774148,0.0313990838878162
TMRWI000590,PH063022018,2017-01-01,Y,0.5791454875531308,0.5611478237576903,0.5639254412357251,0.5375949250061803,0.0198560008190038
TMRWI000591,PH063022026,2017-01-01,Y,0.7065617031074352,0.5891986344989364,0.5814490701882498,0.5274730105484594,0.0586145748974794
TMRWI000592,PH112402102,2017-01-01,Y,0.414414290506661,0.376611258251988,0.3720754073245135,0.3323743680827916,0.0254395037891731
TMRWI000593,PH112402112,2017-01-01,Y,0.5507470359087595,0.4745027287215084,0.4683729649026135,0.4165122923777658,0.0293671064739382
TMRWI000594,PH050506020,2017-01-01,Y,0.5784057415961095,0.5784057415961095,0.5784057415961095,0.5784057415961095,
TMRWI000595,PH063022019,2017-01-01,Y,0.7065617031074352,0.6040476090592578,0.591904480993861,0.5673124774755728,0.0403331554360031
TMRWI000596,PH097332050,2017-01-01,Y,0.4556853208211521,0.423833590935318,0.4251639680152912,0.3687062211285798,0.0197738011625285
TMRWI000597,PH112402110,2017-01-01,Y,0.6641869382091582,0.5782983832627178,0.5690782750711244,0.5215155662288827,0.0355359475926006
TMRWI000598,PH112402183,2017-01-01,Y,0.4015236049656341,0.3174363116755661,0.3322456669145791,0.1889192471925649,0.0543148106989133
TMRWI000599,PH097332014,2017-01-01,Y,0.3370117702858177,0.2889849597429317,0.2790018778864739,0.2630861797212639,0.0234373090714536
TMRWI00059A,PH063022020,2017-01-01,Y,0.649074483518736,0.6454608741059076,0.6454608741059076,0.6418472646930791,0.0051104154407411
TMRWI00059B,PH083747058,2017-01-01,Y,0.4853985798760928,0.4853985798760928,0.4853985798760928,0.4853985798760928,
TMRWI00059C,PH112402108,2017-01-01,Y,0.4208316388478832,0.3611553731005342,0.3610545633764759,0.2681880535883417,0.0342079900110493
TMRWI00059D,PH063022021,2017-01-01,Y,0.6007996779439534,0.5915586935325845,0.5900802721736458,0.5801979887243666,0.00794820832491
TMRWI00059E,PH112402049,2017-01-01,Y,0.6473226088257061,0.5663378646476972,0.5694309907723107,0.5008011390528357,0.0373776853335905
TMRWI00059F,PH097332051,2017-01-01,Y,0.4661104448644034,0.4015289763475312,0.4073320164353472,0.30093363373955,0.0322608987204046
TMRWI0005A0,PH112402107,2017-01-01,Y,0.5473485159570386,0.4984704781903545,0.5054968941955618,0.4228310650919971,0.0275057463498191
TMRWI0005A1,PH050506017,2017-01-01,Y,0.6933308179864202,0.6231568433160141,0.6064716822799574,0.5930685080255527,0.0373351931564035
TMRWI0005A2,PH112402184,2017-01-01,Y,0.4652847778383941,0.38804357003641,0.3864790031179359,0.282637069782317,0.0340798776841995
TMRWI0005A3,PH083747057,2017-01-01,Y,0.4853985798760928,0.4853985798760928,0.4853985798760928,0.4853985798760928,
TMRWI0005A4,PH112402106,2017-01-01,Y,0.4550657979147159,0.3360232074184208,0.3374952096011085,0.2131586960777546,0.0438431627253823
TMRWI0005A5,PH083747094,2017-01-01,Y,0.6590291734739452,0.6371899366589637,0.6473645289625186,0.5950015152368726,0.028772875851693
TMRWI0005A6,PH063022023,2017-01-01,Y,0.6555261255627289,0.6250154470349187,0.627194664835891,0.5901463329051636,0.0280741525015928
TMRWI0005A7,PH050506018,2017-01-01,Y,0.6260368092431641,0.6033289407586744,0.6055442714367496,0.5784057415961095,0.0238926854666755
TMRWI0005A8,PH097332052,2017-01-01,Y,0.6430637892378216,0.5498234868137184,0.5500355279669109,0.4959440391670222,0.0449332208301071
TMRWI0005A9,PH112402105,2017-01-01,Y,0.5087189400006992,0.4386977323661163,0.4390779364095677,0.3593968316597239,0.02527132544903
TMRWI0005AA,PH063022024,2017-01-01,Y,0.6373707276404701,0.6010911619608756,0.6171716866974194,0.5277928247375508,0.0404467488212482
TMRWI0005AB,PH083747056,2017-01-01,Y,0.4853985798760928,0.4853985798760928,0.4853985798760928,0.4853985798760928,
TMRWI0005AC,PH112402104,2017-01-01,Y,0.6034400645366612,0.5247742102163915,0.5230594695835513,0.456913780630973,0.0322792463750303
TMRWI0005AD,PH112402185,2017-01-01,Y,0.6140510884332874,0.596238255064901,0.5966453458841243,0.577611240058068,0.0153177589836232
TMRWI0005AE,PH097332013,2017-01-01,Y,0.4594344692243661,0.2933687730946953,0.2857092617096938,0.1822234567951978,0.0594257212667813
TMRWI0005AF,PH063022025,2017-01-01,Y,0.6007996779439534,0.5831541596557844,0.5897962724068725,0.5375949250061803,0.0227523726549548
TMRWI0005B0,PH097332053,2017-01-01,Y,0.5836561677334383,0.4724694243435158,0.4799514283581616,0.395631944521903,0.0441331882285018
TMRWI0005B1,PH063022022,2017-01-01,Y,0.6402532182494873,0.6198127111140652,0.617586694294408,0.6038242376179576,0.0160482221720288
TMRWI0005B2,PH112402090,2017-01-01,Y,0.5262610257940156,0.4609198598119592,0.4581462234275161,0.3717205688243745,0.0455997359874414
TMRWI0005B3,PH083747067,2017-01-01,Y,0.5320354963940334,0.517484581802519,0.517484581802519,0.5029336672110046,0.0205781007602521
TMRWI0005B4,PH112402129,2017-01-01,Y,0.6641869382091582,0.5498581048735195,0.5462892990271964,0.499012810596936,0.0325003139764421
TMRWI0005B5,PH050506051,2017-01-01,Y,0.7016028263488104,0.6546173833345088,0.6667439906236187,0.5616787512339901,0.0465539336345344
TMRWI0005B6,PH050506039,2017-01-01,Y,0.6456733735966423,0.6456733735966423,0.6456733735966423,0.6456733735966423,
TMRWI0005B7,PH097332030,2017-01-01,Y,0.4976459347211862,0.4119469393458776,0.4163251304888745,0.3108799611763287,0.0493496700399997
TMRWI0005B8,PH112402153,2017-01-01,Y,0.6143423068605717,0.5565290241307667,0.5551235050814305,0.5130915489718817,0.0385434493838563
TMRWI0005B9,PH112402166,2017-01-01,Y,0.5331518169251404,0.5281164933212069,0.5281164933212069,0.5230811697172735,0.00712102293162
TMRWI0005BA,PH050506052,2017-01-01,Y,0.6299862737429178,0.5800185112040552,0.5784057415961095,0.5351540965376874,0.0434863330188672
TMRWI0005BB,PH083747078,2017-01-01,Y,0.5676020802502283,0.5676020802502283,0.5676020802502283,0.5676020802502283,
TMRWI0005BC,PH112402152,2017-01-01,Y,0.7143458625581818,0.6182247927234895,0.6256108737051533,0.5130915489718817,0.0538463716676198
TMRWI0005BD,PH083747085,2017-01-01,Y,0.6119068732210755,0.6061312243149239,0.6061312243149239,0.6003555754087723,0.0081680010145849
TMRWI0005BE,PH050506053,2017-01-01,Y,0.6241010151531945,0.5496572012947076,0.5409624097505855,0.5178611931771983,0.0342153557146947
TMRWI0005BF,PH050506038,2017-01-01,Y,0.6939732086541229,0.6767023039254472,0.6904603295255761,0.6456733735966423,0.0269291843165609
TMRWI0005C0,PH097332031,2017-01-01,Y,0.6561200119971278,0.6131289894822345,0.6251092739506078,0.5396279206890573,0.0337421571702336
TMRWI0005C1,PH112402151,2017-01-01,Y,0.5767943052508846,0.5480017357848587,0.5452176613868214,0.5305368169579924,0.0189598863727325
TMRWI0005C2,PH050506054,2017-01-01,Y,0.6766290506535405,0.5584942394065965,0.5701414853549682,0.4704360468359984,0.0542824879530392
TMRWI0005C3,PH112402154,2017-01-01,Y,0.6060543210226047,0.591913537188536,0.591913537188536,0.5777727533544673,0.0199980882807261
TMRWI0005C4,PH083747077,2017-01-01,Y,0.5683633055033559,0.5560002940492058,0.5676020802502283,0.5320354963940334,0.0207576133252722
TMRWI0005C5,PH112402167,2017-01-01,Y,0.5746258105580225,0.5400897093770688,0.5313259286164895,0.5230811697172735,0.0233973513373504
TMRWI0005C6,PH097332022,2017-01-01,Y,0.4928824344057975,0.4517526328944032,0.4556984874636497,0.40572801562227,0.0254369679281405
TMRWI0005C7,PH050506055,2017-01-01,Y,0.6687758797440214,0.6239833229273568,0.6349949517353453,0.5616787512339901,0.0431944073056918
TMRWI0005C8,PH097332032,2017-01-01,Y,0.4920900862264368,0.3270743591274675,0.3404328152450508,0.1591973544701163,0.0723381231970329
TMRWI0005C9,PH112402149,2017-01-01,Y,0.5922121160064711,0.5579699071156281,0.5545653477490246,0.5305368169579924,0.0312865171041326
TMRWI0005CA,PH050506037,2017-01-01,Y,0.6589495523443564,0.6037033913783938,0.6001586644933156,0.5324914254838263,0.0453415204614757
TMRWI0005CB,PH050506056,2017-01-01,Y,0.5387336446270168,0.4537434559396353,0.4608700231084339,0.3815512961819617,0.0397918264108896
TMRWI0005CC,PH083747076,2017-01-01,Y,0.5676020802502283,0.5498187883221308,0.5498187883221308,0.5320354963940334,0.0251493726283554
TMRWI0005CD,PH112402148,2017-01-01,Y,0.6010785757617776,0.5751554534942814,0.5845032106286778,0.5305368169579924,0.0313923906150725
TMRWI0005CE,PH112402168,2017-01-01,Y,0.5331518169251404,0.5313259286164895,0.5313259286164895,0.5295000403078387,0.0025821960094724
TMRWI0005CF,PH050506057,2017-01-01,Y,0.4550353311010072,0.4198339174265588,0.4165647852471569,0.3745924676254554,0.0231452510003497
TMRWI0005D0,PH083747086,2017-01-01,Y,0.6119068732210755,0.6119068732210755,0.6119068732210755,0.6119068732210755,
TMRWI0005D1,PH097332033,2017-01-01,Y,0.4585106909473266,0.371000859552678,0.35286722790154,0.3246887076836798,0.0402171642464304
TMRWI0005D2,PH112402147,2017-01-01,Y,0.6010785757617776,0.5646707863466753,0.5635338763334659,0.5305368169579924,0.0371399290367429
TMRWI0005D3,PH112402150,2017-01-01,Y,0.5767943052508846,0.5465558374853471,0.5323363902471645,0.5305368169579924,0.0262027348880104
TMRWI0005D4,PH050506035,2017-01-01,Y,0.6933308179864202,0.6277082753334295,0.6139778520572483,0.6001586644933156,0.0323095786450758
TMRWI0005D5,PH083747079,2017-01-01,Y,0.6171191407499463,0.5988760314070833,0.6119068732210755,0.5676020802502283,0.0272091335569353
TMRWI0005D6,PH097332023,2017-01-01,Y,0.5836561677334383,0.4614159210804941,0.4581101529387565,0.3896133280228402,0.0431327209145038
TMRWI0005D7,PH050506043,2017-01-01,Y,0.6456733735966423,0.6116186498892039,0.5995011064239788,0.5896814696469908,0.0298981516435459
TMRWI0005D8,PH083747083,2017-01-01,Y,0.6119068732210755,0.587056958595858,0.5843594404560641,0.5676020802502283,0.0225264024602493
TMRWI0005D9,PH097332025,2017-01-01,Y,0.3496101504808974,0.2732316827623752,0.2606302474050281,0.1929388200092464,0.0541321736116339
TMRWI0005DA,PH112402161,2017-01-01,Y,0.6010785757617776,0.5591970338734947,0.5563141950074639,0.5230811697172735,0.0364964846124897
TMRWI0005DB,PH050506042,2017-01-01,Y,0.7016028263488104,0.6776627081959857,0.688219477404233,0.6426442780847554,0.0268097806624272
TMRWI0005DC,PH050506044,2017-01-01,Y,0.4024979854413794,0.3107866217732167,0.3087944081640525,0.2244107144699749,0.0430906497852145
TMRWI0005DD,PH083747082,2017-01-01,Y,0.5683633055033559,0.5679826928767922,0.5679826928767922,0.5676020802502283,0.0005382675384969
TMRWI0005DE,PH112402160,2017-01-01,Y,0.6779540308100721,0.6310278983350457,0.6140510884332874,0.6010785757617776,0.0411535897954347
TMRWI0005DF,PH050506045,2017-01-01,Y,0.573775717882559,0.5253344611834059,0.5310205795739154,0.4638091430720323,0.0275410523327026
TMRWI0005E0,PH112402163,2017-01-01,Y,0.6010785757617776,0.5530051273798372,0.5348556366604605,0.5230811697172735,0.0420470194835182
TMRWI0005E1,PH097332024,2017-01-01,Y,0.45174903511981,0.279239614714263,0.2716253016169514,0.1733100316515831,0.0645467713515579
TMRWI0005E2,PH097332026,2017-01-01,Y,0.6415883066481279,0.5487484401752131,0.5416038931221154,0.4957788841621344,0.035644251848696
TMRWI0005E3,PH112402159,2017-01-01,Y,0.6779540308100721,0.6177141120899011,0.6075648320975324,0.5777727533544673,0.0428731413835385
TMRWI0005E4,PH050506046,2017-01-01,Y,0.6952126433651381,0.6241158208414339,0.6120577616754759,0.5616787512339901,0.0505747583121764
TMRWI0005E5,PH050506050,2017-01-01,Y,0.3882287827483063,0.3148898005143308,0.31178606201748,0.2591765102968308,0.0332595710405609
TMRWI0005E6,PH083747081,2017-01-01,Y,0.5683633055033559,0.5683633055033559,0.5683633055033559,0.5683633055033559,
TMRWI0005E7,PH050506041,2017-01-01,Y,0.6456733735966423,0.644158825840699,0.644158825840699,0.6426442780847554,0.002141893977317
TMRWI0005E8,PH050506047,2017-01-01,Y,0.542945691354024,0.4855197120864042,0.479004316892157,0.4109347063732903,0.0386853356118108
TMRWI0005E9,PH112402164,2017-01-01,Y,0.6060543210226047,0.5696030689738725,0.5696030689738725,0.5331518169251404,0.0515498550127971
TMRWI0005EA,PH097332027,2017-01-01,Y,0.3805054015965208,0.2600094736227963,0.254445688390832,0.1872617659994525,0.0394320167117209
TMRWI0005EB,PH112402157,2017-01-01,Y,0.6060543210226047,0.5600150152548715,0.5554622851398039,0.5230811697172735,0.0388187897316333
TMRWI0005EC,PH083747084,2017-01-01,Y,0.6119068732210755,0.589754476735652,0.589754476735652,0.5676020802502283,0.0313282195487521
TMRWI0005ED,PH050506048,2017-01-01,Y,0.4105888314895234,0.3165490559350151,0.3030372173861692,0.2308622715447213,0.0554829449970832
TMRWI0005EE,PH083747080,2017-01-01,Y,0.5683633055033559,0.5683633055033559,0.5683633055033559,0.5683633055033559,
TMRWI0005EF,PH112402156,2017-01-01,Y,0.6779540308100721,0.6232592908659423,0.6140510884332874,0.5777727533544673,0.0507214484433339
TMRWI0005F0,PH050506040,2017-01-01,Y,0.6904603295255761,0.6180315628299604,0.5995011064239788,0.564841534956614,0.0499656897550043
TMRWI0005F1,PH050506049,2017-01-01,Y,0.5429310038298688,0.4743744488977354,0.4681847202602809,0.4284258551094389,0.0359107396567584
TMRWI0005F2,PH097332028,2017-01-01,Y,0.5051297877595043,0.4306152275066612,0.4442139172388935,0.3419373255137555,0.0425949311754715
TMRWI0005F3,PH112402155,2017-01-01,Y,0.6779540308100721,0.620593701729048,0.6060543210226047,0.5777727533544673,0.0516489814193309
TMRWI0005F4,PH112402165,2017-01-01,Y,0.6060543210226047,0.5564542214664242,0.5509061052877522,0.5230811697172735,0.0316983830474978
TMRWI0005F5,PH112402158,2017-01-01,Y,0.5777727533544673,0.5777727533544673,0.5777727533544673,0.5777727533544673,
TMRWI0005F6,PH050506077,2017-01-01,Y,0.556282046564734,0.5128850770530896,0.5288266907428342,0.42541629371578,0.0525532898339833
TMRWI0005F7,PH050506058,2017-01-01,Y,0.542210233080974,0.4684399876767905,0.4729905486598126,0.3737987728383203,0.0429010533037487
TMRWI0005F8,PH112402146,2017-01-01,Y,0.5348556366604605,0.5326962268092265,0.5326962268092265,0.5305368169579924,0.0030538666983373
TMRWI0005F9,PH083747088,2017-01-01,Y,0.6551896564318418,0.6450656680690854,0.6510541015440259,0.622964812756448,0.0148689822523899
TMRWI0005FA,PH050506067,2017-01-01,Y,0.6265387736755519,0.5870684932104182,0.5859514499861697,0.5498322991937814,0.0334196680817086
TMRWI0005FB,PH050506030,2017-01-01,Y,0.6421600007412661,0.6055343095428203,0.6150724691181166,0.5498322991937814,0.0411134662676738
TMRWI0005FC,PH097332038,2017-01-01,Y,0.4357354300729934,0.3522103691654328,0.3456705802443132,0.2731545398673095,0.0399694396941259
TMRWI0005FD,PH112402137,2017-01-01,Y,0.5746258105580225,0.5460829354505189,0.5482283071114412,0.5132493170211707,0.0294586909226428
TMRWI0005FE,PH050506069,2017-01-01,Y,0.6241010151531945,0.5792586237972894,0.5705670417463566,0.5473990847391322,0.0256065099412734
TMRWI0005FF,PH083747070,2017-01-01,Y,0.5320354963940334,0.5320354963940334,0.5320354963940334,0.5320354963940334,
TMRWI000600,PH112402136,2017-01-01,Y,0.5746258105580225,0.5368401836892218,0.5297428035888471,0.5132493170211707,0.0263637760612144
TMRWI000601,PH112402173,2017-01-01,Y,0.5975122074772833,0.5771552096259308,0.5689295058536664,0.5650239155468426,0.0177375006709278
TMRWI000602,PH097332019,2017-01-01,Y,0.6412218895330548,0.57281699049785,0.5673219660522946,0.4921742548335852,0.0443958180065235
TMRWI000603,PH050506070,2017-01-01,Y,0.7008842782281299,0.5544148959306914,0.5554040790506651,0.4640297304104174,0.0638096923882162
TMRWI000604,PH097332039,2017-01-01,Y,0.3432218044822337,0.2559349073339638,0.2528223592869855,0.175962182403734,0.0407590900484187
TMRWI000605,PH112402135,2017-01-01,Y,0.5299855668698554,0.524244974732955,0.5295000403078387,0.5132493170211707,0.0095256128619971
TMRWI000606,PH050506029,2017-01-01,Y,0.6421600007412661,0.636073137242092,0.636073137242092,0.6299862737429178,0.0086081249128458
TMRWI000607,PH112402138,2017-01-01,Y,0.6182805149132118,0.566771854551961,0.5642548460354367,0.5132493170211707,0.0463262323753609
TMRWI000608,PH050506071,2017-01-01,Y,0.5429310038298688,0.4724833777943437,0.4718382282703481,0.4109347063732903,0.0367310140803024
TMRWI000609,PH112402134,2017-01-01,Y,0.5975122074772833,0.555505432550455,0.547504741208349,0.5295000403078387,0.0325715347522643
TMRWI00060A,PH112402174,2017-01-01,Y,0.5833174466721814,0.5248405764485259,0.5228020405898899,0.4745888478152004,0.0249463450002026
TMRWI00060B,PH050506072,2017-01-01,Y,0.7008842782281299,0.6447208498891296,0.644158825840699,0.5896814696469908,0.0454198323499799
TMRWI00060C,PH083747089,2017-01-01,Y,0.6674525545243969,0.632828552866761,0.6317530407669374,0.6003555754087723,0.0318505360543355
TMRWI00060D,PH097332040,2017-01-01,Y,0.4319296905696508,0.3652763618363348,0.3585937732449136,0.2752192378023361,0.0277886439452381
TMRWI00060E,PH112402133,2017-01-01,Y,0.5026630039208985,0.4412012515741787,0.4403441604513465,0.3689030684944772,0.0334541173434279
TMRWI00060F,PH050506028,2017-01-01,Y,0.6421600007412661,0.6247795469322157,0.6247795469322157,0.6073990931231653,0.0245796734969581
TMRWI000610,PH050506073,2017-01-01,Y,0.6421600007412661,0.6101615392042269,0.6073990931231653,0.5784057415961095,0.0229794471974825
TMRWI000611,PH083747068,2017-01-01,Y,0.5830800943315162,0.5575577953627748,0.5575577953627748,0.5320354963940334,0.036093981344535
TMRWI000612,PH112402131,2017-01-01,Y,0.6367632950408163,0.5275454068725229,0.5141604327889963,0.4861679489690036,0.0306654831340922
TMRWI000613,PH050506074,2017-01-01,Y,0.6617174591445657,0.6072843556781164,0.621667699183504,0.5351540965376874,0.040607199726038
TMRWI000614,PH112402175,2017-01-01,Y,0.4685235839909124,0.3892339230482529,0.3917649146676653,0.3128774188095744,0.0447424417202598
TMRWI000615,PH097332018,2017-01-01,Y,0.3602628827689779,0.2504672135448523,0.2475355006400528,0.1724347283009569,0.0420593434560089
TMRWI000616,PH097332041,2017-01-01,Y,0.4166054671321867,0.3526205408579509,0.3501455980058943,0.3268740668244055,0.0175703309657813
TMRWI000617,PH083747069,2017-01-01,Y,0.6171191407499463,0.574959202931431,0.5753410872908722,0.5320354963940334,0.0353080777870445
TMRWI000618,PH083747075,2017-01-01,Y,0.5683633055033559,0.5268809426897244,0.5268809426897244,0.4853985798760928,0.058664920090319
TMRWI000619,PH083747071,2017-01-01,Y,0.5320354963940334,0.517484581802519,0.517484581802519,0.5029336672110046,0.0205781007602521
TMRWI00061A,PH112402172,2017-01-01,Y,0.6504919753168332,0.5925014077006517,0.5975122074772833,0.5295000403078387,0.0606514069919759
TMRWI00061B,PH050506059,2017-01-01,Y,0.5432974853301643,0.4817256546923281,0.4825327322886303,0.4362457478604895,0.0289558768635785
TMRWI00061C,PH112402169,2017-01-01,Y,0.5331518169251404,0.5331518169251404,0.5331518169251404,0.5331518169251404,
TMRWI00061D,PH097332021,2017-01-01,Y,0.6524975055082014,0.5989764528641961,0.6037299539975867,0.5319563786665535,0.033040641562786
TMRWI00061E,PH097332034,2017-01-01,Y,0.4207681852359387,0.3402598087725953,0.3392216092323937,0.2679987229302346,0.039755303452775
TMRWI00061F,PH112402145,2017-01-01,Y,0.5669565739150437,0.5443916722300794,0.540036649023641,0.5305368169579924,0.0162557685672366
TMRWI000620,PH050506060,2017-01-01,Y,0.556282046564734,0.4669014177690275,0.4613149242705176,0.4057078382819477,0.037770852031248
TMRWI000621,PH083747074,2017-01-01,Y,0.5683633055033559,0.5383498655059276,0.5498187883221308,0.4853985798760928,0.0391586880741234
TMRWI000622,PH112402144,2017-01-01,Y,0.5669565739150437,0.5490099573207753,0.5452176613868214,0.5348556366604605,0.0163830300766886
TMRWI000623,PH050506034,2017-01-01,Y,0.6421600007412661,0.6421600007412661,0.6421600007412661,0.6421600007412661,
TMRWI000624,PH050506061,2017-01-01,Y,0.5406197147423568,0.4677733802065653,0.460835755023506,0.407520545817067,0.0439940750471539
TMRWI000625,PH112402170,2017-01-01,Y,0.6504919753168332,0.5776640100067739,0.5653320122012118,0.5295000403078387,0.057732044204607
TMRWI000626,PH097332035,2017-01-01,Y,0.3466019842584367,0.273617440792147,0.2797937343731997,0.1339100132910217,0.0500731081238321
TMRWI000627,PH112402143,2017-01-01,Y,0.639838381791077,0.5926216665708204,0.585825832786472,0.5452176613868214,0.0293986643741524
TMRWI000628,PH083747087,2017-01-01,Y,0.6674525545243969,0.6265716677180816,0.6119068732210755,0.6003555754087723,0.0358719012576724
TMRWI000629,PH050506066,2017-01-01,Y,0.6241010151531945,0.5593296558798361,0.557168836064829,0.5168361606041177,0.0400076225350863
TMRWI00062A,PH050506062,2017-01-01,Y,0.6647121015032159,0.5705696678731531,0.5645861909479384,0.5318301129872036,0.034424958441966
TMRWI00062B,PH112402142,2017-01-01,Y,0.6207250927263924,0.573236281179886,0.5780178223742469,0.5132493170211707,0.0389288445407298
TMRWI00062C,PH050506033,2017-01-01,Y,0.6421600007412661,0.6209584254086377,0.6205566109913313,0.6001586644933156,0.0210035509562744
TMRWI00062D,PH050506063,2017-01-01,Y,0.6617174591445657,0.580442337610222,0.5637486183191375,0.5378277093510293,0.0410012052656999
TMRWI00062E,PH097332036,2017-01-01,Y,0.3650271766477913,0.2731348426600467,0.275372135758622,0.1339100132910217,0.0421020707596297
TMRWI00062F,PH112402141,2017-01-01,Y,0.6562998887498597,0.5979042770511056,0.6080890279201302,0.5228282504215914,0.0374236489574883
TMRWI000630,PH112402171,2017-01-01,Y,0.5975122074772833,0.5533880215700875,0.5331518169251404,0.5295000403078387,0.0382562635995107
TMRWI000631,PH097332020,2017-01-01,Y,0.6412218895330548,0.6114857015630878,0.6144758907310398,0.5697244603590853,0.0286989081694756
TMRWI000632,PH050506064,2017-01-01,Y,0.6515352374016001,0.6000766956387282,0.6055230033335725,0.5324914254838263,0.0403530681180422
TMRWI000633,PH083747072,2017-01-01,Y,0.5320354963940334,0.5087170381350631,0.5087170381350631,0.4853985798760928,0.0329772799234666
TMRWI000634,PH112402140,2017-01-01,Y,0.6080890279201302,0.5600404480222773,0.5746258105580225,0.5132493170211707,0.0404728522788426
TMRWI000635,PH050506065,2017-01-01,Y,0.3755542789952376,0.3095579781710287,0.2937884483677438,0.2540077164084912,0.0365594183946026
TMRWI000636,PH050506032,2017-01-01,Y,0.6589495523443564,0.6265509003761388,0.6235476923334415,0.6001586644933156,0.0243731711555824
TMRWI000637,PH097332037,2017-01-01,Y,0.470446451475857,0.4109286898625265,0.4116684133645837,0.3191124481279924,0.0311847094598965
TMRWI000638,PH112402139,2017-01-01,Y,0.6080890279201302,0.5606691724706505,0.5606691724706505,0.5132493170211707,0.0670618027024259
TMRWI000639,PH083747073,2017-01-01,Y,0.5320354963940334,0.5087170381350631,0.5087170381350631,0.4853985798760928,0.0329772799234666
TMRWI00063A,PH112402189,2017-01-01,Y,0.4236520473569315,0.3454671156812408,0.3525600276273368,0.2656419774449267,0.0350905360196279
TMRWI00063B,PH050506019,2017-01-01,Y,0.6260368092431641,0.6022212754196368,0.6022212754196368,0.5784057415961095,0.0336802509283874
TMRWI00063C,PH063022035,2017-01-01,Y,0.6582335044787279,0.6423540977756997,0.643457430321833,0.6242680259804052,0.0141683942356284
TMRWI00063D,PH112402069,2017-01-01,Y,0.6827643345806976,0.5300942041386685,0.5384367565038586,0.4347577562921846,0.0625899834458822
TMRWI00063E,PH063022055,2017-01-01,Y,0.6242680259804052,0.617586694294408,0.617586694294408,0.6109053626084109,0.0094488298850502
TMRWI00063F,PH083747042,2017-01-01,Y,0.562001327039534,0.5205922676301662,0.517484581802519,0.4853985798760928,0.0336456015560507
TMRWI000640,PH112402068,2017-01-01,Y,0.5459770563009089,0.492507440957367,0.5045514331594888,0.4165122923777658,0.0385113848198865
TMRWI000641,PH112402197,2017-01-01,Y,0.6913614313250694,0.6347222113115731,0.6393284119948534,0.5902707010841717,0.0261291244723572
TMRWI000642,PH097332011,2017-01-01,Y,0.4323398494577534,0.3413879583327952,0.3514666108812438,0.2462214640935552,0.0501898768336208
TMRWI000643,PH097332002,2017-01-01,Y,0.563926663563931,0.4727743415218577,0.4626363674817289,0.3591249915450182,0.0471250507739616
TMRWI000644,PH063022056,2017-01-01,Y,0.600866893885187,0.5634575823693346,0.5519109282166366,0.5375949250061803,0.0331787496456393
TMRWI000645,PH097332067,2017-01-01,Y,0.563926663563931,0.4782222807366424,0.4814284518203333,0.4087672911520502,0.0417227459671314
TMRWI000646,PH112402067,2017-01-01,Y,0.4658337953545999,0.3445976188497317,0.3564117111294292,0.1584121580948712,0.0563158734838653
TMRWI000647,PH050506003,2017-01-01,Y,0.5429310038298688,0.5196188157973277,0.5197860340374261,0.4873157435848418,0.0200239315778858
TMRWI000648,PH063022057,2017-01-01,Y,0.6191084337066722,0.5931075337719531,0.6073648001131842,0.5385921011547719,0.036876323223574
TMRWI000649,PH097332066,2017-01-01,Y,0.417102842259933,0.2907973372053546,0.2985781493562995,0.1929388200092464,0.0606815773735333
TMRWI00064A,PH083747041,2017-01-01,Y,0.5320354963940334,0.517484581802519,0.517484581802519,0.5029336672110046,0.0205781007602521
TMRWI00064B,PH112402198,2017-01-01,Y,0.6789003156876808,0.6315517558455607,0.6378899138206957,0.5791136456091807,0.0248133680565095
TMRWI00064C,PH063022060,2017-01-01,Y,0.6595670866792807,0.639696267834013,0.6430315806551259,0.5940440562818825,0.020465203964183
TMRWI00064D,PH083747101,2017-01-01,Y,0.5883534626334214,0.584992147279589,0.584992147279589,0.5816308319257567,0.0047536177608025
TMRWI00064E,PH097332068,2017-01-01,Y,0.6430637892378216,0.6071229088883342,0.6161546271111604,0.5531185920931944,0.0388723803551915
TMRWI00064F,PH112402065,2017-01-01,Y,0.4292421313676828,0.3144180161608774,0.3166293358317369,0.1806066792496578,0.0425188949581508
TMRWI000650,PH050506002,2017-01-01,Y,0.4458695327467157,0.4079784100452382,0.4018167745713279,0.3860703081170712,0.0188397605171224
TMRWI000651,PH063022061,2017-01-01,Y,0.6269363527888678,0.6145302044268616,0.6145302044268616,0.6021240560648553,0.017544943270362
TMRWI000652,PH083747040,2017-01-01,Y,0.5029336672110046,0.5029336672110046,0.5029336672110046,0.5029336672110046,
TMRWI000653,PH112402064,2017-01-01,Y,0.5546737343600175,0.4577076235555997,0.4609385394126458,0.3777559665995567,0.0404745306235973
TMRWI000654,PH063022062,2017-01-01,Y,0.6109053626084109,0.6109053626084109,0.6109053626084109,0.6109053626084109,
TMRWI000655,PH112402901,2017-01-01,Y,0.4928689397819372,0.3708189663283019,0.3742803767755198,0.2131586960777546,0.0503637094461889
TMRWI000656,PH097332001,2017-01-01,Y,0.5294015338234962,0.4533558872373592,0.4301149897076574,0.3951859506580452,0.0518027239707725
TMRWI000657,PH112402066,2017-01-01,Y,0.5786899667809781,0.5160050662457952,0.5121372044483816,0.4582131893982291,0.0299831920610445
TMRWI000658,PH097332069,2017-01-01,Y,0.4976526417726469,0.3742019817729812,0.3823282336746347,0.2071658038517397,0.0643514073277482
TMRWI000659,PH050506004,2017-01-01,Y,0.4711126928026518,0.3704815079970412,0.3722486848642998,0.2540077164084912,0.0416829589748518
TMRWI00065A,PH083747100,2017-01-01,Y,0.5999149991238449,0.5880646446308992,0.5883361708786137,0.5816308319257567,0.0073774175120231
TMRWI00065B,PH050506008,2017-01-01,Y,0.7008842782281299,0.6393798685989787,0.6334768632603971,0.5896814696469908,0.0578694990471433
TMRWI00065C,PH063022048,2017-01-01,Y,0.6583729573583749,0.6252172205333132,0.641173990935353,0.5725219049774148,0.0338038247314611
TMRWI00065D,PH112402194,2017-01-01,Y,0.6409493827835634,0.6272162286831319,0.6278000394673611,0.6123154530142417,0.0119802455494472
TMRWI00065E,PH097332063,2017-01-01,Y,0.6251498725918849,0.5897258750762282,0.5982151927701602,0.5363976626949958,0.0312995628418795
TMRWI00065F,PH112402075,2017-01-01,Y,0.6682377801934236,0.6132962954235401,0.6121752732598853,0.5522545941704645,0.0309420002797323
TMRWI000660,PH083747099,2017-01-01,Y,0.5883361708786137,0.5841388700847329,0.5824496074498282,0.5816308319257567,0.0036579500824148
TMRWI000661,PH063022049,2017-01-01,Y,0.6479050530632676,0.6168354004506246,0.6355156190280266,0.5548462414485853,0.0349866773206824
TMRWI000662,PH083747045,2017-01-01,Y,0.5320354963940334,0.517484581802519,0.517484581802519,0.5029336672110046,0.0205781007602521
TMRWI000663,PH112402074,2017-01-01,Y,0.671644246564027,0.616833300055561,0.6150297101325655,0.556125027920718,0.0328697617509936
TMRWI000664,PH050506007,2017-01-01,Y,0.5995011064239788,0.5931690839794077,0.5903246758672536,0.5896814696469908,0.0054931147575269
TMRWI000665,PH063022050,2017-01-01,Y,0.6364433430679778,0.6093498124828033,0.6061049308702455,0.5887460451227442,0.0202855219739755
TMRWI000666,PH097332064,2017-01-01,Y,0.6066145278083979,0.588297612510792,0.599327555889286,0.5589507538346922,0.0256749600886488
TMRWI000667,PH063022054,2017-01-01,Y,0.5385921011547719,0.5368359540148957,0.5368359540148957,0.5350798068750197,0.0024835671027354
TMRWI000668,PH112402073,2017-01-01,Y,0.4698917456768487,0.359219164699958,0.3518503194978759,0.2535583055570667,0.0350532380028664
TMRWI000669,PH097332004,2017-01-01,Y,0.6524975055082014,0.5862019871462882,0.5950827117658913,0.5319563786665535,0.0379518418911646
TMRWI00066A,PH063022051,2017-01-01,Y,0.6479050530632676,0.6246387765577114,0.6256372007372659,0.600866893885187,0.0176609725562696
TMRWI00066B,PH083747044,2017-01-01,Y,0.5029336672110046,0.5029336672110046,0.5029336672110046,0.5029336672110046,
TMRWI00066C,PH112402072,2017-01-01,Y,0.6316405155544058,0.556933442246997,0.5552738496372271,0.4632592899395532,0.0427779556140027
TMRWI00066D,PH063022052,2017-01-01,Y,0.6582335044787279,0.6524475734364532,0.6524475734364532,0.6466616423941787,0.0081825421509402
TMRWI00066E,PH050506005,2017-01-01,Y,0.6939732086541229,0.6707467962276996,0.6864630378399594,0.6160879005767563,0.0367560348353513
TMRWI00066F,PH097332065,2017-01-01,Y,0.635451060591419,0.5773848264612976,0.5907464698707932,0.5126417566233431,0.0388091022915509
TMRWI000670,PH112402071,2017-01-01,Y,0.3577339096769911,0.2846889302432948,0.2835826774062928,0.1914327640643264,0.0407945208064449
TMRWI000671,PH112402196,2017-01-01,Y,0.6624613847017301,0.6025716504859283,0.6024945631045286,0.5551602727469716,0.0373117356572465
TMRWI000672,PH063022053,2017-01-01,Y,0.6582335044787279,0.6412507652295665,0.6412507652295665,0.6242680259804052,0.0240172201724098
TMRWI000673,PH083747043,2017-01-01,Y,0.5320354963940334,0.5087170381350631,0.5087170381350631,0.4853985798760928,0.0329772799234666
TMRWI000674,PH112402070,2017-01-01,Y,0.5292874603349246,0.4468070210805582,0.4419766959509346,0.3887722717573734,0.0316763885333387
TMRWI000675,PH112402195,2017-01-01,Y,0.6696494884053217,0.5748635141843386,0.5799801177396214,0.5043514339565344,0.0402532402182474
TMRWI000676,PH112402077,2017-01-01,Y,0.6553674335824866,0.596658100910738,0.5867745457030936,0.5522545941704645,0.0301069234385721
TMRWI000677,PH112402063,2017-01-01,Y,0.6430428337199541,0.5547535660133345,0.5565651450330246,0.473077394903658,0.0411506691965105
TMRWI000678,PH083747039,2017-01-01,Y,0.562001327039534,0.5236999534578134,0.5236999534578134,0.4853985798760928,0.0541663219767878
TMRWI000679,PH097332073,2017-01-01,Y,0.4550735152363044,0.3775078804375236,0.3735260523828295,0.2825249153739833,0.0411273786658302
TMRWI00067A,PH112402055,2017-01-01,Y,0.6323018275131911,0.574552142730612,0.572030228548994,0.5188556685141859,0.0249199517994807
TMRWI00067B,PH063022072,2017-01-01,Y,0.6014577945471402,0.5664843090328842,0.5727308124738221,0.5151047042171576,0.0248960973291482
TMRWI00067C,PH083747035,2017-01-01,Y,0.562001327039534,0.5324674971252693,0.5324674971252693,0.5029336672110046,0.0417671428135733
TMRWI00067D,PH112402054,2017-01-01,Y,0.4636422987889284,0.4173659347284484,0.4117412947815465,0.3610545633764759,0.0271204474910922
TMRWI00067E,PH137401004,2017-01-01,Y,0.7065413978544848,0.6957103061663977,0.6921425210310772,0.6884469996136314,0.0095602630718777
TMRWI00067F,PH083747154,2017-01-01,Y,0.5320354963940334,0.517484581802519,0.517484581802519,0.5029336672110046,0.0205781007602521
TMRWI000680,PH063022073,2017-01-01,Y,0.668074870725647,0.6050603111470515,0.6057283329933514,0.5407097078758563,0.0597826112424133
TMRWI000681,PH097332074,2017-01-01,Y,0.6445931224487168,0.5141745197536479,0.4690415112799539,0.4453544749968718,0.0805382728539618
TMRWI000682,PH112402053,2017-01-01,Y,0.5287370908859746,0.4494341854890896,0.4479640554096187,0.370870937584186,0.0380736067952036
TMRWI000683,PH034919018,2017-01-01,Y,0.3731554066574648,0.3096311240924043,0.3160134292762482,0.2436834863673364,0.0401802425935091
TMRWI000684,PH063022074,2017-01-01,Y,0.6109053626084109,0.6109053626084109,0.6109053626084109,0.6109053626084109,
TMRWI000685,PH034919020,2017-01-01,Y,0.5749423892681186,0.4294094550395651,0.4202346971181759,0.3400390459634776,0.0583458969082356
TMRWI000686,PH083747034,2017-01-01,Y,0.5029336672110046,0.5029336672110046,0.5029336672110046,0.5029336672110046,
TMRWI000687,PH137401005,2017-01-01,Y,0.7329108977235144,0.6865642410743769,0.6754001899380582,0.6625456866978768,0.0314895251133003
TMRWI000688,PH063022075,2017-01-01,Y,0.6109053626084109,0.6109053626084109,0.6109053626084109,0.6109053626084109,
TMRWI000689,PH083747104,2017-01-01,Y,0.6489292923136658,0.6348209987329749,0.6348209987329749,0.6207127051522842,0.0199521401237542
TMRWI00068A,PH097332075,2017-01-01,Y,0.6876907088784115,0.6133225551578638,0.6066145278083979,0.5530174280077205,0.0486944049596797
TMRWI00068B,PH112402051,2017-01-01,Y,0.5591515165110733,0.4554233164707614,0.456665312308989,0.3561848928151256,0.0465529366948252
TMRWI00068C,PH034919017,2017-01-01,Y,0.5036997320387815,0.424744685690702,0.4206893477775481,0.3636954310852872,0.0358856485564926
TMRWI00068D,PH063022076,2017-01-01,Y,0.6012718512079586,0.5878777663588333,0.5878777663588333,0.5744836815097081,0.0189420964492088
TMRWI00068E,PH083747032,2017-01-01,Y,0.5978234520149505,0.5572622267447291,0.5595448528296988,0.5121357493045683,0.0351715159167644
TMRWI00068F,PH112402050,2017-01-01,Y,0.6827643345806976,0.5443973805235036,0.5491572396685265,0.4347577562921846,0.0554039751306923
TMRWI000690,PH063022077,2017-01-01,Y,0.664795145967141,0.6354818544777361,0.6403785662581089,0.6012718512079586,0.0320434951895158
TMRWI000691,PH137401006,2017-01-01,Y,0.7329108977235144,0.7018851063150265,0.699341959442781,0.6759456086510299,0.0241664801636408
TMRWI000692,PH083747153,2017-01-01,Y,0.562001327039534,0.5324674971252693,0.5324674971252693,0.5029336672110046,0.0417671428135733
TMRWI000693,PH112402052,2017-01-01,Y,0.5717710688437408,0.5072187050944419,0.504053161510004,0.4517505150597874,0.0284914036292318
TMRWI000694,PH063022063,2017-01-01,Y,0.664795145967141,0.6528806109165374,0.6528806109165374,0.6409660758659338,0.0168496970579331
TMRWI000695,PH063022071,2017-01-01,Y,0.6466616423941787,0.6370609622080238,0.6402532182494873,0.6242680259804052,0.0115330563164107
TMRWI000696,PH112402056,2017-01-01,Y,0.5790120335583705,0.4820123873628091,0.4792380582918512,0.4048452574292118,0.033109095862472
TMRWI000697,PH112402062,2017-01-01,Y,0.4257376436899449,0.353608191349351,0.3446917343170183,0.298516697288478,0.0362119375683803
TMRWI000698,PH050506001,2017-01-01,Y,0.5861349579496709,0.5456537044740514,0.5471581992123179,0.5051254729953522,0.0324903081293272
TMRWI000699,PH063022064,2017-01-01,Y,0.6857420774673383,0.6481499376802545,0.6479050530632676,0.6269232123109315,0.0199796841440262
TMRWI00069A,PH137401001,2017-01-01,Y,0.764855900063484,0.7071591952240691,0.7067299573457041,0.6591633956344505,0.0366275595171896
TMRWI00069B,PH097332070,2017-01-01,Y,0.6524975055082014,0.6126010943371539,0.6204463240790019,0.5734081826004688,0.0249481706074412
TMRWI00069C,PH112402061,2017-01-01,Y,0.6839280024047325,0.6146715900221374,0.613843512481334,0.5299855668698554,0.0340917271885541
TMRWI00069D,PH083747102,2017-01-01,Y,0.6489292923136658,0.6037518116820225,0.5999149991238449,0.5545709844146781,0.0293180059025341
TMRWI00069E,PH063022065,2017-01-01,Y,0.6716260823412971,0.6588460393654327,0.6585482163631275,0.6466616423941787,0.0102007272982504
TMRWI00069F,PH083747038,2017-01-01,Y,0.562001327039534,0.5324674971252693,0.5324674971252693,0.5029336672110046,0.0417671428135733
TMRWI0006A0,PH112402060,2017-01-01,Y,0.382546776806235,0.3024749208099184,0.3051418978901092,0.1775978705204982,0.0443170585444463
TMRWI0006A1,PH034919022,2017-01-01,Y,0.4288850805086508,0.4016398404289913,0.4103007454535989,0.3717852732389917,0.0241717617663604
TMRWI0006A2,PH063022067,2017-01-01,Y,0.6524336270992704,0.5969203954556066,0.601136294322425,0.5034011464872186,0.0456679636214368
TMRWI0006A3,PH083747103,2017-01-01,Y,0.6489292923136658,0.6231856655299316,0.6207127051522842,0.5999149991238449,0.0246005464166243
TMRWI0006A4,PH097332071,2017-01-01,Y,0.6335603481102466,0.5970617653916641,0.6110015327050737,0.5319563786665535,0.0362330863178858
TMRWI0006A5,PH137401002,2017-01-01,Y,0.6956478781880112,0.6956478781880112,0.6956478781880112,0.6956478781880112,
TMRWI0006A6,PH083747155,2017-01-01,Y,0.5978234520149505,0.5639272766261492,0.5682677101006393,0.5121357493045683,0.0265823090759946
TMRWI0006A7,PH063022068,2017-01-01,Y,0.6288338719419377,0.5792593181770489,0.576164826527815,0.5545575461553521,0.0214311421483002
TMRWI0006A8,PH083747037,2017-01-01,Y,0.5029336672110046,0.5029336672110046,0.5029336672110046,0.5029336672110046,
TMRWI0006A9,PH112402058,2017-01-01,Y,0.615389377289183,0.5391199739028396,0.531264623763522,0.5051808074209836,0.0254503385744528
TMRWI0006AA,PH063022069,2017-01-01,Y,0.6109053626084109,0.6109053626084109,0.6109053626084109,0.6109053626084109,
TMRWI0006AB,PH034919021,2017-01-01,Y,0.5027706134367871,0.4465006552105329,0.4454863813358353,0.3815343311173955,0.0433060787933317
TMRWI0006AC,PH097332072,2017-01-01,Y,0.6631210675565812,0.5569615308312946,0.557974519297368,0.4169603135517425,0.0639401346757638
TMRWI0006AD,PH112402057,2017-01-01,Y,0.6660589827259702,0.5921317439625254,0.5834367222407917,0.5328520007429338,0.0364416622042384
TMRWI0006AE,PH137401003,2017-01-01,Y,0.7065413978544848,0.6826400998155576,0.6902947603223544,0.6434294807630372,0.0272810116421021
TMRWI0006AF,PH063022070,2017-01-01,Y,0.5919894534847145,0.5869943982982081,0.5869943982982081,0.5819993431117017,0.0070640747895594
TMRWI0006B0,PH083747036,2017-01-01,Y,0.562001327039534,0.562001327039534,0.562001327039534,0.562001327039534,
TMRWI0006B1,PH112402059,2017-01-01,Y,0.6794033626916438,0.5907426335811197,0.58547144201399,0.5364710892567467,0.0390989255438449
TMRWI0006B2,PH083747046,2017-01-01,Y,0.5320354963940334,0.5087170381350631,0.5087170381350631,0.4853985798760928,0.0329772799234666
TMRWI0006B3,PH104305021,2017-01-01,Y,0.5756214012741531,0.5678862060704424,0.5678862060704424,0.5601510108667317,0.0109392179646909
TMRWI0006B4,PH063022036,2017-01-01,Y,0.6595670866792807,0.6526251534746166,0.6588350862697683,0.6332633546796492,0.012912497437068
TMRWI0006B5,PH063022043,2017-01-01,Y,0.6242680259804052,0.6057242439001725,0.6109053626084109,0.5819993431117017,0.021605401666375
TMRWI0006B6,PH112402089,2017-01-01,Y,0.4384978939010293,0.332097730953624,0.3311015545771769,0.2485361721386701,0.0367662605763501
TMRWI0006B7,PH063022041,2017-01-01,Y,0.6919662570205901,0.6475466310081354,0.6476419107017202,0.5791454875531308,0.033535922431077
TMRWI0006B8,PH112402079,2017-01-01,Y,0.6800315459230057,0.5587740409091564,0.5572450349972768,0.5049778221927487,0.0369529220220906
TMRWI0006B9,PH083747047,2017-01-01,Y,0.6400125061967097,0.567470631766787,0.5722357204971729,0.4853985798760928,0.063908901329585
TMRWI0006BA,PH112402086,2017-01-01,Y,0.6789003156876808,0.6176174137485652,0.615899886183675,0.5612339489591636,0.0305202427109464
TMRWI0006BB,PH097332059,2017-01-01,Y,0.6653617216209027,0.4993143032369409,0.4997165182547058,0.3171323418415323,0.0951403709128647
TMRWI0006BC,PH112402087,2017-01-01,Y,0.6493524053542621,0.5799178037904107,0.573821098097751,0.5093291217586059,0.0368155663620018
TMRWI0006BD,PH050506012,2017-01-01,Y,0.7016028263488104,0.668055638034611,0.6933308179864202,0.6030834514158289,0.0436677191692044
TMRWI0006BE,PH050506011,2017-01-01,Y,0.7008842782281299,0.6532885600466452,0.6426442780847554,0.5930685080255527,0.0444124005335702
TMRWI0006BF,PH097332058,2017-01-01,Y,0.326954661385788,0.2806552668065584,0.2936349784467722,0.2140850784051262,0.0301199755946161
TMRWI0006C0,PH112402088,2017-01-01,Y,0.4797168011628885,0.3785048393219066,0.3790205930685248,0.3155674990760501,0.0383107202199143
TMRWI0006C1,PH112402190,2017-01-01,Y,0.6425209605132658,0.6289341131421938,0.6303526552041498,0.6123154530142417,0.0127505610270674
TMRWI0006C2,PH063022038,2017-01-01,Y,0.649074483518736,0.6227665051794714,0.6175118130796223,0.6069679110399051,0.0197869719485378
TMRWI0006C3,PH063022045,2017-01-01,Y,0.5375949250061803,0.5375949250061803,0.5375949250061803,0.5375949250061803,
TMRWI0006C4,PH050506009,2017-01-01,Y,0.7008842782281299,0.6717642781564427,0.6717642781564427,0.6426442780847554,0.0411818990376856
TMRWI0006C5,PH063022040,2017-01-01,Y,0.600866893885187,0.569779698057687,0.5703284866696904,0.5375949250061803,0.029895867147032
TMRWI0006C6,PH112402080,2017-01-01,Y,0.5945955704772792,0.5187290176189066,0.5218146767342495,0.4618871890542383,0.0358105261886579
TMRWI0006C7,PH083747048,2017-01-01,Y,0.562001327039534,0.5236999534578134,0.5236999534578134,0.4853985798760928,0.0541663219767878
TMRWI0006C8,PH112402081,2017-01-01,Y,0.6676389391111123,0.5353227250328754,0.5321111806567153,0.4711076462544893,0.0337743709491661
TMRWI0006C9,PH097332061,2017-01-01,Y,0.5971028296510346,0.5641504153935742,0.5589507538346922,0.5363976626949958,0.0306847956492352
TMRWI0006CA,PH112402192,2017-01-01,Y,0.6624613847017301,0.6160969106678879,0.6165691930703594,0.5551602727469716,0.0288315821447406
TMRWI0006CB,PH063022044,2017-01-01,Y,0.5791454875531308,0.5655282078848837,0.5655282078848837,0.5519109282166366,0.0192577415894624
TMRWI0006CC,PH083747098,2017-01-01,Y,0.6151958410554567,0.5953272064612994,0.5883361708786137,0.5824496074498282,0.0174566574041934
TMRWI0006CD,PH083747097,2017-01-01,Y,0.6151958410554567,0.598116271132525,0.5974098180124074,0.5824496074498282,0.0153059504369824
TMRWI0006CE,PH050506010,2017-01-01,Y,0.7008842782281299,0.6600144914070845,0.6426442780847554,0.636514917908368,0.0355267064353177
TMRWI0006CF,PH083747051,2017-01-01,Y,0.4853985798760928,0.4853985798760928,0.4853985798760928,0.4853985798760928,
TMRWI0006D0,PH083747050,2017-01-01,Y,0.4853985798760928,0.4853985798760928,0.4853985798760928,0.4853985798760928,
TMRWI0006D1,PH112402191,2017-01-01,Y,0.4223977847252793,0.3341057603358524,0.3286679451993207,0.2349457014623669,0.0414684441354583
TMRWI0006D2,PH112402083,2017-01-01,Y,0.479248555197297,0.4256012651481293,0.4345043882694095,0.356491420232239,0.031510791627009
TMRWI0006D3,PH112402082,2017-01-01,Y,0.5927075564889482,0.491789606917756,0.4827840256077864,0.414153765787255,0.0356316592070124
TMRWI0006D4,PH112402193,2017-01-01,Y,0.6800315459230057,0.5946028626961993,0.5860001675090605,0.5534513201246625,0.0332781582549588
TMRWI0006D5,PH097332062,2017-01-01,Y,0.6066145278083979,0.5840190734736483,0.5852555061257516,0.5589507538346922,0.0217772885283915
TMRWI0006D6,PH112402078,2017-01-01,Y,0.5658900323575431,0.5137153731930463,0.516573078758944,0.473077394903658,0.0250580619608255
TMRWI0006D7,PH097332010,2017-01-01,Y,0.5779396187019527,0.5092078849867262,0.5111409280659404,0.435587528296544,0.0380147199829428
TMRWI0006D8,PH063022042,2017-01-01,Y,0.5671019321141978,0.5456797894602141,0.5407097078758563,0.5350798068750197,0.0127252858002689
TMRWI0006D9,PH063022046,2017-01-01,Y,0.6409660758659338,0.6052877385797788,0.6052877385797788,0.5696094012936238,0.050456788473002
TMRWI0006DA,PH097332005,2017-01-01,Y,0.4383358871301633,0.3630543496078278,0.3675743661326569,0.2348510842002953,0.0447074505349473
TMRWI0006DB,PH083747049,2017-01-01,Y,0.4853985798760928,0.4853985798760928,0.4853985798760928,0.4853985798760928,
TMRWI0006DC,PH097332060,2017-01-01,Y,0.4480318335470308,0.3825422464460883,0.3774429859770626,0.3366716837662571,0.0310785729182943
TMRWI0006DD,PH063022047,2017-01-01,Y,0.668074870725647,0.6223348810813691,0.6394674044383983,0.5686829886037331,0.0402197532828209
TMRWI0006DE,PH063022202,2018-01-01,Y,0.6001507984867742,0.5760302127816948,0.5654553979743525,0.5624844418839574,0.0209417916160444
TMRWI0006DF,PH083747125,2018-01-01,Y,0.670536037224543,0.6254342158691828,0.6223908391127253,0.5825051842182395,0.0286695155931666
TMRWI0006E0,PH097332099,2018-01-01,Y,0.6094375307429692,0.5926971078330848,0.5901429468244237,0.5748822882768201,0.013709543731733
TMRWI0006E1,PH097332098,2018-01-01,Y,0.4764039509934653,0.4215436683810657,0.4130821420008954,0.3853798315267902,0.0235590662101414
TMRWI0006E2,PH104305013,2018-01-01,Y,0.6579756742491548,0.6168986178382784,0.6168986178382784,0.5758215614274019,0.0580917302786261
TMRWI0006E3,PH072230001,2018-01-01,Y,0.6206002030836236,0.5972278240410006,0.5955118627731322,0.5800646057757027,0.015272996826119
TMRWI0006E4,PH083747054,2018-01-01,Y,0.5392630778856139,0.5154700864437896,0.5154700864437896,0.4916770950019651,0.033648371186455
TMRWI0006E5,PH083747036,2018-01-01,Y,0.5746793739734148,0.5746793739734148,0.5746793739734148,0.5746793739734148,
TMRWI0006E6,PH083747086,2018-01-01,Y,0.61087400023777,0.61087400023777,0.61087400023777,0.61087400023777,
TMRWI0006E7,PH083747102,2018-01-01,Y,0.6489292923136658,0.6061632796284211,0.5983853126892046,0.5669698087723977,0.0271246496520417
TMRWI0006E8,PH083747145,2018-01-01,Y,0.61087400023777,0.6051240906629691,0.6051240906629691,0.5993741810881683,0.0081316001031022
TMRWI0006E9,PH083747115,2018-01-01,Y,0.6525846598465893,0.6009258903042166,0.6005157249391508,0.5562927357703412,0.0372735833547207
TMRWI0006EA,PH097332059,2018-01-01,Y,0.6653617216209027,0.4991792615298487,0.5002653669500403,0.307094570765242,0.0958607438545662
TMRWI0006EB,PH083747023,2018-01-01,Y,0.5857935013434824,0.5313206003999738,0.5285247803037425,0.4823813164538492,0.0320866006807798
TMRWI0006EC,PH083747076,2018-01-01,Y,0.5685967958184752,0.5539299368520445,0.5539299368520445,0.5392630778856139,0.0207420708677397
TMRWI0006ED,PH097332032,2018-01-01,Y,0.4921359996446057,0.3228642558926401,0.3432953028101142,0.1616869151007179,0.0727391143038156
TMRWI0006EE,PH104305010,2018-01-01,Y,0.6579756742491548,0.6093787768053321,0.6095935343391138,0.5605671218277277,0.0487046313178553
TMRWI0006EF,PH097332021,2018-01-01,Y,0.6581413084073648,0.5993687535406853,0.6014847513484378,0.5299412513502308,0.0345193644114277
TMRWI0006F0,PH097332093,2018-01-01,Y,0.4921359996446057,0.4493875182446748,0.4559356460604001,0.3960863051294797,0.0292377111753796
TMRWI0006F1,PH097332080,2018-01-01,Y,0.5859503070956821,0.4906407393280712,0.5021719991362121,0.3935569090303953,0.0569308710566955
TMRWI0006F2,PH083747097,2018-01-01,Y,0.6146270028938889,0.5985436491672216,0.5985489931625846,0.5824496074498282,0.0149382929359202
TMRWI0006F3,PH072230004,2018-01-01,Y,0.6373458578379827,0.6081681969356254,0.6124693795002809,0.5632725562587922,0.0260377604734025
TMRWI0006F4,PH097332072,2018-01-01,Y,0.6630984534363317,0.5578967890561652,0.5579624016856134,0.4116034453564875,0.0637223165320277
TMRWI0006F5,PH104305014,2018-01-01,Y,0.6579756742491548,0.6168986178382784,0.6168986178382784,0.5758215614274019,0.0580917302786261
TMRWI0006F6,PH097332010,2018-01-01,Y,0.5754927056921121,0.5081579821307876,0.5112132120226824,0.4323180355978869,0.037981624375019
TMRWI0006F7,PH083747150,2018-01-01,Y,0.6634677952601872,0.6235227089997978,0.6337938620504175,0.5562927357703412,0.0380556692008785
TMRWI0006F8,PH083747037,2018-01-01,Y,0.4986857620385644,0.4986857620385644,0.4986857620385644,0.4986857620385644,
TMRWI0006F9,PH083747021,2018-01-01,Y,0.5966452557428712,0.535799276008879,0.5530852792641474,0.4796202457797047,0.0490406294004449
TMRWI0006FA,PH083747087,2018-01-01,Y,0.670835845765421,0.6270280090304531,0.61087400023777,0.5993741810881683,0.0383719478221602
TMRWI0006FB,PH097332070,2018-01-01,Y,0.6581413084073648,0.6130548159222052,0.6208080113309602,0.5748822882768201,0.0265939860512338
TMRWI0006FC,PH083747038,2018-01-01,Y,0.5746793739734148,0.5366825680059897,0.5366825680059897,0.4986857620385644,0.0537355983259916
TMRWI0006FD,PH104305011,2018-01-01,Y,0.6579756742491548,0.6337846042941343,0.6337846042941343,0.6095935343391138,0.0342113392187063
TMRWI0006FE,PH072230003,2018-01-01,Y,0.7058079791582267,0.6548032007016817,0.6439476718505177,0.6195354234567094,0.0272055731650228
TMRWI0006FF,PH097332035,2018-01-01,Y,0.3411838744954463,0.2617336996700717,0.2556614562341512,0.189597954802935,0.0424771329024996
TMRWI000700,PH083747107,2018-01-01,Y,0.6589749813985221,0.6542918319917528,0.6542918319917528,0.6496086825849836,0.0066229734056725
TMRWI000701,PH083747095,2018-01-01,Y,0.6146270028938889,0.6109435302073054,0.6109435302073054,0.6072600575207219,0.0052092170299972
TMRWI000702,PH083747155,2018-01-01,Y,0.5973499080397339,0.5639413718661126,0.5686353379605582,0.5079442670693125,0.0276142025648609
TMRWI000703,PH083747113,2018-01-01,Y,0.6634677952601872,0.6368161530322044,0.6584107526705328,0.5885699111658934,0.0418589095725788
TMRWI000704,PH083747074,2018-01-01,Y,0.5690937277732906,0.5421576741198362,0.5539299368520445,0.4916770950019651,0.0364291353088523
TMRWI000705,PH097332034,2018-01-01,Y,0.4285356120645548,0.3257228553298633,0.3238518241815598,0.2509049736984637,0.0373367392371075
TMRWI000706,PH097332012,2018-01-01,Y,0.3865880900760022,0.2826025120695751,0.281803844144282,0.1780573315387604,0.0552837230202144
TMRWI000707,PH072230023,2018-01-01,Y,0.6702135035361336,0.6227020835594115,0.6226351024786232,0.5632725562587922,0.0330973488472114
TMRWI000708,PH083747124,2018-01-01,Y,0.6294788925145531,0.603356518688832,0.6068345183397917,0.5669698087723977,0.0172900590127037
TMRWI000709,PH083747022,2018-01-01,Y,0.4256435221497369,0.406731315007806,0.4099941314898488,0.3735048757726559,0.0153724163804236
TMRWI00070A,PH104305012,2018-01-01,Y,0.6579756742491548,0.6009894729608496,0.5927075478832579,0.5605671218277277,0.0431618938863014
TMRWI00070B,PH072230002,2018-01-01,Y,0.6420572214800637,0.6119384404041605,0.6118185472927458,0.5820594455510867,0.0246532953779033
TMRWI00070C,PH097332081,2018-01-01,Y,0.4210340248010758,0.3640938148097154,0.353180004476677,0.3225847486991062,0.0265005135751143
TMRWI00070D,PH083747006,2018-01-01,Y,0.6375013059245361,0.5855703352778313,0.5770298328463054,0.5507203694941785,0.0368251522052649
TMRWI00070E,PH083747133,2018-01-01,Y,0.6276718465056411,0.5721099067451046,0.5734357918721017,0.5419670031345399,0.026940136895203
TMRWI00070F,PH097332082,2018-01-01,Y,0.3709193871054301,0.33804496751123,0.3380936474908877,0.3196321407257125,0.0133462469991079
TMRWI000710,PH083747142,2018-01-01,Y,0.5690937277732906,0.5690937277732906,0.5690937277732906,0.5690937277732906,
TMRWI000711,PH097332054,2018-01-01,Y,0.3796620384901892,0.2891520004177472,0.3233252375145534,0.1795415243357049,0.0664151782621686
TMRWI000712,PH097332020,2018-01-01,Y,0.6399100566375823,0.6125505749058225,0.6148122858035598,0.5750977405291795,0.0263222581595231
TMRWI000713,PH097332071,2018-01-01,Y,0.6340329441296373,0.5972137557044478,0.6123844771665051,0.5299412513502308,0.0377085463716721
TMRWI000714,PH083747075,2018-01-01,Y,0.5690937277732906,0.5303854113876278,0.5303854113876278,0.4916770950019651,0.0547418260092329
TMRWI000715,PH097332033,2018-01-01,Y,0.4637744973036379,0.3657320380561701,0.3437690535445266,0.3104024131505972,0.0486137435814174
TMRWI000716,PH083747073,2018-01-01,Y,0.5392630778856139,0.5154700864437896,0.5154700864437896,0.4916770950019651,0.033648371186455
TMRWI000717,PH083747011,2018-01-01,Y,0.5746793739734148,0.5746793739734148,0.5746793739734148,0.5746793739734148,
TMRWI000718,PH104305015,2018-01-01,Y,0.6579756742491548,0.6168986178382784,0.6168986178382784,0.5758215614274019,0.0580917302786261
TMRWI000719,PH083747151,2018-01-01,Y,0.6525846598465893,0.6240837093413364,0.6297672790197246,0.589899189157695,0.0317268700329685
TMRWI00071A,PH063022197,2018-01-01,Y,0.608469842015887,0.6055988055171762,0.6055988055171762,0.6027277690184653,0.0040602587545451
TMRWI00071B,PH104305019,2018-01-01,Y,0.6178397962324403,0.5883688985013346,0.5856095770647463,0.5644166436434054,0.0234455577574311
TMRWI00071C,PH097332026,2018-01-01,Y,0.6415883066481279,0.5486954391132616,0.5424335647672476,0.4917885599035558,0.036731132633531
TMRWI00071D,PH083747128,2018-01-01,Y,0.6324733830574893,0.571002645981509,0.5686353379605582,0.5419670031345399,0.0311370628944915
TMRWI00071E,PH083747081,2018-01-01,Y,0.5690937277732906,0.5690937277732906,0.5690937277732906,0.5690937277732906,
TMRWI00071F,PH097332077,2018-01-01,Y,0.6581413084073648,0.6130702945125432,0.609628790682994,0.5748822882768201,0.0356711081607629
TMRWI000720,PH083747026,2018-01-01,Y,0.4549149721215033,0.4262142433692675,0.4440668898262159,0.3684361473065651,0.0323443871870941
TMRWI000721,PH083747104,2018-01-01,Y,0.6489292923136658,0.6390627871704526,0.6390627871704526,0.6291962820272393,0.013953345386756
TMRWI000722,PH083747152,2018-01-01,Y,0.6673094986922734,0.6147828964704249,0.6139434321239091,0.5657657112682482,0.039325737217785
TMRWI000723,PH097332096,2018-01-01,Y,0.3730074455380421,0.3115229971179944,0.3324516920583837,0.1859400068021637,0.0469670635441348
TMRWI000724,PH072230025,2018-01-01,Y,0.6702135035361336,0.6435017132037977,0.6526384402254461,0.576802233125792,0.0295768072921722
TMRWI000725,PH083747052,2018-01-01,Y,0.4916770950019651,0.4916770950019651,0.4916770950019651,0.4916770950019651,
TMRWI000726,PH063022198,2018-01-01,Y,0.5624844418839574,0.5624844418839574,0.5624844418839574,0.5624844418839574,
TMRWI000727,PH104305018,2018-01-01,Y,0.5953975927020906,0.579907118172748,0.579907118172748,0.5644166436434054,0.0219068391669912
TMRWI000728,PH083747084,2018-01-01,Y,0.61087400023777,0.5897353980281226,0.5897353980281226,0.5685967958184752,0.0298944979344932
TMRWI000729,PH083747105,2018-01-01,Y,0.6858433804136774,0.6137654354825457,0.605886068154273,0.5669698087723977,0.035921238697049
TMRWI00072A,PH083747130,2018-01-01,Y,0.6684319803333436,0.6364194376283462,0.6393621122663974,0.5950273997972195,0.0294558425157828
TMRWI00072B,PH083747153,2018-01-01,Y,0.5746793739734148,0.5366825680059897,0.5366825680059897,0.4986857620385644,0.0537355983259916
TMRWI00072C,PH097332011,2018-01-01,Y,0.4345585980413222,0.3364421484779778,0.3393678366921546,0.213850158065135,0.0486718268064187
TMRWI00072D,PH097332076,2018-01-01,Y,0.6653617216209027,0.6107700504743645,0.6117205813660411,0.5299412513502308,0.0303191919340693
TMRWI00072E,PH083747027,2018-01-01,Y,0.4991844474702677,0.4482420937779433,0.4600014290727072,0.366867760781181,0.0368445827955235
TMRWI00072F,PH083747083,2018-01-01,Y,0.61087400023777,0.5869846762294261,0.5842339544307295,0.5685967958184752,0.0214662511467649
TMRWI000730,PH072230026,2018-01-01,Y,0.6881458953650924,0.6195762176620516,0.6160961800688778,0.5488817035265562,0.0392465550751257
TMRWI000731,PH097332095,2018-01-01,Y,0.3132540436676276,0.2443693322795481,0.2713043174256201,0.176149047549426,0.0511281982457635
TMRWI000732,PH097332024,2018-01-01,Y,0.4667524900516777,0.2762398272701144,0.2615311809467442,0.1838434431897585,0.0609480014042642
TMRWI000733,PH063022196,2018-01-01,Y,0.6548784251171543,0.6432565079345415,0.638606638199741,0.6372158017993947,0.0080514715609782
TMRWI000734,PH097332056,2018-01-01,Y,0.3556076720457398,0.3556076720457398,0.3556076720457398,0.3556076720457398,
TMRWI000735,PH104305020,2018-01-01,Y,0.6202685479935901,0.5919236033568247,0.5824234061352991,0.5644166436434054,0.0251140722909041
TMRWI000736,PH083747114,2018-01-01,Y,0.6634677952601872,0.6258699569975082,0.6257210607819762,0.5885699111658934,0.0419095290781162
TMRWI000737,PH097332025,2018-01-01,Y,0.3336813373190398,0.2684578166711136,0.2582247655277896,0.1970706484238234,0.0428747284042168
TMRWI000738,PH083747082,2018-01-01,Y,0.5690937277732906,0.5688452617958829,0.5688452617958829,0.5685967958184752,0.0003513839550382
TMRWI000739,PH083747051,2018-01-01,Y,0.4916770950019651,0.4916770950019651,0.4916770950019651,0.4916770950019651,
TMRWI00073A,PH083747032,2018-01-01,Y,0.5973499080397339,0.556626979344251,0.5606068711339787,0.5079442670693125,0.036842378155811
TMRWI00073B,PH097332075,2018-01-01,Y,0.6843624890292165,0.6111015177163938,0.6073594753006494,0.5561837443598084,0.0465801659326406
TMRWI00073C,PH083747143,2018-01-01,Y,0.5993741810881683,0.5842339544307295,0.5842339544307295,0.5690937277732906,0.0214115138763527
TMRWI00073D,PH097332057,2018-01-01,Y,0.3267425804801045,0.2766191708951088,0.2649552229666487,0.2428678640164672,0.0282911126383591
TMRWI00073E,PH097332027,2018-01-01,Y,0.3749080124427128,0.2761069538876653,0.271463135639759,0.1854266441879776,0.0493741596070862
TMRWI00073F,PH083747080,2018-01-01,Y,0.5690937277732906,0.5690937277732906,0.5690937277732906,0.5690937277732906,
TMRWI000740,PH083747034,2018-01-01,Y,0.4986857620385644,0.4986857620385644,0.4986857620385644,0.4986857620385644,
TMRWI000741,PH083747078,2018-01-01,Y,0.5685967958184752,0.5685967958184752,0.5685967958184752,0.5685967958184752,
TMRWI000742,PH072230024,2018-01-01,Y,0.7025754626142492,0.66888890903939,0.6818935875059036,0.6008955384134643,0.0397288507467034
TMRWI000743,PH083747053,2018-01-01,Y,0.4916770950019651,0.4916770950019651,0.4916770950019651,0.4916770950019651,
TMRWI000744,PH097332079,2018-01-01,Y,0.4665818153949736,0.3819995661168204,0.3735204133542983,0.3225628906394345,0.034692432466484
TMRWI000745,PH083747085,2018-01-01,Y,0.61087400023777,0.6051240906629691,0.6051240906629691,0.5993741810881683,0.0081316001031022
TMRWI000746,PH083747024,2018-01-01,Y,0.5600914573490435,0.4934794662854502,0.5009244472111264,0.3843461295416361,0.040626292887333
TMRWI000747,PH097332022,2018-01-01,Y,0.4928824344057975,0.4523257510130162,0.4594045332872348,0.4013891309680305,0.025260850087544
TMRWI000748,PH097332030,2018-01-01,Y,0.4942468525651864,0.4065870686311303,0.4053501496701971,0.3324093943749513,0.0495314769045287
TMRWI000749,PH097332055,2018-01-01,Y,0.460855689244407,0.3705371302652489,0.3715645124682798,0.283555585149446,0.034667797874835
TMRWI00074A,PH063022201,2018-01-01,Y,0.67341348871586,0.6457015670748374,0.6482356571438872,0.5993830153817803,0.0212974707500947
TMRWI00074B,PH072230022,2018-01-01,Y,0.6879613362390665,0.6252732871823379,0.6197250176935077,0.571893717237803,0.0378461353974667
TMRWI00074C,PH097332094,2018-01-01,Y,0.6680328841460029,0.6184440488117537,0.6251092739506078,0.5507225217920733,0.0350096393438738
TMRWI00074D,PH083747106,2018-01-01,Y,0.6589749813985221,0.624820960431283,0.6496086825849836,0.5658792173103433,0.0512594254744164
TMRWI00074E,PH097332031,2018-01-01,Y,0.6551610127203231,0.6142308579671698,0.6251092739506078,0.540481600807809,0.0347462170608494
TMRWI00074F,PH083747077,2018-01-01,Y,0.5690937277732906,0.5589845338257932,0.5685967958184752,0.5392630778856139,0.0170810890648768
TMRWI000750,PH083747103,2018-01-01,Y,0.6489292923136658,0.6255036290100365,0.6291962820272393,0.5983853126892046,0.0254735202474762
TMRWI000751,PH083747154,2018-01-01,Y,0.5392630778856139,0.5189744199620892,0.5189744199620892,0.4986857620385644,0.028692495197797
TMRWI000752,PH083747132,2018-01-01,Y,0.4996742266522239,0.464744214673142,0.469425462449864,0.3843461295416361,0.033016333450068
TMRWI000753,PH097332097,2018-01-01,Y,0.492276164501141,0.3896438156073945,0.3913105158127379,0.2069785769604415,0.0579278688689746
TMRWI000754,PH104305016,2018-01-01,Y,0.5302223604312789,0.5302223604312789,0.5302223604312789,0.5302223604312789,
TMRWI000755,PH097332023,2018-01-01,Y,0.5794031994178985,0.4580534223177122,0.4566348452450738,0.3802091519263182,0.0461924756294821
TMRWI000756,PH097332074,2018-01-01,Y,0.6445750939195497,0.5158365292211248,0.4752079488706753,0.4486449738485408,0.0781143299681655
TMRWI000757,PH083747096,2018-01-01,Y,0.6146270028938889,0.601445555954813,0.6072600575207219,0.5824496074498282,0.0168583070246045
TMRWI000758,PH097332078,2018-01-01,Y,0.4229578042855811,0.3337860204483146,0.3482310995264909,0.1771275039158468,0.0619241507199609
TMRWI000759,PH083747025,2018-01-01,Y,0.5600914573490435,0.4678853341226489,0.4727246599829511,0.3684361473065651,0.056207674541302
TMRWI00075A,PH063022199,2018-01-01,Y,0.6513513708626923,0.5884663368894788,0.5808854481282555,0.5148073392096909,0.054101539849177
TMRWI00075B,PH104305017,2018-01-01,Y,0.6178397962324403,0.6066186944672655,0.6066186944672655,0.5953975927020906,0.0158690343010789
TMRWI00075C,PH097332073,2018-01-01,Y,0.4550735152363044,0.3729781816269727,0.3705319518016882,0.2971400787519729,0.0387717325833207
TMRWI00075D,PH097332028,2018-01-01,Y,0.5120025388865106,0.4302522033944752,0.439819789869962,0.3507642090159532,0.0447747790597328
TMRWI00075E,PH083747079,2018-01-01,Y,0.6118603304274921,0.5971103754945791,0.61087400023777,0.5685967958184752,0.0246984084764572
TMRWI00075F,PH083747127,2018-01-01,Y,0.606419489047147,0.5503021414075602,0.5523127620743735,0.486940129638242,0.0289617570683318
TMRWI000760,PH097332058,2018-01-01,Y,0.3230538398341855,0.265758162961959,0.2527101677321495,0.1950647666099572,0.0416706246872633
TMRWI000761,PH083747050,2018-01-01,Y,0.4916770950019651,0.4916770950019651,0.4916770950019651,0.4916770950019651,
TMRWI000762,PH072230027,2018-01-01,Y,0.63521790217149,0.5958598842317141,0.5955118627731322,0.562861101643266,0.0228894533211769
TMRWI000763,PH083747035,2018-01-01,Y,0.5746793739734148,0.5366825680059897,0.5366825680059897,0.4986857620385644,0.0537355983259916
TMRWI000764,PH063022200,2018-01-01,Y,0.6027277690184653,0.5656935556369158,0.5656935556369158,0.5286593422553664,0.0523742868360063
TMRWI000765,PH083747131,2018-01-01,Y,0.5672926545636708,0.5246698826769659,0.5271610506801154,0.4720200114781477,0.0266286276432408
TMRWI000766,PH083747134,2018-01-01,Y,0.6684319803333436,0.635120935417444,0.6334790438461142,0.5950273997972195,0.0290107555699491
TMRWI000767,PH083747020,2018-01-01,Y,0.4673872223501179,0.4388788460963982,0.4350712811519242,0.3974143658394578,0.0228526276302301
TMRWI000768,PH083747123,2018-01-01,Y,0.6554424475229884,0.5925940817661943,0.578553560646938,0.5578267582479132,0.0433005185215139
TMRWI000769,PH097332050,2018-01-01,Y,0.454411450334587,0.4105646514732385,0.4175394660163898,0.3466409026628512,0.0294585822009858
TMRWI00076A,PH083747010,2018-01-01,Y,0.6375013059245361,0.5705607635227042,0.5770298328463054,0.4986857620385644,0.0453333169524372
TMRWI00076B,PH083747091,2018-01-01,Y,0.670835845765421,0.658355177259326,0.658355177259326,0.645874508753231,0.0176503306688022
TMRWI00076C,PH072230013,2018-01-01,Y,0.6293340200611897,0.5931499674598293,0.5847547773225608,0.5791779711471371,0.0185149561173744
TMRWI00076D,PH104305001,2018-01-01,Y,0.6234695457077847,0.4997200580423928,0.4898462484515326,0.428582965953078,0.05337730642899
TMRWI00076E,PH097332091,2018-01-01,Y,0.3967629631880803,0.3045294604864735,0.3115684338838357,0.1651339779641669,0.0504448121058321
TMRWI00076F,PH097332016,2018-01-01,Y,0.6564144262954411,0.555429797210898,0.5593092594849594,0.4740089821794368,0.0525602536718833
TMRWI000770,PH097332061,2018-01-01,Y,0.5973024801793174,0.5642475556977852,0.5563827489707709,0.5390574379432672,0.0299084039177918
TMRWI000771,PH083747044,2018-01-01,Y,0.4986857620385644,0.4986857620385644,0.4986857620385644,0.4986857620385644,
TMRWI000772,PH097332064,2018-01-01,Y,0.6073594753006494,0.5875341088625979,0.5988601023163738,0.5563827489707709,0.0273105337299376
TMRWI000773,PH083747112,2018-01-01,Y,0.6713695140716147,0.6411357401658985,0.6634677952601872,0.5885699111658934,0.0456944643680943
TMRWI000774,PH083747138,2018-01-01,Y,0.6673094986922734,0.6673094986922734,0.6673094986922734,0.6673094986922734,
TMRWI000775,PH097332045,2018-01-01,Y,0.6404594879939013,0.5396410380098662,0.5267048930809566,0.4798057207726763,0.0428078640043539
TMRWI000776,PH083747063,2018-01-01,Y,0.6072600575207219,0.5630086379636009,0.5830800943315162,0.4986857620385644,0.0570021221570614
TMRWI000777,PH083747119,2018-01-01,Y,0.6111322607206066,0.591976690799815,0.591976690799815,0.5728211208790234,0.0270900667769695
TMRWI000778,PH083747058,2018-01-01,Y,0.4916770950019651,0.4916770950019651,0.4916770950019651,0.4916770950019651,
TMRWI000779,PH097332088,2018-01-01,Y,0.4942422436944451,0.3651275701459711,0.3538139183008586,0.322194764814907,0.0393034908507654
TMRWI00077A,PH083747064,2018-01-01,Y,0.4986857620385644,0.4986857620385644,0.4986857620385644,0.4986857620385644,
TMRWI00077B,PH072230019,2018-01-01,Y,0.63521790217149,0.5987651672582359,0.5937807167197253,0.562861101643266,0.0225226077918269
TMRWI00077C,PH083747148,2018-01-01,Y,0.6558955826355003,0.6322658303953169,0.645874508753231,0.5950273997972195,0.0326363450082184
TMRWI00077D,PH083747137,2018-01-01,Y,0.5823974779863353,0.5587857264293776,0.5770298328463054,0.4986857620385644,0.0401923072369791
TMRWI00077E,PH083747100,2018-01-01,Y,0.5983853126892046,0.5881609445383561,0.5888628906795123,0.5816308319257567,0.0068441337464957
TMRWI00077F,PH083747120,2018-01-01,Y,0.6554424475229884,0.6122558892370901,0.6062001769523049,0.5728211208790234,0.0307082423101776
TMRWI000780,PH097332005,2018-01-01,Y,0.4368861866745384,0.3558199357085068,0.3675688366151388,0.1628076063843007,0.0575969113497861
TMRWI000781,PH083747146,2018-01-01,Y,0.6522271910871501,0.6378845703840924,0.650552519827357,0.61087400023777,0.0234068217765492
TMRWI000782,PH097332043,2018-01-01,Y,0.4641295712438337,0.3974333388182213,0.4024040810189367,0.3213211633965768,0.0445768408450025
TMRWI000783,PH083747065,2018-01-01,Y,0.4986857620385644,0.4986857620385644,0.4986857620385644,0.4986857620385644,
TMRWI000784,PH083747043,2018-01-01,Y,0.5392630778856139,0.5154700864437896,0.5154700864437896,0.4916770950019651,0.033648371186455
TMRWI000785,PH072230012,2018-01-01,Y,0.6083957660168011,0.5796287215603952,0.5806187083491119,0.5488817035265562,0.0243518210118807
TMRWI000786,PH104305002,2018-01-01,Y,0.5872093058505152,0.5229222257065926,0.5274988583850025,0.4593439650433832,0.032204716261962
TMRWI000787,PH097332087,2018-01-01,Y,0.6843624890292165,0.6116358884132542,0.6049591356637416,0.5502750407176765,0.036152473121881
TMRWI000788,PH083747014,2018-01-01,Y,0.5746793739734148,0.5216807436713148,0.4986857620385644,0.4916770950019651,0.0460317440885253
TMRWI000789,PH097332065,2018-01-01,Y,0.636349752882964,0.578170635268554,0.5907464698707932,0.5126417566233431,0.0392172505798516
TMRWI00078A,PH097332102,2018-01-01,Y,0.5495699091716862,0.4837190097258063,0.487167459835181,0.4185490895478889,0.036761914756408
TMRWI00078B,PH097332044,2018-01-01,Y,0.5890205585070593,0.5002286692236486,0.4976148700656926,0.44661048105073,0.0388694921400513
TMRWI00078C,PH083747013,2018-01-01,Y,0.5746793739734148,0.5746793739734148,0.5746793739734148,0.5746793739734148,
TMRWI00078D,PH072230014,2018-01-01,Y,0.6373458578379827,0.6215748499808452,0.622871087328827,0.5967717694250709,0.0167905538828625
TMRWI00078E,PH097332904,2018-01-01,Y,0.3766950569254267,0.3191740196511604,0.3368696102296038,0.1870517469639528,0.0533659353775988
TMRWI00078F,PH083747061,2018-01-01,Y,0.5973499080397339,0.5800858164972632,0.5741727858712556,0.5581533011604872,0.0167630497498908
TMRWI000790,PH083747139,2018-01-01,Y,0.6072600575207219,0.5570722479441041,0.5611715861085651,0.4986857620385644,0.0480325326502086
TMRWI000791,PH083747099,2018-01-01,Y,0.5898379288044473,0.5846394560600108,0.5824496074498282,0.5816308319257567,0.004520584862127
TMRWI000792,PH072230016,2018-01-01,Y,0.6515489247299716,0.6039791484533817,0.5955118627731322,0.5659051066657098,0.028643010151717
TMRWI000793,PH097332901,2018-01-01,Y,0.5087613227789312,0.3297263995471434,0.3213485297801232,0.1791183146387229,0.0833583860638971
TMRWI000794,PH083747059,2018-01-01,Y,0.6072600575207219,0.6072600575207219,0.6072600575207219,0.6072600575207219,
TMRWI000795,PH083747118,2018-01-01,Y,0.6111322607206066,0.6111322607206066,0.6111322607206066,0.6111322607206066,
TMRWI000796,PH097332049,2018-01-01,Y,0.3217811514815465,0.2632797773910995,0.2475038049006409,0.2363303482815696,0.0401277792968285
TMRWI000797,PH083747093,2018-01-01,Y,0.6589749813985221,0.6514860575789122,0.6496086825849836,0.645874508753231,0.0067489998172599
TMRWI000798,PH097332048,2018-01-01,Y,0.5959481782195197,0.5064813521460382,0.5089208571383417,0.4153676323826504,0.0476964278383107
TMRWI000799,PH083747060,2018-01-01,Y,0.6072600575207219,0.5627984756697049,0.5824496074498282,0.4986857620385644,0.0568921756047484
TMRWI00079A,PH083747046,2018-01-01,Y,0.5392630778856139,0.5154700864437896,0.5154700864437896,0.4916770950019651,0.033648371186455
TMRWI00079B,PH072230017,2018-01-01,Y,0.6702135035361336,0.6190596099989918,0.6143965027100341,0.5820594455510867,0.0282911953342578
TMRWI00079C,PH097332104,2018-01-01,Y,0.5798871337260112,0.5112464284932052,0.5090452394786262,0.4658518238694992,0.0309295500745476
TMRWI00079D,PH097332090,2018-01-01,Y,0.4038353934363298,0.3763525348412584,0.3796770283274659,0.3576565346455655,0.0160887723378917
TMRWI00079E,PH097332047,2018-01-01,Y,0.6069715572336056,0.5324472931273599,0.5296033469009518,0.4764039509934653,0.0343037488215701
TMRWI00079F,PH097332063,2018-01-01,Y,0.6320681295440121,0.5934469832370126,0.5980812912478456,0.5390574379432672,0.0314586638042978
TMRWI0007A0,PH097332015,2018-01-01,Y,0.4945863431959756,0.4111349488633127,0.4019174076686334,0.3220060907213636,0.041142069435077
TMRWI0007A1,PH083747012,2018-01-01,Y,0.5746793739734148,0.5746793739734148,0.5746793739734148,0.5746793739734148,
TMRWI0007A2,PH083747117,2018-01-01,Y,0.6584107526705328,0.6196536812521269,0.6244763529008586,0.5562927357703412,0.0352458205769309
TMRWI0007A3,PH083747047,2018-01-01,Y,0.6375013059245361,0.5746674112551338,0.5847456220470169,0.4916770950019651,0.0612135341168284
TMRWI0007A4,PH083747140,2018-01-01,Y,0.5690937277732906,0.5303854113876278,0.5303854113876278,0.4916770950019651,0.0547418260092329
TMRWI0007A5,PH097332014,2018-01-01,Y,0.3327946749592058,0.2929178229879622,0.3033517954243375,0.23490945300372,0.034221778123294
TMRWI0007A6,PH083747110,2018-01-01,Y,0.6713695140716147,0.6425829060359509,0.6584107526705328,0.589899189157695,0.0333735765581195
TMRWI0007A7,PH097332046,2018-01-01,Y,0.5588697839052836,0.4688181294791271,0.4608126244033387,0.4220000992209581,0.0392665261153189
TMRWI0007A8,PH083747062,2018-01-01,Y,0.6072600575207219,0.5529729097796432,0.5529729097796432,0.4986857620385644,0.0767736205979854
TMRWI0007A9,PH097332002,2018-01-01,Y,0.563926663563931,0.473564188570804,0.4608804430905019,0.3651708901803473,0.0468044804651409
TMRWI0007AA,PH097332004,2018-01-01,Y,0.6581413084073648,0.5861316837937418,0.5927672345346362,0.5299412513502308,0.0395732730057966
TMRWI0007AB,PH083747147,2018-01-01,Y,0.670835845765421,0.6440874552768493,0.650552519827357,0.61087400023777,0.0304992380970761
TMRWI0007AC,PH072230015,2018-01-01,Y,0.636163151903988,0.5880551265948134,0.5883100987946341,0.5553298106397987,0.0281640108859416
TMRWI0007AD,PH097332902,2018-01-01,Y,0.4159847415492392,0.2532824626135975,0.2304014347371225,0.1651339779641669,0.0610185524768941
TMRWI0007AE,PH072230018,2018-01-01,Y,0.5820594455510867,0.5806187083491119,0.5806187083491119,0.5791779711471371,0.0020375100908482
TMRWI0007AF,PH083747045,2018-01-01,Y,0.5392630778856139,0.5189744199620892,0.5189744199620892,0.4986857620385644,0.028692495197797
TMRWI0007B0,PH083747092,2018-01-01,Y,0.670835845765421,0.6557896142453773,0.6532240512314287,0.645874508753231,0.0108341556680421
TMRWI0007B1,PH097332089,2018-01-01,Y,0.4324805077600727,0.3783967062125977,0.3696745537690176,0.337445810011004,0.0290360541753652
TMRWI0007B2,PH097332103,2018-01-01,Y,0.4353255799462892,0.3765286443502187,0.383758834364817,0.3002648866603971,0.0366513079148507
TMRWI0007B3,PH104305003,2018-01-01,Y,0.7036432543006137,0.5947217770366594,0.5916706932539959,0.4961475118680202,0.0556555473961789
TMRWI0007B4,PH072230011,2018-01-01,Y,0.7025754626142492,0.6597473176299891,0.6702158578000149,0.6123035707331519,0.0338819235056516
TMRWI0007B5,PH083747109,2018-01-01,Y,0.6713695140716147,0.6364646226837379,0.6324954317096599,0.589899189157695,0.033017989784432
TMRWI0007B6,PH097332068,2018-01-01,Y,0.6445750939195497,0.6095742902334469,0.6206102367201957,0.5525015935738466,0.0407778526830138
TMRWI0007B7,PH097332100,2018-01-01,Y,0.4088963629209803,0.3149339400731234,0.3290154784555486,0.2386885177357017,0.0392166623709462
TMRWI0007B8,PH083747122,2018-01-01,Y,0.6554424475229884,0.5972188898756363,0.5856247936571156,0.5578267582479132,0.0336140061755481
TMRWI0007B9,PH083747108,2018-01-01,Y,0.6589749813985221,0.6327445712127151,0.6410520571473217,0.589899189157695,0.0305953237430416
TMRWI0007BA,PH072230021,2018-01-01,Y,0.6581833315760199,0.6234307078919079,0.6222517604065962,0.5632725562587922,0.0271069716675384
TMRWI0007BB,PH072230007,2018-01-01,Y,0.7025754626142492,0.6543199242999436,0.6563704691004162,0.6123035707331519,0.0263043683044626
TMRWI0007BC,PH104305007,2018-01-01,Y,0.6095935343391138,0.6095935343391138,0.6095935343391138,0.6095935343391138,
TMRWI0007BD,PH097332084,2018-01-01,Y,0.53053501455773,0.4224250176034619,0.4178484301289782,0.3671114375545048,0.0434189715571786
TMRWI0007BE,PH083747019,2018-01-01,Y,0.5362532343631123,0.4801149295712879,0.4595106598026729,0.4345384280655019,0.0361047072673179
TMRWI0007BF,PH097332001,2018-01-01,Y,0.5294015338234962,0.4537874110250492,0.4293967710910777,0.398031353616749,0.0508644007964152
TMRWI0007C0,PH083747056,2018-01-01,Y,0.4916770950019651,0.4916770950019651,0.4916770950019651,0.4916770950019651,
TMRWI0007C1,PH083747149,2018-01-01,Y,0.6558955826355003,0.6292514360971054,0.622596358931206,0.5950273997972195,0.024643211196262
TMRWI0007C2,PH097332039,2018-01-01,Y,0.3481849606509867,0.2681065905260534,0.254907240645243,0.2200306321252701,0.0420517155422937
TMRWI0007C3,PH083747069,2018-01-01,Y,0.6118603304274921,0.5757000746157743,0.5758384450749957,0.5392630778856139,0.0302221777935756
TMRWI0007C4,PH097332052,2018-01-01,Y,0.6445750939195497,0.5489911291866989,0.5512796407851079,0.4874415190115289,0.0468236987034139
TMRWI0007C5,PH083747135,2018-01-01,Y,0.6713695140716147,0.634451175480129,0.6393621122663974,0.5885699111658934,0.0341902441285821
TMRWI0007C6,PH083747070,2018-01-01,Y,0.5392630778856139,0.5392630778856139,0.5392630778856139,0.5392630778856139,
TMRWI0007C7,PH097332038,2018-01-01,Y,0.4193981561923304,0.3316592245349843,0.325093395408107,0.270471023483929,0.0334547970428219
TMRWI0007C8,PH083747040,2018-01-01,Y,0.4986857620385644,0.4986857620385644,0.4986857620385644,0.4986857620385644,
TMRWI0007C9,PH097332036,2018-01-01,Y,0.3389682201558632,0.2518096893415135,0.2527101677321495,0.1477657237159328,0.0503866697565063
TMRWI0007CA,PH083747072,2018-01-01,Y,0.5392630778856139,0.5154700864437896,0.5154700864437896,0.4916770950019651,0.033648371186455
TMRWI0007CB,PH083747055,2018-01-01,Y,0.4916770950019651,0.4916770950019651,0.4916770950019651,0.4916770950019651,
TMRWI0007CC,PH097332053,2018-01-01,Y,0.5794031994178985,0.471516889539019,0.4803276547946258,0.3983052842985246,0.0439265235943472
TMRWI0007CD,PH083747039,2018-01-01,Y,0.5746793739734148,0.53317823448769,0.53317823448769,0.4916770950019651,0.0586914743146496
TMRWI0007CE,PH072230005,2018-01-01,Y,0.6777839651071919,0.640502371212624,0.6423172608928323,0.576802233125792,0.026804967592772
TMRWI0007CF,PH104305009,2018-01-01,Y,0.6579756742491548,0.6337846042941343,0.6337846042941343,0.6095935343391138,0.0342113392187063
TMRWI0007D0,PH083747101,2018-01-01,Y,0.5888628906795123,0.5852468613026345,0.5852468613026345,0.5816308319257567,0.00511383778672
TMRWI0007D1,PH097332069,2018-01-01,Y,0.4976526417726469,0.3777850936411054,0.3798817399518504,0.2566597507880286,0.058162302316178
TMRWI0007D2,PH097332062,2018-01-01,Y,0.6073594753006494,0.5839817481818894,0.5860923842280688,0.5563827489707709,0.0228652935997316
TMRWI0007D3,PH097332037,2018-01-01,Y,0.4767202365229203,0.4085723467515321,0.4070238315938704,0.3324093943749513,0.0317510469178275
TMRWI0007D4,PH083747071,2018-01-01,Y,0.5392630778856139,0.5189744199620892,0.5189744199620892,0.4986857620385644,0.028692495197797
TMRWI0007D5,PH083747088,2018-01-01,Y,0.6558955826355003,0.6452151532110629,0.6513898554572535,0.6221853192942445,0.0155145198711727
TMRWI0007D6,PH097332019,2018-01-01,Y,0.6399100566375823,0.5739259829390481,0.5709936726170106,0.504945870369493,0.043707587478343
TMRWI0007D7,PH072230006,2018-01-01,Y,0.6429525893525744,0.6047635022133304,0.5955118627731322,0.5800646057757027,0.0264945821664722
TMRWI0007D8,PH104305008,2018-01-01,Y,0.6095935343391138,0.5850803280834207,0.5850803280834207,0.5605671218277277,0.0346669087440501
TMRWI0007D9,PH097332083,2018-01-01,Y,0.4812312554068269,0.413647259861385,0.4090242756294562,0.2977331923338123,0.0404530549413662
TMRWI0007DA,PH083747049,2018-01-01,Y,0.4916770950019651,0.4916770950019651,0.4916770950019651,0.4916770950019651,
TMRWI0007DB,PH083747116,2018-01-01,Y,0.6525846598465893,0.6144929372249028,0.6197539358713393,0.5658792173103433,0.0434059946413167
TMRWI0007DC,PH083747008,2018-01-01,Y,0.6858433804136774,0.6168389221869219,0.6091334422004859,0.5632454239330388,0.0542897560389821
TMRWI0007DD,PH097332041,2018-01-01,Y,0.4064690936326602,0.3372488004325297,0.3332481644724474,0.3104024131505972,0.0217851913903217
TMRWI0007DE,PH072230020,2018-01-01,Y,0.636163151903988,0.5917348247319026,0.5895271052525453,0.5553298106397987,0.0248184920536687
TMRWI0007DF,PH083747057,2018-01-01,Y,0.4916770950019651,0.4916770950019651,0.4916770950019651,0.4916770950019651,
TMRWI0007E0,PH083747042,2018-01-01,Y,0.5746793739734148,0.5260763272248896,0.5189744199620892,0.4916770950019651,0.0385992089080439
TMRWI0007E1,PH072230010,2018-01-01,Y,0.6515489247299716,0.5941741520796303,0.5796212884614199,0.5659051066657098,0.0387941928848266
TMRWI0007E2,PH104305004,2018-01-01,Y,0.5068652041855753,0.4518819894877928,0.4695264040586842,0.3519431534803277,0.0439159329553398
TMRWI0007E3,PH097332066,2018-01-01,Y,0.4136288508490285,0.2792302659413712,0.2773695784671932,0.1477657237159328,0.0560804270452415
TMRWI0007E4,PH097332051,2018-01-01,Y,0.4626045568205464,0.3999811083324346,0.4036134665086009,0.320839713018295,0.0305737878732757
TMRWI0007E5,PH097332086,2018-01-01,Y,0.4732957116054341,0.400672341707572,0.3937336748145966,0.3477012287542889,0.0486994837984296
TMRWI0007E6,PH083747015,2018-01-01,Y,0.5746793739734148,0.5366825680059897,0.5366825680059897,0.4986857620385644,0.0537355983259916
TMRWI0007E7,PH083747090,2018-01-01,Y,0.670835845765421,0.6351050134267946,0.6351050134267946,0.5993741810881683,0.0505310276881645
TMRWI0007E8,PH097332042,2018-01-01,Y,0.3769596033069962,0.2902807773357121,0.2853234593594616,0.2306998165423299,0.0438891139754999
TMRWI0007E9,PH083747066,2018-01-01,Y,0.6072600575207219,0.5484029658149667,0.5392630778856139,0.4986857620385644,0.054861166350913
TMRWI0007EA,PH083747098,2018-01-01,Y,0.6146270028938889,0.5956381797160548,0.5898379288044473,0.5824496074498282,0.016854624806535
TMRWI0007EB,PH097332017,2018-01-01,Y,0.4120036554975785,0.3511275909548418,0.3449238224490197,0.3082380467095884,0.0259026910142003
TMRWI0007EC,PH097332101,2018-01-01,Y,0.6843624890292165,0.5802284747371929,0.5516003876727846,0.4874415190115289,0.067089359574462
TMRWI0007ED,PH083747094,2018-01-01,Y,0.6589749813985221,0.6389431181461183,0.6508850456943657,0.5950273997972195,0.0298065769670327
TMRWI0007EE,PH083747121,2018-01-01,Y,0.6637946076276476,0.5790502625746738,0.5728211208790234,0.5014037023537067,0.0449954247947844
TMRWI0007EF,PH097332013,2018-01-01,Y,0.4749146746642174,0.3044494437153972,0.3008425870949718,0.1651339779641669,0.055746891350324
TMRWI0007F0,PH072230008,2018-01-01,Y,0.7025754626142492,0.6811324417053962,0.6706060047019244,0.6702158578000149,0.0185712254017982
TMRWI0007F1,PH104305006,2018-01-01,Y,0.6095935343391138,0.6095935343391138,0.6095935343391138,0.6095935343391138,
TMRWI0007F2,PH083747089,2018-01-01,Y,0.670835845765421,0.6329091367296791,0.6307132600325636,0.5993741810881683,0.0334657273216864
TMRWI0007F3,PH083747141,2018-01-01,Y,0.5690937277732906,0.5303854113876278,0.5303854113876278,0.4916770950019651,0.0547418260092329
TMRWI0007F4,PH097332092,2018-01-01,Y,0.6551610127203231,0.5661255101280094,0.5558742889930157,0.4917885599035558,0.0462775535775094
TMRWI0007F5,PH097332018,2018-01-01,Y,0.3861164174895057,0.2367075488651766,0.2246184148427861,0.1651339779641669,0.0490443691589144
TMRWI0007F6,PH083747041,2018-01-01,Y,0.5392630778856139,0.5189744199620892,0.5189744199620892,0.4986857620385644,0.028692495197797
TMRWI0007F7,PH097332060,2018-01-01,Y,0.4463870266357741,0.3788182141744666,0.3741867021558471,0.3246887076836798,0.0333535095832781
TMRWI0007F8,PH097332067,2018-01-01,Y,0.563926663563931,0.4774966718067788,0.4798938954090825,0.4079478270789312,0.0419829503922902
TMRWI0007F9,PH083747068,2018-01-01,Y,0.5830800943315162,0.5611715861085651,0.5611715861085651,0.5392630778856139,0.03098330946026
TMRWI0007FA,PH097332085,2018-01-01,Y,0.6275466485790309,0.5348284387616161,0.5423348957545613,0.4295791749583856,0.056922499440308
TMRWI0007FB,PH083747018,2018-01-01,Y,0.606419489047147,0.5247830193636122,0.5010558970836496,0.4831020824051561,0.0414270345808778
TMRWI0007FC,PH083747136,2018-01-01,Y,0.670536037224543,0.6154970910957419,0.6127988502633944,0.5685967958184752,0.0294380520318771
TMRWI0007FD,PH083747048,2018-01-01,Y,0.5746793739734148,0.53317823448769,0.53317823448769,0.4916770950019651,0.0586914743146496
TMRWI0007FE,PH072230009,2018-01-01,Y,0.6777839651071919,0.6431606657333218,0.6508069331911799,0.6017751608576578,0.0294516607502705
TMRWI0007FF,PH104305005,2018-01-01,Y,0.6756550449694876,0.6031910680748278,0.605936154035057,0.5136106683650017,0.0443095371879457
TMRWI000800,PH097332040,2018-01-01,Y,0.4125345381968681,0.3456355339702692,0.3420109440824982,0.2846906219534751,0.0208625648727005
TMRWI000801,PH083747067,2018-01-01,Y,0.5392630778856139,0.5189744199620892,0.5189744199620892,0.4986857620385644,0.028692495197797
TMRWI000802,PH112402016,2018-01-01,Y,0.5250887911108297,0.4785784168666636,0.4802095720477216,0.4367412357524445,0.0218427169945505
TMRWI000803,PH112402099,2018-01-01,Y,0.4007496449037367,0.3048310702216191,0.296930083840586,0.2326674671375375,0.0464180431022908
TMRWI000804,PH063022008,2018-01-01,Y,0.6723948255250356,0.6665167020570275,0.6665167020570275,0.6606385785890194,0.0083129219297606
TMRWI000805,PH112402122,2018-01-01,Y,0.4755437768553367,0.412984790536277,0.4060446222659252,0.3505191852719347,0.0268374548201527
TMRWI000806,PH063022007,2018-01-01,Y,0.5315738724111942,0.5315738724111942,0.5315738724111942,0.5315738724111942,
TMRWI000807,PH112402123,2018-01-01,Y,0.524428668045968,0.4518510922162794,0.460094189536974,0.3756416370290389,0.0414282525786525
TMRWI000808,PH063022006,2018-01-01,Y,0.5987262555220219,0.559388845091422,0.5432553809141849,0.536184898838059,0.0342501361126683
TMRWI000809,PH112402124,2018-01-01,Y,0.6173302721131474,0.5256686261688591,0.5194466585637777,0.4575565747528097,0.046336858770654
TMRWI00080A,PH063022005,2018-01-01,Y,0.668074870725647,0.6167651343499998,0.6167651343499998,0.5654553979743525,0.0725629250642284
TMRWI00080B,PH112402125,2018-01-01,Y,0.6827205974825016,0.6067690378063854,0.6046078201783597,0.5260505490169163,0.0385412943174071
TMRWI00080C,PH063022004,2018-01-01,Y,0.6539067585406765,0.6177918394043043,0.624789506070925,0.577181717058494,0.0297559231957603
TMRWI00080D,PH112402126,2018-01-01,Y,0.6768937697847736,0.608740322531142,0.6057845761996172,0.5517973553918389,0.0379173094505815
TMRWI00080E,PH063022003,2018-01-01,Y,0.6417443771729574,0.603599887573655,0.603599887573655,0.5654553979743525,0.053944454521133
TMRWI00080F,PH112402127,2018-01-01,Y,0.6598939636024723,0.5584088011213316,0.5569683226796165,0.508764749262943,0.0389158876378813
TMRWI000810,PH063022001,2018-01-01,Y,0.6183236457957166,0.607957368946012,0.6109759485194148,0.5915539329495015,0.0128389045182751
TMRWI000811,PH112402128,2018-01-01,Y,0.5081490429202256,0.3937456117972296,0.3902737360070021,0.3415025562713981,0.0375053642180046
TMRWI000812,PH050506077,2018-01-01,Y,0.5517338268683004,0.5129638328994987,0.5360585173455035,0.4220191076817467,0.0523473220275207
TMRWI000813,PH112402129,2018-01-01,Y,0.6641869382091582,0.5495718618855334,0.5451494516714016,0.4971720881051172,0.0331917052422066
TMRWI000814,PH050506074,2018-01-01,Y,0.660044228828586,0.6060913175278777,0.6224473922502092,0.5334679916357412,0.0414610824530755
TMRWI000815,PH112402131,2018-01-01,Y,0.632775056774332,0.5222858279265145,0.5138542292446303,0.4636829901948301,0.0346467388831047
TMRWI000816,PH050506073,2018-01-01,Y,0.6271586126180372,0.604411936291638,0.6063946747091108,0.5717216694058656,0.0211530983768865
TMRWI000817,PH112402121,2018-01-01,Y,0.3832921111928135,0.2591214199758718,0.2464255817732009,0.1711001574169105,0.0534528230965253
TMRWI000818,PH112402133,2018-01-01,Y,0.4953894457101823,0.4337331348904457,0.4321037747594316,0.3627693013334203,0.0344195242029081
TMRWI000819,PH063022009,2018-01-01,Y,0.6003168655199248,0.5673193770359659,0.5654563667499138,0.536184898838059,0.0321065475116126
TMRWI00081A,PH063022010,2018-01-01,Y,0.6652476596825685,0.6155115620747795,0.6180335187767483,0.576106174298383,0.027167612343487
TMRWI00081B,PH112402108,2018-01-01,Y,0.4094925399634156,0.3546383930877785,0.360413926462807,0.2408315738174038,0.0383837247283995
TMRWI00081C,PH063022020,2018-01-01,Y,0.6499484220813397,0.6446552385874883,0.6446552385874883,0.6393620550936369,0.0074856918851341
TMRWI00081D,PH112402110,2018-01-01,Y,0.6641869382091582,0.5774155426349727,0.5690782750711244,0.5208340864755512,0.0363537320175893
TMRWI00081E,PH063022019,2018-01-01,Y,0.7054093477676808,0.6043403949365463,0.5924502035582773,0.5637128691759024,0.039802594117511
TMRWI00081F,PH112402112,2018-01-01,Y,0.5528764505985726,0.4741380967347448,0.4668773776519543,0.4198389629389247,0.0299375256183502
TMRWI000820,PH063022018,2018-01-01,Y,0.5765555286099461,0.5558613409231091,0.5553524681222157,0.536184898838059,0.0192233253976928
TMRWI000821,PH112402113,2018-01-01,Y,0.5498827828523061,0.4582587754991071,0.4636609137108483,0.3675231210987902,0.0507285755505991
TMRWI000822,PH063022017,2018-01-01,Y,0.6349550400226118,0.6223868108322937,0.6237355504583824,0.608469842015887,0.013294011896267
TMRWI000823,PH112402114,2018-01-01,Y,0.4761082460811503,0.4168437354708016,0.4173866869022887,0.3549264955607675,0.0371472220890621
TMRWI000824,PH063022016,2018-01-01,Y,0.6504290863806821,0.6156191636229129,0.6302896837587659,0.5797808587013195,0.0330195135363481
TMRWI000825,PH112402115,2018-01-01,Y,0.5353260226352924,0.4662014671209481,0.4567279387680765,0.4060394139886968,0.0373358585688348
TMRWI000826,PH063022015,2018-01-01,Y,0.6324256135637544,0.5927776864638181,0.5881003452037803,0.5624844418839574,0.0306801818859996
TMRWI000827,PH112402116,2018-01-01,Y,0.6601766496463713,0.6102429864144544,0.6105930995222316,0.5416087930108019,0.0317912595931992
TMRWI000828,PH063022014,2018-01-01,Y,0.668074870725647,0.6167651343499998,0.6167651343499998,0.5654553979743525,0.0725629250642284
TMRWI000829,PH112402117,2018-01-01,Y,0.7167943085693337,0.546941089049044,0.5358935755880663,0.5007184772801306,0.0429328337076112
TMRWI00082A,PH063022012,2018-01-01,Y,0.6460422279070923,0.6023815894190232,0.6055224005708522,0.5524393286272962,0.0469048879556131
TMRWI00082B,PH112402118,2018-01-01,Y,0.4735933738863971,0.4247519286895808,0.4226811152617459,0.355703915992366,0.0259243115955008
TMRWI00082C,PH063022011,2018-01-01,Y,0.7054093477676808,0.6120367540821076,0.6098205259971571,0.5420705794311191,0.0396718909618502
TMRWI00082D,PH112402119,2018-01-01,Y,0.4182459415510202,0.3723265826985034,0.371715254298042,0.2988652112250046,0.0268371040046434
TMRWI00082E,PH112402120,2018-01-01,Y,0.5176462151805399,0.4093247697770102,0.405467789299466,0.3028227357943276,0.0403617363582878
TMRWI00082F,PH050506072,2018-01-01,Y,0.7008842782281299,0.644312265394967,0.6436670445353906,0.5890306942809569,0.0456713842845973
TMRWI000830,PH112402134,2018-01-01,Y,0.5977073982373556,0.5537571968081982,0.5457185251439886,0.52588433870746,0.0342767675233526
TMRWI000831,PH050506071,2018-01-01,Y,0.5560797300580024,0.467161041460385,0.4684160973420074,0.408390982026576,0.0447691491161526
TMRWI000832,PH112402147,2018-01-01,Y,0.5950897951223268,0.562302186818796,0.5616752850481896,0.5307683820564776,0.0342568884587224
TMRWI000833,PH050506057,2018-01-01,Y,0.4571181622452333,0.419722286401109,0.410978410565026,0.3769368501488984,0.0226997623137856
TMRWI000834,PH112402148,2018-01-01,Y,0.5950897951223268,0.5714407230346994,0.5799523574799967,0.5307683820564776,0.0289145119819252
TMRWI000835,PH050506056,2018-01-01,Y,0.562245979199968,0.4532343641533481,0.4626503283478969,0.3886893984175266,0.0423702485785395
TMRWI000836,PH112402149,2018-01-01,Y,0.5886049072875221,0.5554095649900006,0.5511324853080013,0.5307683820564776,0.0292070040146207
TMRWI000837,PH050506055,2018-01-01,Y,0.6662837073442396,0.6206699831747947,0.6323490246704639,0.5606114423290357,0.0432514794572501
TMRWI000838,PH112402150,2018-01-01,Y,0.5712998076724712,0.5443444508908267,0.5309651629435312,0.5307683820564776,0.0233442310881873
TMRWI000839,PH050506054,2018-01-01,Y,0.6766290506535405,0.5594838945388445,0.5726672420765262,0.4704360468359984,0.0550763294341941
TMRWI00083A,PH112402151,2018-01-01,Y,0.5712998076724712,0.5451356327643383,0.539262973746374,0.5307683820564776,0.0172791215875517
TMRWI00083B,PH050506053,2018-01-01,Y,0.6259322243933458,0.5498094819166108,0.5402053147343218,0.5075844296485289,0.0361793909568773
TMRWI00083C,PH112402152,2018-01-01,Y,0.7143458625581818,0.6149965742405948,0.6237393369514919,0.5096574852387709,0.0546490290064634
TMRWI00083D,PH050506052,2018-01-01,Y,0.6286182436982206,0.5780477682409597,0.5717216694058656,0.5334679916357412,0.0438205400703182
TMRWI00083E,PH112402153,2018-01-01,Y,0.6126947384918502,0.5539489015180512,0.5533818374028374,0.5096574852387709,0.0388076051945755
TMRWI00083F,PH050506051,2018-01-01,Y,0.7025837330971099,0.652383166179956,0.6637863988287862,0.5606114423290357,0.0467995592876688
TMRWI000840,PH112402154,2018-01-01,Y,0.6060543210226047,0.5918209420515158,0.5918209420515158,0.5775875630804269,0.0201290375793099
TMRWI000841,PH050506050,2018-01-01,Y,0.384126940665248,0.3118346569267062,0.309427096791849,0.2105833731976187,0.0366787768947003
TMRWI000842,PH112402155,2018-01-01,Y,0.6759188627822508,0.6198535822950941,0.6060543210226047,0.5775875630804269,0.0505971919577786
TMRWI000843,PH050506049,2018-01-01,Y,0.5560797300580024,0.4777493731009369,0.4778180233350872,0.4176573252637123,0.0416708347806654
TMRWI000844,PH112402156,2018-01-01,Y,0.6759188627822508,0.6227713752245121,0.6148076998108586,0.5775875630804269,0.0496470162228607
TMRWI000845,PH050506058,2018-01-01,Y,0.5362763614615025,0.4662399320227534,0.4763888901082144,0.3778421242068771,0.0540563016746257
TMRWI000846,PH112402146,2018-01-01,Y,0.5347456628088572,0.5327570224326674,0.5327570224326674,0.5307683820564776,0.0028123621906903
TMRWI000847,PH050506059,2018-01-01,Y,0.5692972396839336,0.4839692508702074,0.4845627390182096,0.4375942669984504,0.0333679416212629
TMRWI000848,PH112402145,2018-01-01,Y,0.5669565739150437,0.5429333981316882,0.5370043182776156,0.5307683820564776,0.0163871048461198
TMRWI000849,PH112402135,2018-01-01,Y,0.527185669630974,0.5226596335135235,0.52588433870746,0.5149088922021366,0.0067438015021316
TMRWI00084A,PH050506070,2018-01-01,Y,0.7008842782281299,0.5543831857979863,0.5607886817924941,0.4528601560024657,0.065637269568939
TMRWI00084B,PH112402136,2018-01-01,Y,0.5742871578764528,0.5355665146042559,0.526535004169217,0.5149088922021366,0.0263944986141932
TMRWI00084C,PH050506069,2018-01-01,Y,0.6259322243933458,0.5793264811451738,0.5711180632315402,0.5451111565366885,0.0260856534601673
TMRWI00084D,PH112402137,2018-01-01,Y,0.5742871578764528,0.5455092406752733,0.5464204563112518,0.5149088922021366,0.029493924376948
TMRWI00084E,PH050506067,2018-01-01,Y,0.6294951151235125,0.5870971000029612,0.5868137118920782,0.5452658611041757,0.0376612308673575
TMRWI00084F,PH112402138,2018-01-01,Y,0.6173076706500948,0.5668838253068085,0.5658894276259503,0.5149088922021366,0.0463826892713279
TMRWI000850,PH050506066,2018-01-01,Y,0.6259322243933458,0.5635867396100959,0.5578308383482329,0.5221603300287295,0.0378142087651393
TMRWI000851,PH112402139,2018-01-01,Y,0.6091274664248867,0.5620181793135117,0.5620181793135117,0.5149088922021366,0.0666225927466345
TMRWI000852,PH063022021,2018-01-01,Y,0.6003168655199248,0.5849438758339385,0.590754712805549,0.5654563667499138,0.0139711040998854
TMRWI000853,PH050506065,2018-01-01,Y,0.4028180355893006,0.2999887684257879,0.2893767724869833,0.2297364582095558,0.0461492599592706
TMRWI000854,PH050506064,2018-01-01,Y,0.6509407966482839,0.5995829970530631,0.60566103108507,0.5292697576513764,0.0407166672868089
TMRWI000855,PH112402141,2018-01-01,Y,0.6568412106486845,0.602146715141902,0.6163110033066274,0.5292203779244798,0.0371493477410713
TMRWI000856,PH050506063,2018-01-01,Y,0.660044228828586,0.5796794241751293,0.5639671951649072,0.5378277093510293,0.0421919193049565
TMRWI000857,PH112402142,2018-01-01,Y,0.6207250927263924,0.5781479194187733,0.5778339843755514,0.5149088922021366,0.0408370969554171
TMRWI000858,PH050506062,2018-01-01,Y,0.6612890903133329,0.5701302721577892,0.5662802132883838,0.5271977854106527,0.0346339549045481
TMRWI000859,PH112402143,2018-01-01,Y,0.6419624882767665,0.5953334515107509,0.5986272639494548,0.539262973746374,0.0322206809489404
TMRWI00085A,PH050506061,2018-01-01,Y,0.5419788645120598,0.4658521704048213,0.4638760094563713,0.3963716301886119,0.0484051610567353
TMRWI00085B,PH112402144,2018-01-01,Y,0.5669565739150437,0.5469884034900917,0.539262973746374,0.5347456628088572,0.0174398221641306
TMRWI00085C,PH050506060,2018-01-01,Y,0.5517338268683004,0.4669419850722824,0.4621996985991172,0.3917036225204651,0.0383427198193934
TMRWI00085D,PH112402140,2018-01-01,Y,0.6091274664248867,0.5617849410605211,0.5742871578764528,0.5149088922021366,0.0388568944197014
TMRWI00085E,PH050506048,2018-01-01,Y,0.4151550568544058,0.3134952341097339,0.3137720314165761,0.2260463023413115,0.0601207484490871
TMRWI00085F,PH112402107,2018-01-01,Y,0.5429583754280956,0.4932441610229084,0.4995342003643417,0.4146561314521492,0.0278429922852902
TMRWI000860,PH112402106,2018-01-01,Y,0.4577935454826569,0.3164222991128712,0.3196175912417088,0.208833780055615,0.0549487806842098
TMRWI000861,PH112402065,2018-01-01,Y,0.4292421313676828,0.2977672912597986,0.3027587710847215,0.1931496074830117,0.0477012394097262
TMRWI000862,PH063022060,2018-01-01,Y,0.662598486628941,0.641418945675596,0.6443992799404994,0.5930318361643043,0.0222779762915851
TMRWI000863,PH112402066,2018-01-01,Y,0.5784486771632091,0.5101266132661019,0.5017005693163593,0.4503013260728232,0.0342636430496941
TMRWI000864,PH063022057,2018-01-01,Y,0.6231180947635625,0.5907437620133202,0.6055988055171762,0.5286593422553664,0.0422705686968367
TMRWI000865,PH112402067,2018-01-01,Y,0.4669063031082045,0.346866270758539,0.3631864934285974,0.1663160993381594,0.0577735056543957
TMRWI000866,PH063022056,2018-01-01,Y,0.5987262555220219,0.559388845091422,0.5432553809141849,0.536184898838059,0.0342501361126683
TMRWI000867,PH112402068,2018-01-01,Y,0.5479270389462485,0.4880453712568219,0.499370571868768,0.4064550339035813,0.0422292796124737
TMRWI000868,PH063022055,2018-01-01,Y,0.6237355504583824,0.6132316597384238,0.6132316597384238,0.6027277690184653,0.0148547447138503
TMRWI000869,PH112402069,2018-01-01,Y,0.6815477044252322,0.5289419269424207,0.5371499794217778,0.4256320111867365,0.0640833447737863
TMRWI00086A,PH063022054,2018-01-01,Y,0.5315738724111942,0.5301166073332804,0.5301166073332804,0.5286593422553664,0.0020608840371585
TMRWI00086B,PH112402070,2018-01-01,Y,0.5292874603349246,0.4464946069595334,0.4434071526167913,0.3829064584086207,0.0325105205041193
TMRWI00086C,PH063022053,2018-01-01,Y,0.6544031411351314,0.6390693457967569,0.6390693457967569,0.6237355504583824,0.0216852613301826
TMRWI00086D,PH112402071,2018-01-01,Y,0.3548668178313035,0.2637286122841186,0.2657474161279519,0.1425136543865466,0.0469169039803235
TMRWI00086E,PH063022052,2018-01-01,Y,0.6544031411351314,0.647941165696994,0.647941165696994,0.6414791902588567,0.0091386133043357
TMRWI00086F,PH112402072,2018-01-01,Y,0.6371503870262462,0.5547641146936066,0.5569421347464683,0.4476774532553005,0.0483810227310245
TMRWI000870,PH063022051,2018-01-01,Y,0.6522628157317821,0.6257399697149455,0.6265671832262041,0.5987262555220219,0.0190737712031079
TMRWI000871,PH112402073,2018-01-01,Y,0.4729590838636308,0.3700906400917305,0.3691737594218773,0.2425492573474183,0.0387994185959461
TMRWI000872,PH063022050,2018-01-01,Y,0.6369399961267534,0.6105892664962359,0.6060513199893647,0.5933144298794608,0.019504529286782
TMRWI000873,PH112402074,2018-01-01,Y,0.671644246564027,0.6151177405380505,0.6091877418317997,0.5522666068839627,0.0329404276408776
TMRWI000874,PH063022061,2018-01-01,Y,0.6308504169779803,0.6131635205024275,0.6131635205024275,0.5954766240268746,0.0250130488720157
TMRWI000875,PH063022049,2018-01-01,Y,0.6522628157317821,0.6173376640061018,0.6338532736649589,0.5543168451509835,0.0347601060148932
TMRWI000876,PH112402064,2018-01-01,Y,0.5541540232726279,0.457734047326314,0.4606888898044333,0.3748851246390134,0.0402664904541754
TMRWI000877,PH112402063,2018-01-01,Y,0.6498618992392347,0.555860509129636,0.5538974823418953,0.4780829888656512,0.041933111192973
TMRWI000878,PH063022073,2018-01-01,Y,0.668074870725647,0.6027898755520313,0.6024087265339947,0.5382671784144888,0.0609827750903036
TMRWI000879,PH112402054,2018-01-01,Y,0.4714554725896229,0.4085405368185556,0.4126384141611439,0.3225642881806444,0.0317672563491257
TMRWI00087A,PH063022072,2018-01-01,Y,0.6021045186130985,0.5659283815802816,0.5703437018432793,0.5148073392096909,0.0247564092233569
TMRWI00087B,PH112402055,2018-01-01,Y,0.6323018275131911,0.5752160897806198,0.5741753619393093,0.5166183438075899,0.0253635870434917
TMRWI00087C,PH063022071,2018-01-01,Y,0.6414791902588567,0.6333899269132837,0.6349550400226118,0.6237355504583824,0.0089747630958141
TMRWI00087D,PH112402056,2018-01-01,Y,0.579654063511096,0.4827500422698562,0.4789011131585791,0.4105984290184761,0.0339252464658817
TMRWI00087E,PH063022070,2018-01-01,Y,0.5917336686776205,0.5806021586505568,0.5806021586505568,0.5694706486234931,0.0157423324499655
TMRWI00087F,PH112402057,2018-01-01,Y,0.6643942798979708,0.5919665719470624,0.5831851860440017,0.5317797451735691,0.0361509408426928
TMRWI000880,PH063022069,2018-01-01,Y,0.6027277690184653,0.6027277690184653,0.6027277690184653,0.6027277690184653,
TMRWI000881,PH112402058,2018-01-01,Y,0.6158730399980147,0.5388824457222299,0.5302986959111751,0.5045156864768845,0.0259191076029974
TMRWI000882,PH063022068,2018-01-01,Y,0.6302896837587659,0.5805558087782907,0.5786039676697164,0.5533359158398544,0.0224496361717911
TMRWI000883,PH112402059,2018-01-01,Y,0.6797511101417267,0.5921022981477799,0.5890291846879083,0.5364710892567467,0.0396293540957153
TMRWI000884,PH063022067,2018-01-01,Y,0.650839269850281,0.5976627636505456,0.601931870516704,0.506176078368897,0.0444952723099783
TMRWI000885,PH112402060,2018-01-01,Y,0.3788087997768216,0.2686488193271042,0.2724189137068623,0.1931496074830117,0.0490230464402476
TMRWI000886,PH063022065,2018-01-01,Y,0.6723948255250356,0.6567850212916377,0.6566330346913294,0.6414791902588567,0.0127531107604686
TMRWI000887,PH112402061,2018-01-01,Y,0.6835971909715317,0.6129351141952532,0.6121715860056455,0.527185669630974,0.0343089530810726
TMRWI000888,PH063022064,2018-01-01,Y,0.6857420774673383,0.6499253236734931,0.650839269850281,0.6288221596191601,0.0183581551683184
TMRWI000889,PH112402062,2018-01-01,Y,0.4108592218702094,0.3413460755786912,0.3377854777259547,0.2828411793748904,0.0343640739615296
TMRWI00088A,PH063022063,2018-01-01,Y,0.6649737863339221,0.6533590817534398,0.6533590817534398,0.6417443771729574,0.016425672740675
TMRWI00088B,PH063022062,2018-01-01,Y,0.6027277690184653,0.6027277690184653,0.6027277690184653,0.6027277690184653,
TMRWI00088C,PH112402075,2018-01-01,Y,0.6655357601696699,0.610602660589029,0.6076546366664766,0.5506046991495352,0.0309899516121571
TMRWI00088D,PH063022048,2018-01-01,Y,0.6588380674152928,0.6251313342441518,0.641173990935353,0.5725397753880742,0.0340801420564414
TMRWI00088E,PH112402077,2018-01-01,Y,0.6578811801823022,0.5949935129138031,0.5867745457030936,0.5506046991495352,0.0299969835061023
TMRWI00088F,PH063022033,2018-01-01,Y,0.6344260439914754,0.5734252085417731,0.575013538172801,0.5292650256656717,0.0406154923914873
TMRWI000890,PH112402092,2018-01-01,Y,0.453627687266214,0.3526038045693956,0.3575561068705912,0.2617708488758034,0.0402156030646513
TMRWI000891,PH063022032,2018-01-01,Y,0.662598486628941,0.6444295721857232,0.6459963585756932,0.6111244626909863,0.0178084781766528
TMRWI000892,PH112402097,2018-01-01,Y,0.5919606632984278,0.5337108073940129,0.5340077190614665,0.5003358340636433,0.022541512856132
TMRWI000893,PH063022031,2018-01-01,Y,0.6588380674152928,0.6243345207354235,0.6293683018318611,0.5725397753880742,0.0314511074094408
TMRWI000894,PH112402098,2018-01-01,Y,0.3195744618940612,0.2525922575449273,0.2497640476413171,0.1932295630032718,0.0375039773415961
TMRWI000895,PH063022030,2018-01-01,Y,0.6857420774673383,0.6230148048507809,0.6277392999472517,0.5541756069173082,0.0402316707537823
TMRWI000896,PH104305021,2018-01-01,Y,0.5758215614274019,0.5701191025354037,0.5701191025354037,0.5644166436434054,0.008064494703939
TMRWI000897,PH063022029,2018-01-01,Y,0.6649737863339221,0.6502262246951858,0.6486967993848923,0.638537513677036,0.0111488164181252
TMRWI000898,PH112402100,2018-01-01,Y,0.5192195710006936,0.4492457050205985,0.4528847906407795,0.3877447317026333,0.0376550772293415
TMRWI000899,PH063022028,2018-01-01,Y,0.536184898838059,0.536184898838059,0.536184898838059,0.536184898838059,
TMRWI00089A,PH112402101,2018-01-01,Y,0.66156228145829,0.6005519117303529,0.6001695592229652,0.5336460009924843,0.0337799516216951
TMRWI00089B,PH063022026,2018-01-01,Y,0.7054093477676808,0.5895992395015573,0.5842053032936806,0.5265417085712971,0.0587563996223447
TMRWI00089C,PH112402102,2018-01-01,Y,0.4128560404547322,0.3798862798488218,0.3776101187873648,0.3429981190614067,0.0223628579340596
TMRWI00089D,PH063022025,2018-01-01,Y,0.6003168655199248,0.5783479125485615,0.5874074571520054,0.536184898838059,0.0238205883704356
TMRWI00089E,PH112402104,2018-01-01,Y,0.602529046918172,0.524822477509812,0.5197469120979537,0.4600107535250538,0.0327428435092712
TMRWI00089F,PH063022024,2018-01-01,Y,0.6405557125122052,0.6015659284229972,0.6169165665237191,0.5292650256656717,0.0411535534319802
TMRWI0008A0,PH112402105,2018-01-01,Y,0.5107461349275564,0.4378480918597626,0.4368164404882532,0.3554082483643182,0.0247996012278912
TMRWI0008A1,PH063022023,2018-01-01,Y,0.6569475609239767,0.6258082426442494,0.6273657383517597,0.5915539329495015,0.0278200470797082
TMRWI0008A2,PH112402091,2018-01-01,Y,0.5029610182550739,0.3083192418225509,0.2999665833206984,0.2152204019160285,0.0496959141775068
TMRWI0008A3,PH063022034,2018-01-01,Y,0.536184898838059,0.536184898838059,0.536184898838059,0.536184898838059,
TMRWI0008A4,PH112402090,2018-01-01,Y,0.525628352812406,0.4540974559981008,0.4569907282787862,0.3613012742240734,0.0501252365904121
TMRWI0008A5,PH063022035,2018-01-01,Y,0.6544031411351314,0.6386432304687456,0.6382171151407343,0.6237355504583824,0.0128096203977313
TMRWI0008A6,PH063022047,2018-01-01,Y,0.668074870725647,0.6213424314788123,0.638537513677036,0.5691785109512059,0.0400387738115603
TMRWI0008A7,PH112402078,2018-01-01,Y,0.5625512784305703,0.5108838887267927,0.5170509083101757,0.4716793785442856,0.0252523270320478
TMRWI0008A8,PH063022046,2018-01-01,Y,0.6417443771729574,0.603599887573655,0.603599887573655,0.5654553979743525,0.053944454521133
TMRWI0008A9,PH112402079,2018-01-01,Y,0.6807552140017122,0.5588509898921952,0.5578441731940417,0.5074958049917198,0.0371028638661334
TMRWI0008AA,PH063022045,2018-01-01,Y,0.536184898838059,0.536184898838059,0.536184898838059,0.536184898838059,
TMRWI0008AB,PH112402080,2018-01-01,Y,0.5928592519261615,0.5192228135874768,0.5205178734191466,0.4623413487224398,0.035382909106529
TMRWI0008AC,PH063022044,2018-01-01,Y,0.5765555286099461,0.5599054547620654,0.5599054547620654,0.5432553809141849,0.0235467602501862
TMRWI0008AD,PH112402081,2018-01-01,Y,0.6653823167317003,0.533487729179591,0.5307637841173282,0.4635251633510855,0.034879929298331
TMRWI0008AE,PH063022043,2018-01-01,Y,0.6237355504583824,0.5986446560334469,0.6027277690184653,0.5694706486234931,0.027361903287671
TMRWI0008AF,PH063022022,2018-01-01,Y,0.6349550400226118,0.6174720503788367,0.6161026962371348,0.6027277690184653,0.0146437694188185
TMRWI0008B0,PH112402082,2018-01-01,Y,0.5971391442111788,0.489438664673502,0.48658786368978,0.4125991688931794,0.0387299726492276
TMRWI0008B1,PH112402083,2018-01-01,Y,0.478060993083342,0.4221337508156875,0.4256320111867365,0.3557235201059983,0.0317709477161867
TMRWI0008B2,PH063022041,2018-01-01,Y,0.6832020208441605,0.6457352029746056,0.6457887871096502,0.5765555286099461,0.0327116257896499
TMRWI0008B3,PH112402086,2018-01-01,Y,0.6788160527416551,0.6149796669549417,0.6136341982877154,0.5612339489591636,0.0297211664413408
TMRWI0008B4,PH063022040,2018-01-01,Y,0.5987262555220219,0.5678702412884317,0.5682849053968229,0.536184898838059,0.0327075558287909
TMRWI0008B5,PH112402087,2018-01-01,Y,0.6520556224878333,0.5777457118491894,0.5762170561539626,0.5074386469707952,0.0356593975007164
TMRWI0008B6,PH063022038,2018-01-01,Y,0.6499484220813397,0.6232017187550983,0.6209291082312908,0.6010002364764719,0.0217216190761665
TMRWI0008B7,PH112402088,2018-01-01,Y,0.4776781753809636,0.3656596790887351,0.3569702368307984,0.2829423274580279,0.0427004014572301
TMRWI0008B8,PH063022036,2018-01-01,Y,0.662598486628941,0.6528303947420708,0.659521261917278,0.629680568504786,0.0155105586346935
TMRWI0008B9,PH112402089,2018-01-01,Y,0.4363194103851077,0.3194996533334978,0.3175700846277815,0.2384274942891407,0.0424010549894368
TMRWI0008BA,PH063022042,2018-01-01,Y,0.5624844418839574,0.5414683778382632,0.5382671784144888,0.5286593422553664,0.013581185632712
TMRWI0008BB,PH112402157,2018-01-01,Y,0.6060543210226047,0.5612239353397964,0.5578801253096538,0.5230811697172735,0.0376995242579054
TMRWI0008BC,PH050506047,2018-01-01,Y,0.5413905392865668,0.478726433146859,0.4847106698427679,0.3880894657761189,0.0508206169674111
TMRWI0008BD,PH112402158,2018-01-01,Y,0.5775875630804269,0.5775875630804269,0.5775875630804269,0.5775875630804269,
TMRWI0008BE,PH137401018,2018-01-01,Y,0.7723753228817308,0.7215115173408394,0.7096614877788775,0.6943477709238717,0.0363693013751327
TMRWI0008BF,PH034919003,2018-01-01,Y,0.6419974394665025,0.47926966062094,0.4793166190795003,0.3673677623492722,0.0671837910745135
TMRWI0008C0,PH137401019,2018-01-01,Y,0.7383824818301938,0.7003949474101038,0.696201621271367,0.6666007391287506,0.036074126938755
TMRWI0008C1,PH034919001,2018-01-01,Y,0.4938745457941216,0.4156537941547086,0.4120058112310444,0.3557564347816025,0.0321217858985176
TMRWI0008C2,PH137401020,2018-01-01,Y,0.7383824818301938,0.7052734870153303,0.696201621271367,0.6743142067648309,0.0253717311076351
TMRWI0008C3,PH015518032,2018-01-01,Y,0.6499264095132805,0.5934690806465404,0.5916606659843722,0.544608035247673,0.044250081285859
TMRWI0008C4,PH137401021,2018-01-01,Y,0.7383824818301938,0.7140758601490657,0.723121354286388,0.6807237443306152,0.0298747087961134
TMRWI0008C5,PH015518031,2018-01-01,Y,0.7399476521460601,0.6477980300971552,0.6475474508685126,0.5519909134757974,0.0674965266949581
TMRWI0008C6,PH137401022,2018-01-01,Y,0.7329108977235144,0.6926576831214288,0.6950595319034205,0.6434294807630372,0.0300855679468794
TMRWI0008C7,PH015518030,2018-01-01,Y,0.6499264095132805,0.5950530421619138,0.5988681476138472,0.544608035247673,0.0367182040718436
TMRWI0008C8,PH137401023,2018-01-01,Y,0.764855900063484,0.7211422161756412,0.7106869466415799,0.6983390713559211,0.0304019085325519
TMRWI0008C9,PH015518029,2018-01-01,Y,0.6064332941155511,0.5686873089153744,0.5778697140940934,0.5200273179029635,0.0325327726128172
TMRWI0008CA,PH137401024,2018-01-01,Y,0.7383824818301938,0.709607300429641,0.7096614877788775,0.6807237443306152,0.025978277867595
TMRWI0008CB,PH015518028,2018-01-01,Y,0.6034788320756678,0.5508430928627467,0.5453297093987018,0.52152923257374,0.0236613168079331
TMRWI0008CC,PH137401025,2018-01-01,Y,0.7383824818301938,0.6871963921764928,0.6743142067648309,0.6604829118873216,0.0316419483427113
TMRWI0008CD,PH015518027,2018-01-01,Y,0.6034788320756678,0.5554715803286222,0.5445704571276793,0.52152923257374,0.0282335044155618
TMRWI0008CE,PH137401026,2018-01-01,Y,0.696201621271367,0.6882878663200231,0.6943477709238717,0.6743142067648309,0.0121369914435595
TMRWI0008CF,PH015518026,2018-01-01,Y,0.641195164776666,0.6399741732258464,0.6399741732258464,0.6387531816750268,0.001726742810712
TMRWI0008D0,PH137401027,2018-01-01,Y,0.764855900063484,0.7000619730068299,0.6971645298864777,0.6623279072759274,0.0281723302800029
TMRWI0008D1,PH034919004,2018-01-01,Y,0.5740138636511712,0.4793492799127337,0.5005946705435296,0.3812141383601662,0.0760982312600432
TMRWI0008D2,PH015518025,2018-01-01,Y,0.7300080862643535,0.668753024942729,0.6565107804887368,0.6262505626175551,0.044361542980409
TMRWI0008D3,PH137401017,2018-01-01,Y,0.7329108977235144,0.7021051586749054,0.6983390713559211,0.6629388958278506,0.0245940281249275
TMRWI0008D4,PH137401016,2018-01-01,Y,0.7329108977235144,0.6913871937711356,0.6921425210310772,0.663933967164018,0.0230965918312568
TMRWI0008D5,PH034919016,2018-01-01,Y,0.5571426378790348,0.417472889444192,0.4167697939664559,0.3455424427608786,0.0465406770751946
TMRWI0008D6,PH137401007,2018-01-01,Y,0.7383824818301938,0.7095531130804045,0.7095531130804045,0.6807237443306152,0.0407708842806071
TMRWI0008D7,PH034919015,2018-01-01,Y,0.5740138636511712,0.5116492360717079,0.5077011705961957,0.4696788969103076,0.0323782869351908
TMRWI0008D8,PH137401008,2018-01-01,Y,0.6755019552740685,0.6697179612190433,0.6697179612190433,0.663933967164018,0.008179802837302
TMRWI0008D9,PH034919014,2018-01-01,Y,0.5307407761328669,0.4315168944636811,0.4181915259305162,0.3614677372187937,0.0536555964580862
TMRWI0008DA,PH137401009,2018-01-01,Y,0.6807237443306152,0.6807237443306152,0.6807237443306152,0.6807237443306152,
TMRWI0008DB,PH034919013,2018-01-01,Y,0.5307407761328669,0.4632878279243277,0.4705123594930602,0.3598340712571848,0.0405339577418298
TMRWI0008DC,PH137401010,2018-01-01,Y,0.7383824818301938,0.6952356550965199,0.6807237443306152,0.6666007391287506,0.0380276387890733
TMRWI0008DD,PH034919012,2018-01-01,Y,0.5307407761328669,0.4615280555937204,0.4597310872149625,0.3817112996045185,0.0405154257041664
TMRWI0008DE,PH137401011,2018-01-01,Y,0.6983390713559211,0.6824699052423359,0.6824699052423359,0.6666007391287506,0.0224423899413837
TMRWI0008DF,PH034919011,2018-01-01,Y,0.4830155342794263,0.4519715701005771,0.4481961417698061,0.4242769890729353,0.0189661860161378
TMRWI0008E0,PH137401012,2018-01-01,Y,0.6807237443306152,0.6807237443306152,0.6807237443306152,0.6807237443306152,
TMRWI0008E1,PH034919010,2018-01-01,Y,0.5740138636511712,0.4498411404940952,0.415550219625327,0.3725541685470538,0.0716828964514863
TMRWI0008E2,PH137401013,2018-01-01,Y,0.7329108977235144,0.6869086226644162,0.6918313049357198,0.6623279072759274,0.023371695246848
TMRWI0008E3,PH034919008,2018-01-01,Y,0.4830155342794263,0.4492737148476912,0.4476370796150677,0.3996610740705338,0.0243843175213864
TMRWI0008E4,PH137401014,2018-01-01,Y,0.7065413978544848,0.6798361543214433,0.6846868693341257,0.6434294807630372,0.0276939165496011
TMRWI0008E5,PH034919007,2018-01-01,Y,0.4428136895245708,0.392604864268418,0.3890047776647824,0.3714627621682619,0.020375147686889
TMRWI0008E6,PH137401015,2018-01-01,Y,0.723121354286388,0.7087345626051298,0.7087345626051298,0.6943477709238717,0.0203459959146716
TMRWI0008E7,PH034919006,2018-01-01,Y,0.5014915452337921,0.4441966754030749,0.4508557347040405,0.3899238555281248,0.042470461282846
TMRWI0008E8,PH034919005,2018-01-01,Y,0.4726675754101675,0.4307063284782537,0.4300580946493156,0.3955415132753666,0.0190092826665625
TMRWI0008E9,PH137503001,2018-01-01,Y,0.7161742387874658,0.6979463274317366,0.6979463274317366,0.6797184160760072,0.0257781594530068
TMRWI0008EA,PH015518024,2018-01-01,Y,0.6819415347738645,0.6416932577250637,0.6298111830161859,0.5991231283960029,0.0342444245454722
TMRWI0008EB,PH137503002,2018-01-01,Y,0.6797184160760072,0.6463284077019202,0.6740344429961297,0.5852323640336237,0.0529869965315264
TMRWI0008EC,PH015518011,2018-01-01,Y,0.5966363419966274,0.5702447855119711,0.5763444428894022,0.5384840198534587,0.0225176010989922
TMRWI0008ED,PH137603001,2018-01-01,Y,0.7094245210755707,0.6606843929549716,0.6721860993466521,0.5925453754638101,0.0372371477706253
TMRWI0008EE,PH015518010,2018-01-01,Y,0.5825641074108682,0.5620959606028987,0.5601806046162207,0.5471215066323232,0.0138592360750439
TMRWI0008EF,PH137603002,2018-01-01,Y,0.7498965675078477,0.6739259382349735,0.6860902277353653,0.5925453754638101,0.0547001402611452
TMRWI0008F0,PH015518009,2018-01-01,Y,0.6868429156687416,0.597983284211019,0.588284637289579,0.5205279346290563,0.0524648381430625
TMRWI0008F1,PH137603003,2018-01-01,Y,0.6729050829707955,0.6420596915519304,0.6681219068776666,0.570425611080973,0.0466392917661868
TMRWI0008F2,PH015518008,2018-01-01,Y,0.6868429156687416,0.602548091811686,0.5904793589702428,0.5242055314277176,0.0489868297998749
TMRWI0008F3,PH137603004,2018-01-01,Y,0.8409018041292772,0.6971888972451985,0.6814730719832118,0.6609665149407014,0.048067311962832
TMRWI0008F4,PH015518007,2018-01-01,Y,0.6816119501204255,0.5537570934159296,0.5328078350530752,0.5057300940954588,0.0539983774778551
TMRWI0008F5,PH137603005,2018-01-01,Y,0.7311315179402922,0.6566897246058594,0.6600075000566721,0.5669915897154397,0.0440653496422383
TMRWI0008F6,PH015518006,2018-01-01,Y,0.6595070674319801,0.6029413658446316,0.6098738311008642,0.5161388966526506,0.0453359882080888
TMRWI0008F7,PH137603006,2018-01-01,Y,0.7898092428667102,0.6994652564177951,0.7038961991619711,0.6060262996855555,0.038769474586542
TMRWI0008F8,PH015518004,2018-01-01,Y,0.7300080862643535,0.689895135220905,0.7134267567808064,0.6262505626175551,0.0557378582137652
TMRWI0008F9,PH137603007,2018-01-01,Y,0.7396835355292363,0.6699244662838404,0.6714414572212859,0.570425611080973,0.0479829223445748
TMRWI0008FA,PH015518003,2018-01-01,Y,0.6298111830161859,0.6280308728168704,0.6280308728168704,0.6262505626175551,0.002517738829103
TMRWI0008FB,PH137603008,2018-01-01,Y,0.7500294043281748,0.6549533100568523,0.6419554617651391,0.5592454553516629,0.0549322785639
TMRWI0008FC,PH015518002,2018-01-01,Y,0.709892771114648,0.6707846485030511,0.6826427739539056,0.5751702190002758,0.0490232784280115
TMRWI0008FD,PH137603009,2018-01-01,Y,0.7898092428667102,0.694615059889672,0.6940256523862591,0.5995991512341616,0.0366608729585246
TMRWI0008FE,PH015518001,2018-01-01,Y,0.7300080862643535,0.6681266185210567,0.6686687477788176,0.6387531816750268,0.0308373161601113
TMRWI0008FF,PH137503014,2018-01-01,Y,0.6550304981706071,0.6196595287427559,0.6149205870100184,0.5795076066088519,0.0255097570070811
TMRWI000900,PH015518012,2018-01-01,Y,0.709892771114648,0.6386776432627149,0.6486069941129922,0.548110790046914,0.0527500860952696
TMRWI000901,PH137503013,2018-01-01,Y,0.6663136225784037,0.6485711780629654,0.6494068747121307,0.6315654419799401,0.0121729381975863
TMRWI000902,PH015518013,2018-01-01,Y,0.6819415347738645,0.6628768996489711,0.6698774404029171,0.6298111830161859,0.0228211446395994
TMRWI000903,PH015518023,2018-01-01,Y,0.7300080862643535,0.6459300510618484,0.6487952212196325,0.5519909134757974,0.071411017825893
TMRWI000904,PH137503003,2018-01-01,Y,0.6740344429961297,0.6296334035148767,0.6296334035148767,0.5852323640336237,0.0627925522178513
TMRWI000905,PH015518022,2018-01-01,Y,0.6819415347738645,0.5991924732281558,0.601502538533885,0.5471215066323232,0.0397539004704942
TMRWI000906,PH137503004,2018-01-01,Y,0.6796831388834111,0.6462401182696308,0.6589762352704525,0.5852323640336237,0.0385461556274486
TMRWI000907,PH015518021,2018-01-01,Y,0.6819415347738645,0.6300974573635792,0.6398687962647331,0.544608035247673,0.049483134426914
TMRWI000908,PH137503005,2018-01-01,Y,0.71218098185004,0.6547023452389946,0.64859353998941,0.6094413191271185,0.0425617846398742
TMRWI000909,PH015518020,2018-01-01,Y,0.6595070674319801,0.5961780654503175,0.580374324560319,0.5562272834377197,0.0393135466630875
TMRWI00090A,PH137503006,2018-01-01,Y,0.6797184160760072,0.6797184160760072,0.6797184160760072,0.6797184160760072,
TMRWI00090B,PH015518019,2018-01-01,Y,0.6184934586310638,0.5712170897728288,0.5645849508256655,0.5161388966526506,0.0339604609233886
TMRWI00090C,PH137401006,2018-01-01,Y,0.7329108977235144,0.7018851063150265,0.699341959442781,0.6759456086510299,0.0241664801636408
TMRWI00090D,PH137503007,2018-01-01,Y,0.6797184160760072,0.6324753900548155,0.6324753900548155,0.5852323640336237,0.0668117281267144
TMRWI00090E,PH137503008,2018-01-01,Y,0.6740344429961297,0.6222820899903565,0.6149307764658363,0.5852323640336237,0.0401333180400814
TMRWI00090F,PH015518017,2018-01-01,Y,0.7399476521460601,0.6221412454477514,0.6247047135957162,0.5384840198534587,0.0540793421205589
TMRWI000910,PH137503009,2018-01-01,Y,0.7000801943808619,0.6471855760142365,0.6517729950923599,0.5840042637779144,0.0394074310287149
TMRWI000911,PH015518016,2018-01-01,Y,0.5674730004223892,0.5514943701667534,0.5479743816473759,0.5321108231561981,0.0120954897609506
TMRWI000912,PH137503010,2018-01-01,Y,0.7161742387874658,0.6770235849754471,0.6797184160760072,0.6265107248917366,0.0388244402640046
TMRWI000913,PH015518015,2018-01-01,Y,0.7008057503965864,0.6634570753998316,0.6630699605088952,0.6387531816750268,0.0237860972722725
TMRWI000914,PH137503011,2018-01-01,Y,0.7000801943808619,0.6766153533186771,0.6851961106609022,0.6445697549142672,0.028732808248903
TMRWI000915,PH015518014,2018-01-01,Y,0.7008057503965864,0.6558043609239178,0.6914371133748913,0.5751702190002758,0.0699881523740455
TMRWI000916,PH137503012,2018-01-01,Y,0.6505335632719857,0.6365830388326297,0.643178636465707,0.6094413191271185,0.0186408465684087
TMRWI000917,PH015518018,2018-01-01,Y,0.7399476521460601,0.675070674481164,0.6788103109618054,0.6247047135957162,0.0374541949983888
TMRWI000918,PH034919017,2018-01-01,Y,0.4995991815255257,0.4278786041211573,0.4274937078625064,0.3598340712571848,0.038100252693638
TMRWI000919,PH137401005,2018-01-01,Y,0.7329108977235144,0.6870731072031577,0.6757237819625492,0.663933967164018,0.0310603478330635
TMRWI00091A,PH034919018,2018-01-01,Y,0.3941727857779282,0.3476912698890281,0.3636472896203683,0.2271753801431758,0.0494662033307771
TMRWI00091B,PH050506033,2018-01-01,Y,0.6271586126180372,0.6176637678773456,0.6202107351884665,0.6056219558255329,0.0109919142242135
TMRWI00091C,PH112402171,2018-01-01,Y,0.5977073982373556,0.5539214748278988,0.5381726875388807,0.52588433870746,0.038414270731914
TMRWI00091D,PH050506032,2018-01-01,Y,0.6553196979243858,0.6276618760154744,0.6248529251559896,0.6056219558255329,0.0208933279619371
TMRWI00091E,PH112402172,2018-01-01,Y,0.6505232264048633,0.5913716544498929,0.5977073982373556,0.52588433870746,0.0625605252424942
TMRWI00091F,PH050506030,2018-01-01,Y,0.6286182436982206,0.6016661683114917,0.616390284221785,0.5452658611041757,0.0390423786515375
TMRWI000920,PH112402173,2018-01-01,Y,0.5977073982373556,0.5760630052338062,0.5662302368070599,0.5642513806570031,0.0187706893662627
TMRWI000921,PH050506029,2018-01-01,Y,0.6286182436982206,0.627888428158129,0.627888428158129,0.6271586126180372,0.0010321150348283
TMRWI000922,PH112402174,2018-01-01,Y,0.58297803377858,0.5229852011752842,0.5218297530832774,0.4722343951913475,0.026600816936596
TMRWI000923,PH050506028,2018-01-01,Y,0.6271586126180372,0.6131911307229565,0.6131911307229565,0.5992236488278757,0.0197530023282238
TMRWI000924,PH112402175,2018-01-01,Y,0.4690897674945621,0.4032748622889086,0.4037238622479964,0.3270584697138405,0.0320040102135547
TMRWI000925,PH050506027,2018-01-01,Y,0.691472984629904,0.6607626473615327,0.6668549208125766,0.6178677631910736,0.0363857029420179
TMRWI000926,PH112402176,2018-01-01,Y,0.6352402509235866,0.5969433981596772,0.596335666736303,0.5502945198797784,0.0212438330103572
TMRWI000927,PH050506026,2018-01-01,Y,0.6286182436982206,0.627888428158129,0.627888428158129,0.6271586126180372,0.0010321150348283
TMRWI000928,PH112402177,2018-01-01,Y,0.4669063031082045,0.3350702412322844,0.3223175176695471,0.2598842693491893,0.0446195634364091
TMRWI000929,PH050506025,2018-01-01,Y,0.6286182436982206,0.611264900404856,0.622359844257669,0.5717216694058656,0.0268145330933554
TMRWI00092A,PH112402178,2018-01-01,Y,0.4175913842399008,0.3813886742458545,0.3820067101256936,0.3229358490291611,0.0249545023356272
TMRWI00092B,PH050506024,2018-01-01,Y,0.6286182436982206,0.6059669963337956,0.6175610758973008,0.5717216694058656,0.0301682291864311
TMRWI00092C,PH112402179,2018-01-01,Y,0.6261658576257619,0.6120330776290053,0.6110734472727595,0.5924834767838347,0.014195447399539
TMRWI00092D,PH050506023,2018-01-01,Y,0.6286182436982206,0.627888428158129,0.627888428158129,0.6271586126180372,0.0010321150348283
TMRWI00092E,PH112402170,2018-01-01,Y,0.6505232264048633,0.5780719127221399,0.5679400428881182,0.52588433870746,0.0575911920277535
TMRWI00092F,PH050506034,2018-01-01,Y,0.6271586126180372,0.6271586126180372,0.6271586126180372,0.6271586126180372,
TMRWI000930,PH112402169,2018-01-01,Y,0.5381726875388807,0.5381726875388807,0.5381726875388807,0.5381726875388807,
TMRWI000931,PH050506035,2018-01-01,Y,0.6922475897226019,0.6240657586375833,0.6133027049487887,0.5971815380565796,0.0318087179799893
TMRWI000932,PH050506046,2018-01-01,Y,0.6909420613142848,0.6219865799619448,0.6125124554727073,0.5606114423290357,0.05021685793874
TMRWI000933,PH112402159,2018-01-01,Y,0.6759188627822508,0.6158509801989658,0.6049487474665927,0.5775875630804269,0.0428343897951995
TMRWI000934,PH050506045,2018-01-01,Y,0.573775717882559,0.5319476902236632,0.533265290407488,0.4789545134130301,0.0223635932032087
TMRWI000935,PH112402160,2018-01-01,Y,0.6759188627822508,0.628605452571812,0.6148076998108586,0.5950897951223268,0.0421440153596265
TMRWI000936,PH050506044,2018-01-01,Y,0.3975771019462321,0.3012602395364843,0.2948358725634161,0.2105833731976187,0.0455252826006414
TMRWI000937,PH112402161,2018-01-01,Y,0.5950897951223268,0.5576260476822211,0.5561666129446421,0.5230811697172735,0.0342483823209954
TMRWI000938,PH050506043,2018-01-01,Y,0.643249512099577,0.6102930021161553,0.5985987999679322,0.5890306942809569,0.028939347337575
TMRWI000939,PH112402162,2018-01-01,Y,0.5347456628088572,0.5289134162630653,0.5289134162630653,0.5230811697172735,0.0082480421641624
TMRWI00093A,PH050506042,2018-01-01,Y,0.7025837330971099,0.6767778402350193,0.6862105375887317,0.643249512099577,0.0266709437718828
TMRWI00093B,PH112402180,2018-01-01,Y,0.505071723894906,0.415060979317819,0.4156158931888399,0.3229358490291611,0.0428627017858715
TMRWI00093C,PH112402163,2018-01-01,Y,0.5950897951223268,0.5509722092161525,0.5347456628088572,0.5230811697172735,0.0386495296143744
TMRWI00093D,PH112402164,2018-01-01,Y,0.6060543210226047,0.5721135042807427,0.5721135042807427,0.5381726875388807,0.047999563354361
TMRWI00093E,PH050506040,2018-01-01,Y,0.6904603295255761,0.6172361741661312,0.5985987999679322,0.564841534956614,0.0498160860290025
TMRWI00093F,PH112402165,2018-01-01,Y,0.6060543210226047,0.5572162621465188,0.5525646307269623,0.5230811697172735,0.0309975329751833
TMRWI000940,PH050506039,2018-01-01,Y,0.643249512099577,0.643249512099577,0.643249512099577,0.643249512099577,
TMRWI000941,PH112402166,2018-01-01,Y,0.5381726875388807,0.5306269286280771,0.5306269286280771,0.5230811697172735,0.0106713145900561
TMRWI000942,PH050506038,2018-01-01,Y,0.691472984629904,0.6750609420850191,0.6904603295255761,0.643249512099577,0.0275541589579339
TMRWI000943,PH112402167,2018-01-01,Y,0.5742871578764528,0.5403563384600167,0.5320285131231703,0.5230811697172735,0.0235509311177883
TMRWI000944,PH050506037,2018-01-01,Y,0.6553196979243858,0.6022513990345563,0.6056219558255329,0.5292697576513764,0.0466758805976492
TMRWI000945,PH112402168,2018-01-01,Y,0.5381726875388807,0.5320285131231703,0.5320285131231703,0.52588433870746,0.0086891747882833
TMRWI000946,PH050506041,2018-01-01,Y,0.6440845769712041,0.6436670445353906,0.6436670445353906,0.643249512099577,0.0005904800334581
TMRWI000947,PH112402053,2018-01-01,Y,0.5277080169812214,0.4411144388852234,0.4362761893068478,0.3570876297559373,0.041487386213997
TMRWI000948,PH050506022,2018-01-01,Y,0.6271586126180372,0.5994401410119514,0.5994401410119514,0.5717216694058656,0.03919983847358
TMRWI000949,PH050506021,2018-01-01,Y,0.6271586126180372,0.6011246513902223,0.6028091617684932,0.5717216694058656,0.0229033435936578
TMRWI00094A,PH112402194,2018-01-01,Y,0.6443061856085589,0.626773973285907,0.6257293287399563,0.6113310500551562,0.013520675848843
TMRWI00094B,PH050506007,2018-01-01,Y,0.5985987999679322,0.5929253029667894,0.591146414651479,0.5890306942809569,0.0050259819277473
TMRWI00094C,PH112402195,2018-01-01,Y,0.656126185845105,0.5753543465036557,0.5789339105313127,0.5058676798682309,0.0400169043622335
TMRWI00094D,PH050506005,2018-01-01,Y,0.691472984629904,0.6701872919735283,0.6857042100365678,0.6178677631910736,0.0352004007620055
TMRWI00094E,PH112402196,2018-01-01,Y,0.662603834077008,0.5992206514065989,0.5987210728855785,0.5494739386978095,0.0397400274738084
TMRWI00094F,PH050506004,2018-01-01,Y,0.4711126928026518,0.3711638739493269,0.371964075455485,0.2645206985415569,0.03948282114988
TMRWI000950,PH112402197,2018-01-01,Y,0.6913283708498414,0.6322451145692946,0.6361118240020588,0.5890116117836461,0.0267909287374206
TMRWI000951,PH050506003,2018-01-01,Y,0.5560797300580024,0.5273633232022279,0.526023728536199,0.4995003653796102,0.0186776533144941
TMRWI000952,PH112402198,2018-01-01,Y,0.6788160527416551,0.6293735444738202,0.6311715951118905,0.5794483119420644,0.0245210584581557
TMRWI000953,PH050506002,2018-01-01,Y,0.4426081356606823,0.4058850704289797,0.4027176885945293,0.3556476199258412,0.0222114906814075
TMRWI000954,PH112402901,2018-01-01,Y,0.4602087010168455,0.3700273458280214,0.3730815328858983,0.224459613929352,0.0474778084076885
TMRWI000955,PH050506001,2018-01-01,Y,0.5835891520085569,0.5489752568991991,0.5517003053527989,0.5114986954301872,0.0299842292004712
TMRWI000956,PH137401001,2018-01-01,Y,0.764855900063484,0.7063555849446347,0.7028341371924128,0.6604829118873216,0.0365909800354221
TMRWI000957,PH034919022,2018-01-01,Y,0.4300580946493156,0.4105970630660231,0.4181106358166658,0.3720009005661076,0.0216767276575327
TMRWI000958,PH137401002,2018-01-01,Y,0.6807237443306152,0.6807237443306152,0.6807237443306152,0.6807237443306152,
TMRWI000959,PH034919021,2018-01-01,Y,0.5014915452337921,0.4467325650776066,0.4362948635521796,0.3899238555281248,0.0407511730724833
TMRWI00095A,PH137401003,2018-01-01,Y,0.7065413978544848,0.6842932328880049,0.6936010264672489,0.6434294807630372,0.0279425100336913
TMRWI00095B,PH034919020,2018-01-01,Y,0.5740138636511712,0.4288939600367511,0.397509149548326,0.3557564347816025,0.0573610250170437
TMRWI00095C,PH137401004,2018-01-01,Y,0.7065413978544848,0.6979144835963275,0.6950595319034205,0.6921425210310772,0.0076121597014605
TMRWI00095D,PH050506008,2018-01-01,Y,0.7008842782281299,0.6394226094535266,0.6338877326525097,0.5890306942809569,0.0578267299630365
TMRWI00095E,PH112402193,2018-01-01,Y,0.6807552140017122,0.5959702396179392,0.5901266036792712,0.5534513201246625,0.0335853630815815
TMRWI00095F,PH050506009,2018-01-01,Y,0.7008842782281299,0.6724844275996671,0.6724844275996671,0.6440845769712041,0.0401634539281423
TMRWI000960,PH112402192,2018-01-01,Y,0.662603834077008,0.6151523662753817,0.6161324688894833,0.5494739386978095,0.03047981323341
TMRWI000961,PH112402182,2018-01-01,Y,0.6261658576257619,0.5987401805202626,0.6110734472727595,0.5494739386978095,0.030079436115321
TMRWI000962,PH050506020,2018-01-01,Y,0.5717216694058656,0.5717216694058656,0.5717216694058656,0.5717216694058656,
TMRWI000963,PH112402183,2018-01-01,Y,0.4438104213841295,0.3365831675289715,0.3533797887886955,0.1651339779641669,0.0634898422431238
TMRWI000964,PH050506019,2018-01-01,Y,0.6273337086031177,0.5995276890044916,0.5995276890044916,0.5717216694058656,0.039323650031989
TMRWI000965,PH112402184,2018-01-01,Y,0.4438242330261079,0.3788011183709215,0.3770014584314618,0.296101894827845,0.0306729312001369
TMRWI000966,PH050506018,2018-01-01,Y,0.6273337086031177,0.6018166842393646,0.6063946747091108,0.5717216694058656,0.0280872430735911
TMRWI000967,PH112402185,2018-01-01,Y,0.6148076998108586,0.5933975807268783,0.5918473512049245,0.5750879206868058,0.0165274535065116
TMRWI000968,PH050506017,2018-01-01,Y,0.6922475897226019,0.621173440634604,0.6028091617684932,0.5954523900227415,0.0380133650045719
TMRWI000969,PH112402186,2018-01-01,Y,0.6469438187346094,0.620917841319077,0.6252927998541508,0.5881770127598004,0.0210594821372743
TMRWI00096A,PH112402181,2018-01-01,Y,0.6243031860952982,0.57146832921332,0.5780236074758891,0.5096574852387709,0.039471515354201
TMRWI00096B,PH050506016,2018-01-01,Y,0.6904603295255761,0.6505258682720756,0.643249512099577,0.6178677631910736,0.0368392343991983
TMRWI00096C,PH050506015,2018-01-01,Y,0.6273337086031177,0.6000252183137422,0.5992236488278757,0.5717216694058656,0.0200559702436558
TMRWI00096D,PH112402188,2018-01-01,Y,0.4145636544527744,0.3510126324472143,0.361258127845966,0.2428185960983111,0.0414898111355497
TMRWI00096E,PH050506013,2018-01-01,Y,0.6922475897226019,0.6445045682501286,0.6440845769712041,0.5971815380565796,0.0475344174188291
TMRWI00096F,PH112402189,2018-01-01,Y,0.4084983381501226,0.3341454702210876,0.3362507995542113,0.2612416389203579,0.0374310280966136
TMRWI000970,PH050506012,2018-01-01,Y,0.7025837330971099,0.6668851163824514,0.6922475897226019,0.5971815380565796,0.0455103386824775
TMRWI000971,PH112402190,2018-01-01,Y,0.6443061856085589,0.6280368653828313,0.6254393255992643,0.6113310500551562,0.0135348828654803
TMRWI000972,PH050506011,2018-01-01,Y,0.7008842782281299,0.6538419274826784,0.6440845769712041,0.5954523900227415,0.0432777383774935
TMRWI000973,PH112402191,2018-01-01,Y,0.4087423292420248,0.3163286130926024,0.309544643394161,0.2281008751867012,0.0414042887432335
TMRWI000974,PH050506010,2018-01-01,Y,0.7008842782281299,0.660503219222683,0.6440845769712041,0.6365408024687147,0.0351738479304887
TMRWI000975,PH112402187,2018-01-01,Y,0.6148076998108586,0.5876107516170583,0.5930806839797826,0.5494739386978095,0.0310988203025655
TMRWI000976,PH063022074,2018-01-01,Y,0.6027277690184653,0.6027277690184653,0.6027277690184653,0.6027277690184653,
TMRWI000977,PH083747129,2018-01-01,Y,0.6393621122663974,0.6091398254862253,0.6197673547630992,0.56649686372471,0.0250703669848274
TMRWI000978,PH112402033,2018-01-01,Y,0.5220439784459173,0.4794464233348523,0.4721339573704156,0.4387451354439302,0.0247314234454472
TMRWI000979,PH112402028,2018-01-01,Y,0.5563313281490784,0.455098749861097,0.4460719470843116,0.3784450702454776,0.0569425934951769
TMRWI00097A,PH063022177,2018-01-01,Y,0.6620594182694404,0.5931755158370355,0.5835090277726779,0.5292650256656717,0.0437695708469586
TMRWI00097B,PH104305037,2018-01-01,Y,0.5989704733418221,0.554848574176926,0.5527935844349141,0.5037570145983271,0.0342185455254115
TMRWI00097C,PH063022100,2018-01-01,Y,0.6417443771729574,0.5924587538795104,0.5828030982305634,0.5624844418839574,0.0370399821067769
TMRWI00097D,PH104305057,2018-01-01,Y,0.4439189647819173,0.3380726466906705,0.3254821926307298,0.2731624260072253,0.0496296078112114
TMRWI00097E,PH063022156,2018-01-01,Y,0.662598486628941,0.6468913159498053,0.6472245018969213,0.6242914727167801,0.0152495060844422
TMRWI00097F,PH104305076,2018-01-01,Y,0.6178397962324403,0.5860260004344159,0.5758215614274019,0.5644166436434054,0.0281354978581102
TMRWI000980,PH112402027,2018-01-01,Y,0.4539071991754048,0.4135856170408296,0.4178588713785994,0.3519180260459357,0.0268287193153015
TMRWI000981,PH063022176,2018-01-01,Y,0.625702627745046,0.6136196663521665,0.6245531117555521,0.577181717058494,0.0207551067082598
TMRWI000982,PH063022117,2018-01-01,Y,0.662598486628941,0.6178229095261027,0.629680568504786,0.5494933308107826,0.0456136485083339
TMRWI000983,PH063022101,2018-01-01,Y,0.6001507984867742,0.5997669069342773,0.5997669069342773,0.5993830153817803,0.0005429046400216
TMRWI000984,PH104305038,2018-01-01,Y,0.4679517590554141,0.3663838064459412,0.3567734242495067,0.275032310087634,0.0593210073546417
TMRWI000985,PH112402010,2018-01-01,Y,0.6797511101417267,0.5974662605671645,0.5910850051386725,0.538105302063805,0.0436293387429695
TMRWI000986,PH112402026,2018-01-01,Y,0.7167943085693337,0.569136129024787,0.5649231286202876,0.4907947391100649,0.0423133669235868
TMRWI000987,PH063022102,2018-01-01,Y,0.5315738724111942,0.5301166073332804,0.5301166073332804,0.5286593422553664,0.0020608840371585
TMRWI000988,PH063022131,2018-01-01,Y,0.5654553979743525,0.5488275889820604,0.5463570542263088,0.5315738724111942,0.0148181494451149
TMRWI000989,PH104305077,2018-01-01,Y,0.6095935343391138,0.5819940725314144,0.5758215614274019,0.5605671218277277,0.0250892845838819
TMRWI00098A,PH063022175,2018-01-01,Y,0.6832020208441605,0.6137332391788735,0.6167970635158282,0.5432553809141849,0.0440498989796541
TMRWI00098B,PH063022124,2018-01-01,Y,0.6003168655199248,0.5825492032190238,0.5767881611506431,0.5674495553302465,0.0133335367559292
TMRWI00098C,PH112402024,2018-01-01,Y,0.4802394020979276,0.4300444161324974,0.4263820444478187,0.4051481637085924,0.0159321518077796
TMRWI00098D,PH063022103,2018-01-01,Y,0.6324256135637544,0.5963536162804896,0.5884694798187087,0.5760498919207865,0.0265245536439002
TMRWI00098E,PH104305039,2018-01-01,Y,0.3422296279386582,0.2557028778468054,0.2449937201967019,0.2046485312039586,0.0327757081950544
TMRWI00098F,PH063022116,2018-01-01,Y,0.6231180947635625,0.5697069833642494,0.5635252482190345,0.5286593422553664,0.0471022440808373
TMRWI000990,PH063022132,2018-01-01,Y,0.6499484220813397,0.589787882000165,0.5888146167540629,0.5315738724111942,0.0635613693767633
TMRWI000991,PH104305056,2018-01-01,Y,0.6677949154041808,0.5983931722506501,0.5999093936969525,0.5208090208217395,0.0419517342309972
TMRWI000992,PH112402052,2018-01-01,Y,0.5712465328548113,0.5038101868993357,0.5009573026802965,0.4416819754007478,0.031353699113707
TMRWI000993,PH112402029,2018-01-01,Y,0.4548003650862823,0.4037362736170454,0.4165589572575932,0.3432276198173138,0.0351128672414492
TMRWI000994,PH112402014,2018-01-01,Y,0.6423358695576514,0.5388301462847933,0.532887505695482,0.4366547578521049,0.0474321599445488
TMRWI000995,PH063022095,2018-01-01,Y,0.6649737863339221,0.647824476272752,0.6438933025400249,0.638537513677036,0.0118390670258625
TMRWI000996,PH112402002,2018-01-01,Y,0.5886049072875221,0.5711166435861521,0.5731938641796386,0.5494739386978095,0.0162280686164974
TMRWI000997,PH104305034,2018-01-01,Y,0.6095935343391138,0.5699079473851963,0.5699079473851963,0.5302223604312789,0.0561238953009668
TMRWI000998,PH112402032,2018-01-01,Y,0.5174004701024818,0.4220744223929056,0.4173695426473642,0.3559303667947906,0.0372049832112852
TMRWI000999,PH063022134,2018-01-01,Y,0.6588380674152928,0.6091995732848627,0.6116176726740818,0.5547248803759944,0.0484732770572694
TMRWI00099A,PH063022096,2018-01-01,Y,0.668074870725647,0.6284530398874982,0.6401409454249967,0.5654553979743525,0.0440338832568418
TMRWI00099B,PH104305074,2018-01-01,Y,0.6095935343391138,0.6095935343391138,0.6095935343391138,0.6095935343391138,
TMRWI00099C,PH104305058,2018-01-01,Y,0.6426255567480884,0.5937858391851553,0.5977362035487859,0.5302223604312789,0.0378433467467425
TMRWI00099D,PH063022179,2018-01-01,Y,0.7054093477676808,0.6042362725752416,0.6027244854705951,0.537442681503896,0.0425100675668413
TMRWI00099E,PH104305048,2018-01-01,Y,0.6096276507923755,0.4877627909157209,0.4825878137115096,0.4275700432453345,0.0397984793989245
TMRWI00099F,PH112402031,2018-01-01,Y,0.6866079826223048,0.6124087035360379,0.6105866854435733,0.5534513201246625,0.0345413194862397
TMRWI0009A0,PH063022133,2018-01-01,Y,0.5654553979743525,0.5518612881944207,0.5518612881944207,0.5382671784144888,0.0192249744191683
TMRWI0009A1,PH063022097,2018-01-01,Y,0.5674495553302465,0.5518172270841528,0.5518172270841528,0.536184898838059,0.0221074506170938
TMRWI0009A2,PH104305035,2018-01-01,Y,0.6146921938995475,0.578768802624417,0.5850803280834207,0.5302223604312789,0.0405327536667381
TMRWI0009A3,PH063022166,2018-01-01,Y,0.63669307980589,0.6107201709655307,0.6039135001412004,0.5915539329495015,0.0233266740131065
TMRWI0009A4,PH063022155,2018-01-01,Y,0.6399532429846285,0.5870822019910638,0.5768253423018159,0.5547248803759944,0.0384413770738435
TMRWI0009A5,PH112402030,2018-01-01,Y,0.6866079826223048,0.596116365759347,0.5919887722042474,0.5378876799979939,0.0285003528388893
TMRWI0009A6,PH063022098,2018-01-01,Y,0.6358669716508397,0.6072836874561006,0.6206588456486468,0.5292650256656717,0.0375169160810111
TMRWI0009A7,PH063022178,2018-01-01,Y,0.6382494870301818,0.6088204411999021,0.6191203489215584,0.5654563667499138,0.0326801383263116
TMRWI0009A8,PH104305036,2018-01-01,Y,0.6095935343391138,0.5699079473851963,0.5699079473851963,0.5302223604312789,0.0561238953009668
TMRWI0009A9,PH104305075,2018-01-01,Y,0.5758215614274019,0.5758215614274019,0.5758215614274019,0.5758215614274019,
TMRWI0009AA,PH063022163,2018-01-01,Y,0.6003168655199248,0.5701848702097183,0.5721188582404448,0.536184898838059,0.0265519653597012
TMRWI0009AB,PH063022099,2018-01-01,Y,0.6649737863339221,0.6265629943438585,0.6209475878298658,0.5993830153817803,0.0323636559135891
TMRWI0009AC,PH112402023,2018-01-01,Y,0.6952413044996715,0.6078149288514223,0.608769028178322,0.523121019144233,0.0405554239826364
TMRWI0009AD,PH063022157,2018-01-01,Y,0.6001507984867742,0.588092966734996,0.5880855882662117,0.5760498919207865,0.0134869169355788
TMRWI0009AE,PH063022104,2018-01-01,Y,0.6237355504583824,0.6132316597384238,0.6132316597384238,0.6027277690184653,0.0148547447138503
TMRWI0009AF,PH063022127,2018-01-01,Y,0.6522628157317821,0.636643161952569,0.6375947415784676,0.6191203489215584,0.0135854205122522
TMRWI0009B0,PH104305043,2018-01-01,Y,0.7232728437459858,0.590675129073787,0.5777711520826897,0.5063790557160646,0.0561658467094119
TMRWI0009B1,PH063022109,2018-01-01,Y,0.6039135001412004,0.6039135001412004,0.6039135001412004,0.6039135001412004,
TMRWI0009B2,PH063022115,2018-01-01,Y,0.6539067585406765,0.6050215628579629,0.6089106711176147,0.5494933308107826,0.0373572685057682
TMRWI0009B3,PH104305080,2018-01-01,Y,0.5944706877147548,0.5870866023246,0.5870866023246,0.5797025169344451,0.0104426737044779
TMRWI0009B4,PH112402017,2018-01-01,Y,0.5499541756339229,0.5098745352390669,0.5109597351805657,0.4769582370570177,0.0197486395119814
TMRWI0009B5,PH063022110,2018-01-01,Y,0.6588629282475273,0.6413626266285395,0.6414791902588567,0.6242914727167801,0.0129722510333496
TMRWI0009B6,PH063022170,2018-01-01,Y,0.6147655247675927,0.5781921447639079,0.5765555286099461,0.5432553809141849,0.0357831531982625
TMRWI0009B7,PH104305044,2018-01-01,Y,0.7232728437459858,0.6042684070082281,0.5976516359955639,0.5293894236872244,0.0523797911553944
TMRWI0009B8,PH063022125,2018-01-01,Y,0.608469842015887,0.608469842015887,0.608469842015887,0.608469842015887,
TMRWI0009B9,PH104305054,2018-01-01,Y,0.694648983780752,0.5018726890906882,0.4881708698521255,0.4046746328891095,0.0603939173360931
TMRWI0009BA,PH104305053,2018-01-01,Y,0.6503968306998982,0.5985102686941277,0.5988187124288417,0.5370488999606636,0.0336875443881568
TMRWI0009BB,PH063022112,2018-01-01,Y,0.5921415421735179,0.5816598650816491,0.5767881611506431,0.5760498919207865,0.0090849010097849
TMRWI0009BC,PH063022126,2018-01-01,Y,0.6231180947635625,0.6157939683897248,0.6157939683897248,0.608469842015887,0.0103578788504157
TMRWI0009BD,PH104305081,2018-01-01,Y,0.5797025169344451,0.5797025169344451,0.5797025169344451,0.5797025169344451,
TMRWI0009BE,PH063022169,2018-01-01,Y,0.6499484220813397,0.6254251543620649,0.6308504169779803,0.5954766240268746,0.0276381855710599
TMRWI0009BF,PH112402015,2018-01-01,Y,0.5576800992763704,0.4659961505584306,0.4627021741513545,0.3795898756005665,0.046451882452458
TMRWI0009C0,PH063022113,2018-01-01,Y,0.6499484220813397,0.5923329728398029,0.5954766240268746,0.5315738724111942,0.0592498557761275
TMRWI0009C1,PH104305045,2018-01-01,Y,0.6579756742491548,0.6005958990767918,0.594928983110679,0.5620803963303955,0.033916572376204
TMRWI0009C2,PH063022159,2018-01-01,Y,0.639187793389207,0.6192854043854936,0.6192854043854936,0.5993830153817803,0.0281462284526765
TMRWI0009C3,PH112402013,2018-01-01,Y,0.4987282543443094,0.4222331220320937,0.410954657353297,0.3781129323216066,0.0363675823248356
TMRWI0009C4,PH104305046,2018-01-01,Y,0.6959380715685962,0.5340025015308607,0.5265605260585163,0.4431745565305632,0.0521650657396798
TMRWI0009C5,PH063022168,2018-01-01,Y,0.6569475609239767,0.607590938268345,0.617565373992115,0.5173474889453176,0.0403720266438322
TMRWI0009C6,PH112402018,2018-01-01,Y,0.540159847458204,0.5175263030130833,0.5185861159464804,0.4554388907604665,0.017096927201938
TMRWI0009C7,PH104305064,2018-01-01,Y,0.6447707633837723,0.5700107689684125,0.5536414914789668,0.5250304183592946,0.0417196539158957
TMRWI0009C8,PH063022171,2018-01-01,Y,0.6423947388860775,0.5876983845680788,0.5813670174481034,0.5494933308107826,0.0344852876850524
TMRWI0009C9,PH112402001,2018-01-01,Y,0.5607982072490852,0.4606956549482878,0.4541909103189421,0.3902393021814048,0.0373953841101317
TMRWI0009CA,PH063022174,2018-01-01,Y,0.6544031411351314,0.6236063680066716,0.6241443311069672,0.5917336686776205,0.0255944213288612
TMRWI0009CB,PH104305040,2018-01-01,Y,0.6743193417651391,0.5677713873545989,0.5515226078222663,0.5084714224871739,0.0500996119337619
TMRWI0009CC,PH063022129,2018-01-01,Y,0.6723948255250356,0.6633989833300835,0.6633989833300835,0.6544031411351314,0.0127220420370693
TMRWI0009CD,PH104305078,2018-01-01,Y,0.6202685479935901,0.6013459770644446,0.6013459770644446,0.5824234061352991,0.0267605564429644
TMRWI0009CE,PH112402022,2018-01-01,Y,0.5339654909246547,0.4772909245245901,0.4752364492062432,0.4105984290184761,0.0357481167165919
TMRWI0009CF,PH104305047,2018-01-01,Y,0.3888443646295434,0.2849078397135082,0.2839136088384392,0.1868001353752582,0.0534703161330177
TMRWI0009D0,PH063022105,2018-01-01,Y,0.6236283210432709,0.6012715438263593,0.6110077994846013,0.5691785109512059,0.0285007273669896
TMRWI0009D1,PH112402012,2018-01-01,Y,0.5894147816527213,0.5493483913253713,0.5453127102799469,0.5087966321887943,0.0248354250873889
TMRWI0009D2,PH063022173,2018-01-01,Y,0.6606385785890194,0.6286864126612075,0.6397286429117783,0.5746497862322538,0.039290012387431
TMRWI0009D3,PH112402021,2018-01-01,Y,0.7143458625581818,0.638028497017479,0.6412169317220596,0.5096574852387709,0.0417647179463677
TMRWI0009D4,PH063022106,2018-01-01,Y,0.6832020208441605,0.6070943457843306,0.5880855882662117,0.5674495553302465,0.0453974135614943
TMRWI0009D5,PH063022181,2018-01-01,Y,0.6723948255250356,0.6490487266350409,0.6490487266350409,0.625702627745046,0.0330163696787341
TMRWI0009D6,PH104305041,2018-01-01,Y,0.6218563538820857,0.4909619746406402,0.4767628473505982,0.4128552681299437,0.0680826810407433
TMRWI0009D7,PH104305055,2018-01-01,Y,0.5867564273738557,0.5458715669159944,0.5390545188235444,0.5250304183592946,0.0222576722463347
TMRWI0009D8,PH063022172,2018-01-01,Y,0.6414791902588567,0.6382171151407343,0.6382171151407343,0.6349550400226118,0.0046132708735285
TMRWI0009D9,PH104305079,2018-01-01,Y,0.6202685479935901,0.5941314903544447,0.5824234061352991,0.5797025169344451,0.0226762021960211
TMRWI0009DA,PH112402020,2018-01-01,Y,0.6648351449588396,0.6041662074758841,0.6022942082876992,0.527185669630974,0.0384640280338546
TMRWI0009DB,PH063022107,2018-01-01,Y,0.6231180947635625,0.5833895304005438,0.5954766240268746,0.5315738724111942,0.0469538021439555
TMRWI0009DC,PH063022167,2018-01-01,Y,0.6588380674152928,0.6082904773512928,0.5934935892505113,0.5725397753880742,0.0450117731799588
TMRWI0009DD,PH104305042,2018-01-01,Y,0.6503968306998982,0.5810439010566465,0.5782352828109445,0.5273525111087898,0.0356427337874924
TMRWI0009DE,PH112402019,2018-01-01,Y,0.5739354370604833,0.5172731019461372,0.5232332233944195,0.4448957192246242,0.0317171263319036
TMRWI0009DF,PH063022158,2018-01-01,Y,0.6723948255250356,0.6442634265401913,0.6400528844400888,0.6245531117555521,0.0232894051858692
TMRWI0009E0,PH063022160,2018-01-01,Y,0.6363845760090541,0.6022144250175567,0.5921415421735179,0.5654563667499138,0.0224696318504697
TMRWI0009E1,PH063022108,2018-01-01,Y,0.5432553809141849,0.5432553809141849,0.5432553809141849,0.5432553809141849,
TMRWI0009E2,PH063022128,2018-01-01,Y,0.6382494870301818,0.631528545917045,0.6372158017993947,0.6191203489215584,0.0107582359519666
TMRWI0009E3,PH112402009,2018-01-01,Y,0.5528764505985726,0.5116985520916225,0.5097929422686649,0.4708880752285417,0.0236506317574678
TMRWI0009E4,PH063022114,2018-01-01,Y,0.6363845760090541,0.5883809296348116,0.5838917802992034,0.5463570542263088,0.0321068633396806
TMRWI0009E5,PH104305033,2018-01-01,Y,0.6095935343391138,0.5699079473851963,0.5699079473851963,0.5302223604312789,0.0561238953009668
TMRWI0009E6,PH063022140,2018-01-01,Y,0.5286593422553664,0.5286593422553664,0.5286593422553664,0.5286593422553664,
TMRWI0009E7,PH112402047,2018-01-01,Y,0.4611738713208748,0.4100184197916468,0.4070499619209637,0.3468155954824274,0.0285323503846281
TMRWI0009E8,PH063022080,2018-01-01,Y,0.6723948255250356,0.6723948255250356,0.6723948255250356,0.6723948255250356,
TMRWI0009E9,PH063022192,2018-01-01,Y,0.6544031411351314,0.6390693457967569,0.6390693457967569,0.6237355504583824,0.0216852613301826
TMRWI0009EA,PH104305025,2018-01-01,Y,0.5824234061352991,0.5714952639815134,0.5714952639815134,0.5605671218277277,0.0154547268454248
TMRWI0009EB,PH063022120,2018-01-01,Y,0.6857420774673383,0.6515614625778631,0.6419788857126058,0.6372158017993947,0.0201874960073989
TMRWI0009EC,PH063022191,2018-01-01,Y,0.6588629282475273,0.650171059253192,0.650171059253192,0.6414791902588567,0.0122921590141592
TMRWI0009ED,PH112402045,2018-01-01,Y,0.4277522490455744,0.3379005541873413,0.3375970844429086,0.2408315738174038,0.0361839375131391
TMRWI0009EE,PH063022081,2018-01-01,Y,0.5286593422553664,0.5286593422553664,0.5286593422553664,0.5286593422553664,
TMRWI0009EF,PH104305068,2018-01-01,Y,0.3604274506330446,0.3265480263815846,0.3399099555891953,0.2845199960773315,0.0256701893434163
TMRWI0009F0,PH104305062,2018-01-01,Y,0.363942742535954,0.2495711132823714,0.2445820426954275,0.1529622015504586,0.0503743217050444
TMRWI0009F1,PH112402044,2018-01-01,Y,0.4995236493857619,0.436115094649309,0.4386686951584816,0.3696701157808419,0.0327390234416631
TMRWI0009F2,PH104305026,2018-01-01,Y,0.6146921938995475,0.5858942406208582,0.5824234061352991,0.5605671218277277,0.0272289528941994
TMRWI0009F3,PH112402003,2018-01-01,Y,0.5563313281490784,0.5287670257102859,0.5309660799686892,0.4860139986108867,0.0181856933652977
TMRWI0009F4,PH063022084,2018-01-01,Y,0.639187793389207,0.5957021313129692,0.5880855882662117,0.5674495553302465,0.0319400377306062
TMRWI0009F5,PH063022139,2018-01-01,Y,0.6417443771729574,0.601459872514563,0.6001507984867742,0.5624844418839574,0.0396461800380792
TMRWI0009F6,PH104305069,2018-01-01,Y,0.428302040770519,0.3359243749985517,0.3421586692159361,0.2795556863531426,0.0371583481223931
TMRWI0009F7,PH063022189,2018-01-01,Y,0.6027277690184653,0.5860992088209791,0.5860992088209791,0.5694706486234931,0.0235163353540222
TMRWI0009F8,PH112402043,2018-01-01,Y,0.6797511101417267,0.6040564892548594,0.5976736378087608,0.5385048320414526,0.0387887159493743
TMRWI0009F9,PH063022150,2018-01-01,Y,0.6237355504583824,0.5969169091944903,0.5972307188480428,0.5694706486234931,0.0226065537158439
TMRWI0009FA,PH112402006,2018-01-01,Y,0.6680433907876879,0.5801484458916975,0.5718915011999908,0.5226222262362026,0.0349588998981286
TMRWI0009FB,PH063022085,2018-01-01,Y,0.6001507984867742,0.5760302127816948,0.5654553979743525,0.5624844418839574,0.0209417916160444
TMRWI0009FC,PH104305027,2018-01-01,Y,0.6146921938995475,0.5843463096992548,0.5810629615348721,0.5605671218277277,0.022446861941674
TMRWI0009FD,PH104305050,2018-01-01,Y,0.6171052567379982,0.5339913668738329,0.5305795777020432,0.48701274026306,0.0276032127929141
TMRWI0009FE,PH104305051,2018-01-01,Y,0.6962828090599252,0.5935216035107993,0.5815558438186746,0.5063790557160646,0.0555747722858579
TMRWI0009FF,PH063022079,2018-01-01,Y,0.6723948255250356,0.6560923856396745,0.6544031411351314,0.6414791902588567,0.0155268891354626
TMRWI000A00,PH063022149,2018-01-01,Y,0.6723948255250356,0.6636237047476309,0.6616185326089803,0.6588629282475273,0.0060431670215066
TMRWI000A01,PH063022195,2018-01-01,Y,0.6499484220813397,0.6019623338743472,0.6131635205024275,0.5315738724111942,0.0520697799309959
TMRWI000A02,PH063022075,2018-01-01,Y,0.6027277690184653,0.6027277690184653,0.6027277690184653,0.6027277690184653,
TMRWI000A03,PH063022148,2018-01-01,Y,0.6027277690184653,0.5618037035309084,0.5579138514249009,0.5286593422553664,0.0319932745129633
TMRWI000A04,PH104305022,2018-01-01,Y,0.5824234061352991,0.5708071832584585,0.5701191025354037,0.5605671218277277,0.0100958486026404
TMRWI000A05,PH112402051,2018-01-01,Y,0.5389181397811253,0.4406338305069402,0.434689105898002,0.3675231210987902,0.0466490429676094
TMRWI000A06,PH063022076,2018-01-01,Y,0.5993830153817803,0.5880855882662117,0.5880855882662117,0.5767881611506431,0.0159769746467586
TMRWI000A07,PH112402004,2018-01-01,Y,0.4678709463952589,0.4008046972980203,0.3958119496972677,0.3701424547765409,0.0233745965579991
TMRWI000A08,PH063022146,2018-01-01,Y,0.5624844418839574,0.5458336127885443,0.5463570542263088,0.5286593422553664,0.0169186238927728
TMRWI000A09,PH104305065,2018-01-01,Y,0.51474724506361,0.4437255422080288,0.4436594180347717,0.3630606714317417,0.035274664995923
TMRWI000A0A,PH063022122,2018-01-01,Y,0.5954766240268746,0.5635252482190345,0.5635252482190345,0.5315738724111942,0.0451860690039272
TMRWI000A0B,PH063022194,2018-01-01,Y,0.6588380674152928,0.6146765746140276,0.6082259707966431,0.5725397753880742,0.0374579849383456
TMRWI000A0C,PH063022164,2018-01-01,Y,0.6569475609239767,0.607911905867349,0.6099875910847126,0.5547248803759944,0.0471463619712331
TMRWI000A0D,PH112402050,2018-01-01,Y,0.6815477044252322,0.5435014058211494,0.5513916582287471,0.4337314414343556,0.0561174044524578
TMRWI000A0E,PH063022121,2018-01-01,Y,0.6236283210432709,0.606718927870855,0.6170344397444716,0.5691785109512059,0.0256948168316339
TMRWI000A0F,PH104305023,2018-01-01,Y,0.5824234061352991,0.5734200248893522,0.5734200248893522,0.5644166436434054,0.0127327038652335
TMRWI000A10,PH063022144,2018-01-01,Y,0.6599825609867602,0.6102226070184688,0.621001197163514,0.5514070486689622,0.0366798029073025
TMRWI000A11,PH112402049,2018-01-01,Y,0.6473226088257061,0.5671358720771704,0.5685578909248314,0.5034620105325838,0.0376535793835663
TMRWI000A12,PH104305063,2018-01-01,Y,0.594429407618384,0.4685927928360196,0.4753132360421468,0.3519431534803277,0.0520437306468266
TMRWI000A13,PH063022078,2018-01-01,Y,0.5933144298794608,0.56474966435876,0.56474966435876,0.536184898838059,0.0403966788053825
TMRWI000A14,PH112402005,2018-01-01,Y,0.6529584518841594,0.6082698592179847,0.6105082020721783,0.5502945198797784,0.0274721795143941
TMRWI000A15,PH063022193,2018-01-01,Y,0.5315738724111942,0.5315738724111942,0.5315738724111942,0.5315738724111942,
TMRWI000A16,PH104305024,2018-01-01,Y,0.6146921938995475,0.5724572771654133,0.5724572771654133,0.5302223604312789,0.0597291920511111
TMRWI000A17,PH104305067,2018-01-01,Y,0.6959380715685962,0.4994106357187544,0.5086676076696318,0.3585327899241614,0.0665725939325806
TMRWI000A18,PH112402048,2018-01-01,Y,0.5244104499752812,0.4639009486842824,0.4671714916269779,0.4032885377559247,0.030666129805732
TMRWI000A19,PH063022077,2018-01-01,Y,0.6649737863339221,0.6345148650349698,0.639187793389207,0.5993830153817803,0.0330441296311002
TMRWI000A1A,PH063022154,2018-01-01,Y,0.5993830153817803,0.5880855882662117,0.5880855882662117,0.5767881611506431,0.0159769746467586
TMRWI000A1B,PH112402042,2018-01-01,Y,0.5108612778334536,0.4097811229748796,0.3937674002666952,0.3424410889710435,0.0469857827875088
TMRWI000A1C,PH112402007,2018-01-01,Y,0.5490438395571491,0.4591305464702585,0.4578616573274376,0.3627693013334203,0.0427194662254167
TMRWI000A1D,PH063022090,2018-01-01,Y,0.6027277690184653,0.5656935556369158,0.5656935556369158,0.5286593422553664,0.0523742868360063
TMRWI000A1E,PH063022086,2018-01-01,Y,0.628699953792883,0.5609194250682943,0.5522148636689668,0.5204800358027666,0.0329599448532359
TMRWI000A1F,PH104305060,2018-01-01,Y,0.6476314254327684,0.5411832976569391,0.5374934072000382,0.4656847081969272,0.0400864878952177
TMRWI000A20,PH112402034,2018-01-01,Y,0.3994475440506244,0.2988552076834778,0.2934168542611708,0.1757248583413444,0.0591495825334562
TMRWI000A21,PH063022152,2018-01-01,Y,0.5731498518436555,0.5480530619575097,0.5564431588087433,0.506176078368897,0.0297753433742965
TMRWI000A22,PH063022185,2018-01-01,Y,0.6349550400226118,0.6293452952404971,0.6293452952404971,0.6237355504583824,0.0079333771523183
TMRWI000A23,PH063022136,2018-01-01,Y,0.6231180947635625,0.6231180947635625,0.6231180947635625,0.6231180947635625,
TMRWI000A24,PH112402037,2018-01-01,Y,0.5649033232192744,0.4923631215096338,0.4937705201450862,0.4089553056386329,0.0362936886604944
TMRWI000A25,PH063022091,2018-01-01,Y,0.5432553809141849,0.539720139876122,0.539720139876122,0.536184898838059,0.0049995858222865
TMRWI000A26,PH104305031,2018-01-01,Y,0.5302223604312789,0.5302223604312789,0.5302223604312789,0.5302223604312789,
TMRWI000A27,PH063022123,2018-01-01,Y,0.6231180947635625,0.5758887185094644,0.5758887185094644,0.5286593422553664,0.0667924244409672
TMRWI000A28,PH112402036,2018-01-01,Y,0.6442665198086509,0.616882833898272,0.6113155728384626,0.5982051292119093,0.0183122985237548
TMRWI000A29,PH104305072,2018-01-01,Y,0.3060269056161245,0.2390421446207831,0.2336945779963131,0.1529622015504586,0.0423854043502208
TMRWI000A2A,PH104305052,2018-01-01,Y,0.7011296893108129,0.6079865977619386,0.6151374429343701,0.5373822793197565,0.0475248515474727
TMRWI000A2B,PH063022092,2018-01-01,Y,0.6393620550936369,0.5888146167540629,0.5888146167540629,0.5382671784144888,0.0714848728430434
TMRWI000A2C,PH063022183,2018-01-01,Y,0.6513513708626923,0.5852330326135033,0.5761440730829939,0.5148073392096909,0.0456155592186822
TMRWI000A2D,PH104305032,2018-01-01,Y,0.6146921938995475,0.5876296578636376,0.5876296578636376,0.5605671218277277,0.0382722054941944
TMRWI000A2E,PH104305059,2018-01-01,Y,0.4860614477039858,0.3937244497420085,0.4046746328891095,0.2873325899057379,0.0528640726882726
TMRWI000A2F,PH112402035,2018-01-01,Y,0.6717948317119143,0.600850994570114,0.6024871435972476,0.5268723163796172,0.0407562512718549
TMRWI000A30,PH063022118,2018-01-01,Y,0.6414791902588567,0.6382171151407343,0.6382171151407343,0.6349550400226118,0.0046132708735285
TMRWI000A31,PH063022135,2018-01-01,Y,0.6496219739283399,0.6306734393536191,0.6354003127232889,0.5970395644198231,0.0164235145636653
TMRWI000A32,PH112402038,2018-01-01,Y,0.3625344570768518,0.2514017071889085,0.2456846011628413,0.1855063080422009,0.0383185862024771
TMRWI000A33,PH063022165,2018-01-01,Y,0.6369399961267534,0.5996029331163617,0.5960203427007413,0.5654563667499138,0.0253884388306336
TMRWI000A34,PH104305030,2018-01-01,Y,0.6146921938995475,0.6146921938995475,0.6146921938995475,0.6146921938995475,
TMRWI000A35,PH104305071,2018-01-01,Y,0.363942742535954,0.3088594338575854,0.3021447521296097,0.234972033902259,0.0347714662750828
TMRWI000A36,PH063022188,2018-01-01,Y,0.6499484220813397,0.6232017187550983,0.6209291082312908,0.6010002364764719,0.0217216190761665
TMRWI000A37,PH104305028,2018-01-01,Y,0.5824234061352991,0.5810629615348721,0.5810629615348721,0.5797025169344451,0.001923959204781
TMRWI000A38,PH104305061,2018-01-01,Y,0.7036432543006137,0.6101613641746563,0.6229502149951593,0.5308115778197703,0.0525020683872136
TMRWI000A39,PH063022138,2018-01-01,Y,0.6231180947635625,0.6231180947635625,0.6231180947635625,0.6231180947635625,
TMRWI000A3A,PH112402041,2018-01-01,Y,0.4523724535829572,0.3960199967175982,0.3964422431257179,0.33819228250105,0.0282064348947712
TMRWI000A3B,PH063022182,2018-01-01,Y,0.5933144298794608,0.56474966435876,0.56474966435876,0.536184898838059,0.0403966788053825
TMRWI000A3C,PH063022087,2018-01-01,Y,0.668074870725647,0.6191490227204726,0.6170344397444716,0.5691785109512059,0.0325579053660121
TMRWI000A3D,PH104305070,2018-01-01,Y,0.4072278196113501,0.2752382889327077,0.267823263317602,0.1955097500257695,0.0453825627719368
TMRWI000A3E,PH063022151,2018-01-01,Y,0.6442181656136525,0.6082760723704771,0.6157812941417105,0.5509703220224259,0.0330309700272091
TMRWI000A3F,PH063022094,2018-01-01,Y,0.668074870725647,0.6033730978015157,0.5915592069465356,0.5691785109512059,0.0337973416973954
TMRWI000A40,PH063022093,2018-01-01,Y,0.6147655247675927,0.5925308864151267,0.6060513199893647,0.5432553809141849,0.0336420965062648
TMRWI000A41,PH063022161,2018-01-01,Y,0.6147655247675927,0.5790104528408888,0.5790104528408888,0.5432553809141849,0.0505653076423701
TMRWI000A42,PH063022187,2018-01-01,Y,0.6297834174820637,0.5850370847034883,0.5743993947927705,0.5485943654101307,0.038300989680369
TMRWI000A43,PH063022088,2018-01-01,Y,0.5654553979743525,0.5518612881944207,0.5518612881944207,0.5382671784144888,0.0192249744191683
TMRWI000A44,PH104305029,2018-01-01,Y,0.6146921938995475,0.5971973554169963,0.5971973554169963,0.5797025169344451,0.0247414378535507
TMRWI000A45,PH104305049,2018-01-01,Y,0.6524722662729716,0.5697441582815497,0.5683898723240081,0.4950873135271717,0.0459513088977915
TMRWI000A46,PH063022137,2018-01-01,Y,0.608469842015887,0.6055988055171762,0.6055988055171762,0.6027277690184653,0.0040602587545451
TMRWI000A47,PH063022119,2018-01-01,Y,0.6723948255250356,0.6458813844825065,0.6431706031670328,0.624789506070925,0.0243090305045368
TMRWI000A48,PH112402039,2018-01-01,Y,0.4174579481251275,0.3839365549975329,0.3835000831184497,0.3553038396931877,0.0207789606820947
TMRWI000A49,PH063022186,2018-01-01,Y,0.6237355504583824,0.6237355504583824,0.6237355504583824,0.6237355504583824,
TMRWI000A4A,PH063022089,2018-01-01,Y,0.6499484220813397,0.6446552385874883,0.6446552385874883,0.6393620550936369,0.0074856918851341
TMRWI000A4B,PH112402040,2018-01-01,Y,0.6768937697847736,0.6273238836899423,0.6312009544563992,0.5789751841605839,0.0319848425026969
TMRWI000A4C,PH104305073,2018-01-01,Y,0.5302223604312789,0.5302223604312789,0.5302223604312789,0.5302223604312789,
TMRWI000A4D,PH112402196,2019-01-01,Y,0.6624613847017301,0.6081131043114625,0.6108635511123734,0.5555359394450629,0.036145505901746
TMRWI000A4E,PH112402197,2019-01-01,Y,0.695090000147419,0.6360781032394867,0.6388600277556872,0.5907059619437627,0.0260375577320909
TMRWI000A4F,PH104305005,2019-01-01,Y,0.6721044218069478,0.602187674331055,0.6050294784388769,0.5122822506723587,0.044227537714093
TMRWI000A50,PH104305051,2019-01-01,Y,0.6941976148978023,0.5931925398352494,0.58300343413418,0.503743485115582,0.0556605816175617
TMRWI000A51,PH112402195,2019-01-01,Y,0.6631250861083905,0.5760548944341783,0.5785748386798713,0.5043514339565344,0.0406766321817277
TMRWI000A52,PH104305052,2019-01-01,Y,0.7019401447337027,0.6069680998734589,0.612859933834524,0.5368400042245896,0.0471071731859481
TMRWI000A53,PH097332002,2019-01-01,Y,0.563926663563931,0.4728629376960508,0.464022456371081,0.3591249915450182,0.0479904380151186
TMRWI000A54,PH112402052,2019-01-01,Y,0.5761143951723735,0.5058620385224293,0.5069312970320996,0.4400941458301733,0.0315159837386301
TMRWI000A55,PH104305057,2019-01-01,Y,0.4416841776119579,0.3484569326722282,0.3377328210759953,0.276198487955121,0.0490114258390614
TMRWI000A56,PH112402194,2019-01-01,Y,0.6399861446946339,0.630890932599121,0.6291423929238498,0.6252927998541508,0.0064936994387495
TMRWI000A57,PH104305059,2019-01-01,Y,0.4803712666336202,0.3909134794268792,0.3997225099710075,0.29266804728133,0.0523730008983283
TMRWI000A58,PH112402183,2019-01-01,Y,0.4177881044672946,0.3406649725951511,0.3526195412046398,0.2099745716182391,0.0478818172888323
TMRWI000A59,PH097332014,2019-01-01,Y,0.2962134720646195,0.266945128182445,0.2741735105929719,0.2036066117502172,0.0304004383459073
TMRWI000A5A,PH112402182,2019-01-01,Y,0.6309211062112828,0.5989435162471317,0.6110909239075658,0.5555359394450629,0.0291036355421564
TMRWI000A5B,PH104305001,2019-01-01,Y,0.6249280256943962,0.5001511094143513,0.4899227229553646,0.4287775244542173,0.0539026687128361
TMRWI000A5C,PH104305060,2019-01-01,Y,0.6445283689286267,0.5443377107164881,0.5355095121416211,0.4881091378964365,0.0365570077281364
TMRWI000A5D,PH112402181,2019-01-01,Y,0.6351758296477024,0.5816895661272217,0.5860028996559339,0.5179764069808442,0.0416230817299579
TMRWI000A5E,PH097332015,2019-01-01,Y,0.4967209727441401,0.4168963472272215,0.4036263018955806,0.3663189306523457,0.0339092640182179
TMRWI000A5F,PH112402180,2019-01-01,Y,0.504170829652838,0.4126208834578547,0.4226329144711846,0.3124544862481171,0.0460572739507839
TMRWI000A60,PH104305061,2019-01-01,Y,0.7036432543006137,0.6095468159663117,0.6229502149951593,0.5280993750313653,0.0533767432653452
TMRWI000A61,PH112402179,2019-01-01,Y,0.6309211062112828,0.6118344266580034,0.6110909239075658,0.585671913747872,0.0177641335480975
TMRWI000A62,PH097332904,2019-01-01,Y,0.4238099723747143,0.3374292067965038,0.3493371051196082,0.2010498249122798,0.0533025396368046
TMRWI000A63,PH097332016,2019-01-01,Y,0.6578693121049143,0.5562825113547917,0.5613070371531828,0.473107925788763,0.0529880269625829
TMRWI000A64,PH112402178,2019-01-01,Y,0.4108536055355632,0.3740794163820241,0.3787031638642799,0.3124544862481171,0.0305354014723919
TMRWI000A65,PH104305062,2019-01-01,Y,0.3604109361972861,0.2666134677040531,0.2692723941021788,0.1573469764507725,0.0510907676986939
TMRWI000A66,PH112402177,2019-01-01,Y,0.4659093899775955,0.3350277082895666,0.3292841677910971,0.2606754926880479,0.0442786648887215
TMRWI000A67,PH104305063,2019-01-01,Y,0.5968615219391933,0.4684206926021931,0.4729677784066065,0.3582504873124164,0.0508377565628447
TMRWI000A68,PH097332017,2019-01-01,Y,0.4315298590043053,0.363713648282879,0.3693733416169622,0.2840172617066868,0.0381034338000155
TMRWI000A69,PH112402176,2019-01-01,Y,0.6404516598727596,0.5979052828640827,0.5980352546413714,0.5495079950891157,0.021978622199195
TMRWI000A6A,PH112402184,2019-01-01,Y,0.4430899953650309,0.3820226380707395,0.3867456432240208,0.2691516400212321,0.0335531913894897
TMRWI000A6B,PH097332004,2019-01-01,Y,0.661846137309825,0.5861931943628746,0.5925896734242557,0.5300657524472362,0.0400252713242309
TMRWI000A6C,PH097332013,2019-01-01,Y,0.4717417676170507,0.3028862933461821,0.3042988970138824,0.1600670457252297,0.0591064481701794
TMRWI000A6D,PH112402185,2019-01-01,Y,0.6148076998108586,0.6000161353328413,0.5990405095077966,0.5871758225049133,0.0130280555327892
TMRWI000A6E,PH104305053,2019-01-01,Y,0.6503968306998982,0.5995419349847316,0.6020419753218317,0.5412505503227241,0.0335651952570095
TMRWI000A6F,PH112402193,2019-01-01,Y,0.6807552140017122,0.59618941512291,0.5935156247855082,0.5531753116916668,0.032689317915543
TMRWI000A70,PH104305004,2019-01-01,Y,0.5085931361375515,0.45307626105525,0.4688435852285274,0.3441378018617377,0.0426400956162519
TMRWI000A71,PH097332005,2019-01-01,Y,0.4392560783089586,0.3564238225135248,0.3721543338683972,0.1286796339166496,0.059277962599082
TMRWI000A72,PH112402192,2019-01-01,Y,0.6624613847017301,0.617199231432388,0.621214737929775,0.5555359394450629,0.028865772434947
TMRWI000A73,PH104305054,2019-01-01,Y,0.6931102008457414,0.5046342578270598,0.4968258699230082,0.4151830760778095,0.0602918847605111
TMRWI000A74,PH112402191,2019-01-01,Y,0.4065847584347577,0.3181742067081857,0.3097867359059948,0.2264829191043792,0.0401463491176601
TMRWI000A75,PH104305055,2019-01-01,Y,0.5867564273738557,0.5456091675917666,0.5374751296402902,0.5266369973393513,0.0221713066903471
TMRWI000A76,PH097332010,2019-01-01,Y,0.5754927056921121,0.5098794246316247,0.511419200880093,0.4247506510870399,0.0369403160779663
TMRWI000A77,PH112402190,2019-01-01,Y,0.6399861446946339,0.6285034466350424,0.6263282397452836,0.6171366760053992,0.0093078561561281
TMRWI000A78,PH112402189,2019-01-01,Y,0.4094515208124736,0.3350293845237512,0.3334546348400554,0.2691516400212321,0.0352066314509424
TMRWI000A79,PH104305003,2019-01-01,Y,0.7036432543006137,0.5939876079907687,0.5912948816246654,0.4979371167287754,0.0556955775728941
TMRWI000A7A,PH104305056,2019-01-01,Y,0.6668396199995974,0.5973623405889378,0.599364267873822,0.5182848743814549,0.0424043668527117
TMRWI000A7B,PH097332011,2019-01-01,Y,0.4323398494577534,0.3354768796855443,0.3484335578128827,0.2154999386179154,0.0519524224281519
TMRWI000A7C,PH112402188,2019-01-01,Y,0.4229267244538524,0.3536877728325881,0.3652077954720986,0.2518308168989335,0.0434716751478408
TMRWI000A7D,PH112402187,2019-01-01,Y,0.6148076998108586,0.593153261011823,0.6011347023956852,0.5555359394450629,0.0271393755041977
TMRWI000A7E,PH097332012,2019-01-01,Y,0.4242860603849477,0.2804226879796266,0.2916997438308413,0.1582269369805405,0.0676480947809798
TMRWI000A7F,PH112402186,2019-01-01,Y,0.6415132037755812,0.6218477811204479,0.6252927998541508,0.5913280153881876,0.0178463618937064
TMRWI000A80,PH104305002,2019-01-01,Y,0.5861749531112433,0.5283910497809531,0.5275175296982814,0.4775022250715928,0.0253721719151253
TMRWI000A81,PH104305058,2019-01-01,Y,0.6426255567480884,0.5927845943068183,0.5966179468813553,0.5302223604312789,0.0380088799634956
TMRWI000A82,PH112402198,2019-01-01,Y,0.6789003156876808,0.6327807936485994,0.6404194222802292,0.5791136456091807,0.0254726992689827
TMRWI000A83,PH083747149,2019-01-01,Y,0.6601850863938765,0.6311896260030101,0.6230383573050696,0.5918257099601364,0.0287824710372718
TMRWI000A84,PH104305050,2019-01-01,Y,0.6170305961078015,0.5329698903644671,0.5277984442738325,0.48701274026306,0.0275041806756765
TMRWI000A85,PH137503010,2019-01-01,Y,0.7161742387874658,0.6776646753025914,0.6825652716657551,0.6268693209377108,0.0387770647653311
TMRWI000A86,PH104305029,2019-01-01,Y,0.6146921938995475,0.5953118774494158,0.5953118774494158,0.5759315609992841,0.0274079063668586
TMRWI000A87,PH137503009,2019-01-01,Y,0.6912068733688631,0.6453643670539,0.6511082679488852,0.5840226092393009,0.0370112717943608
TMRWI000A88,PH104305016,2019-01-01,Y,0.5302223604312789,0.5302223604312789,0.5302223604312789,0.5302223604312789,
TMRWI000A89,PH083747137,2019-01-01,Y,0.5778439716499687,0.5562054726697797,0.5731941049037255,0.5005897092216991,0.0371421588425014
TMRWI000A8A,PH137503008,2019-01-01,Y,0.6714110396864617,0.6194653631331369,0.615758305904438,0.5749338010372099,0.0423270776294781
TMRWI000A8B,PH104305030,2019-01-01,Y,0.6146921938995475,0.6146921938995475,0.6146921938995475,0.6146921938995475,
TMRWI000A8C,PH137503007,2019-01-01,Y,0.6825652716657551,0.6287495363514826,0.6287495363514826,0.5749338010372099,0.076106942750525
TMRWI000A8D,PH104305031,2019-01-01,Y,0.5302223604312789,0.5302223604312789,0.5302223604312789,0.5302223604312789,
TMRWI000A8E,PH083747138,2019-01-01,Y,0.6695607084399765,0.6695607084399765,0.6695607084399765,0.6695607084399765,
TMRWI000A8F,PH137503006,2019-01-01,Y,0.6825652716657551,0.6825652716657551,0.6825652716657551,0.6825652716657551,
TMRWI000A90,PH137503005,2019-01-01,Y,0.71218098185004,0.6538205232987244,0.6475844908029014,0.6079321297390552,0.0432313853785289
TMRWI000A91,PH083747136,2019-01-01,Y,0.670536037224543,0.6154451878602348,0.6126902271336252,0.5657875342399209,0.0301471954912497
TMRWI000A92,PH104305015,2019-01-01,Y,0.6565153204599252,0.6155087415814424,0.6155087415814424,0.5745021627029597,0.0579920599964724
TMRWI000A93,PH083747139,2019-01-01,Y,0.6064917425499909,0.5558798345397193,0.5582189431935937,0.5005897092216991,0.0479069746683455
TMRWI000A94,PH137503004,2019-01-01,Y,0.6771912184301655,0.6425253380452517,0.6550861389901013,0.5749338010372099,0.0413373361308387
TMRWI000A95,PH137503003,2019-01-01,Y,0.6714110396864617,0.6231724203618358,0.6231724203618358,0.5749338010372099,0.0682197096790388
TMRWI000A96,PH104305033,2019-01-01,Y,0.6095935343391138,0.5699079473851963,0.5699079473851963,0.5302223604312789,0.0561238953009668
TMRWI000A97,PH083747140,2019-01-01,Y,0.5690937277732906,0.5287174046571271,0.5287174046571271,0.4883410815409637,0.0571007437496366
TMRWI000A98,PH137503002,2019-01-01,Y,0.6825652716657551,0.6429700374631423,0.6714110396864617,0.5749338010372099,0.0591844685962118
TMRWI000A99,PH104305014,2019-01-01,Y,0.6565153204599252,0.6155087415814424,0.6155087415814424,0.5745021627029597,0.0579920599964724
TMRWI000A9A,PH137503001,2019-01-01,Y,0.7161742387874658,0.6993697552266105,0.6993697552266105,0.6825652716657551,0.0237651285604373
TMRWI000A9B,PH104305034,2019-01-01,Y,0.6095935343391138,0.5699079473851963,0.5699079473851963,0.5302223604312789,0.0561238953009668
TMRWI000A9C,PH083747141,2019-01-01,Y,0.5690937277732906,0.5287174046571271,0.5287174046571271,0.4883410815409637,0.0571007437496366
TMRWI000A9D,PH137401027,2019-01-01,Y,0.764855900063484,0.7003076248062617,0.69689002658698,0.6623279072759274,0.0281236946239356
TMRWI000A9E,PH104305035,2019-01-01,Y,0.6146921938995475,0.578768802624417,0.5850803280834207,0.5302223604312789,0.0405327536667381
TMRWI000A9F,PH104305032,2019-01-01,Y,0.6146921938995475,0.5876296578636376,0.5876296578636376,0.5605671218277277,0.0382722054941944
TMRWI000AA0,PH137503011,2019-01-01,Y,0.6912068733688631,0.6747426697353774,0.6858907389295998,0.6471303969076692,0.0240602063452898
TMRWI000AA1,PH104305028,2019-01-01,Y,0.5831666718976279,0.5795491164484561,0.5795491164484561,0.5759315609992841,0.0051159959788555
TMRWI000AA2,PH104305017,2019-01-01,Y,0.612859933834524,0.6048319603717056,0.6048319603717056,0.5968039869088873,0.011353268949489
TMRWI000AA3,PH137603009,2019-01-01,Y,0.7898092428667102,0.6931258484675783,0.6935190582396276,0.598493986908633,0.0368638852448133
TMRWI000AA4,PH104305020,2019-01-01,Y,0.6218881560851507,0.5888823881824464,0.5831666718976279,0.5583023700319532,0.0253782101819916
TMRWI000AA5,PH083747130,2019-01-01,Y,0.6703909729685043,0.6352991317640836,0.6349372803457969,0.5918257099601364,0.0299488318023315
TMRWI000AA6,PH137603008,2019-01-01,Y,0.7470335703550802,0.6546682251676669,0.6403952124179042,0.5598863753046998,0.0541636054147467
TMRWI000AA7,PH104305022,2019-01-01,Y,0.5831666718976279,0.5691345816150671,0.5675346422653438,0.5583023700319532,0.0117820295283688
TMRWI000AA8,PH137603007,2019-01-01,Y,0.7396835355292363,0.670471950192448,0.6716688031046787,0.5709747387940725,0.0479514435113145
TMRWI000AA9,PH104305023,2019-01-01,Y,0.5831666718976279,0.5707345209647905,0.5707345209647905,0.5583023700319532,0.0175817164586879
TMRWI000AAA,PH083747131,2019-01-01,Y,0.569654139833848,0.5235212757876778,0.5247723267733486,0.4709013852071221,0.0277365389142158
TMRWI000AAB,PH137603006,2019-01-01,Y,0.7898092428667102,0.7000721842210571,0.7044433531551714,0.5977851991206518,0.0393251768600166
TMRWI000AAC,PH137603005,2019-01-01,Y,0.731563613940671,0.6556657625006572,0.656263711075688,0.5669915897154397,0.0443715583723995
TMRWI000AAD,PH104305019,2019-01-01,Y,0.612859933834524,0.585617113369581,0.5856530748059234,0.5583023700319532,0.0240621053276132
TMRWI000AAE,PH104305024,2019-01-01,Y,0.6146921938995475,0.5724572771654133,0.5724572771654133,0.5302223604312789,0.0597291920511111
TMRWI000AAF,PH083747132,2019-01-01,Y,0.4960399326644328,0.4628705110337281,0.4629375636976015,0.3884060757050849,0.0312371785817177
TMRWI000AB0,PH137603004,2019-01-01,Y,0.8397203820420696,0.6963839103013555,0.6800907145273465,0.6569700759312986,0.0479210598493666
TMRWI000AB1,PH137603003,2019-01-01,Y,0.6725409979889502,0.6423525370162773,0.6700102725619631,0.5709747387940725,0.0466763221319134
TMRWI000AB2,PH104305025,2019-01-01,Y,0.5831666718976279,0.5718668968626779,0.5718668968626779,0.5605671218277277,0.0159802951061913
TMRWI000AB3,PH083747133,2019-01-01,Y,0.6264808554357887,0.5726419069874025,0.573777843345104,0.5414228216857162,0.0262874636140565
TMRWI000AB4,PH137603002,2019-01-01,Y,0.7498965675078477,0.6740829199029243,0.6860902277353653,0.5925057301429787,0.0548162129454716
TMRWI000AB5,PH104305018,2019-01-01,Y,0.5968039869088873,0.5775531784704202,0.5775531784704202,0.5583023700319532,0.0272247543803265
TMRWI000AB6,PH137603001,2019-01-01,Y,0.7094661619188192,0.6603461348082995,0.6691602520438568,0.5925057301429787,0.0375243877239861
TMRWI000AB7,PH104305026,2019-01-01,Y,0.6146921938995475,0.5861419958749677,0.5831666718976279,0.5605671218277277,0.0271849272809864
TMRWI000AB8,PH083747134,2019-01-01,Y,0.6703909729685043,0.63447731880141,0.631266627885814,0.5918257099601364,0.0297400797383354
TMRWI000AB9,PH137503014,2019-01-01,Y,0.6516519186110853,0.6194148355324606,0.6146877627340925,0.5817382893853492,0.0242919903976834
TMRWI000ABA,PH104305027,2019-01-01,Y,0.6146921938995475,0.5835893871560468,0.5795491164484561,0.5605671218277277,0.0227759396279493
TMRWI000ABB,PH137503013,2019-01-01,Y,0.6677362198558068,0.6467582871969194,0.6474860832777656,0.6266986796366003,0.0136860393232198
TMRWI000ABC,PH083747135,2019-01-01,Y,0.6703909729685043,0.6332539776354128,0.6349372803457969,0.5885943854862289,0.0331418662604915
TMRWI000ABD,PH137503012,2019-01-01,Y,0.6505335632719857,0.6356479624668376,0.6420630784281549,0.6079321297390552,0.0190200752355632
TMRWI000ABE,PH137401026,2019-01-01,Y,0.6961950523956543,0.6873765606777512,0.6906086143802438,0.6753260152573555,0.0108034164097182
TMRWI000ABF,PH097332001,2019-01-01,Y,0.5294015338234962,0.4515151825959483,0.4266513785480139,0.3974631540314797,0.052578570100982
TMRWI000AC0,PH083747142,2019-01-01,Y,0.5690937277732906,0.5690937277732906,0.5690937277732906,0.5690937277732906,
TMRWI000AC1,PH104305013,2019-01-01,Y,0.6565153204599252,0.6155087415814424,0.6155087415814424,0.5745021627029597,0.0579920599964724
TMRWI000AC2,PH104305009,2019-01-01,Y,0.6565153204599252,0.6330544273995196,0.6330544273995196,0.6095935343391138,0.0331787131514105
TMRWI000AC3,PH104305044,2019-01-01,Y,0.7232728437459858,0.6029468877261046,0.5975517065164204,0.5245527811525839,0.0528107634845387
TMRWI000AC4,PH137401010,2019-01-01,Y,0.7383824818301938,0.6959367865025138,0.6827981152327758,0.6666297624445718,0.0376375038606259
TMRWI000AC5,PH083747151,2019-01-01,Y,0.6524037619825893,0.622400908896974,0.630587698503778,0.5842112662045547,0.0348255906361812
TMRWI000AC6,PH137401009,2019-01-01,Y,0.6827981152327758,0.6827981152327758,0.6827981152327758,0.6827981152327758,
TMRWI000AC7,PH104305045,2019-01-01,Y,0.6565153204599252,0.5984013316885172,0.5930543409072029,0.560421891319288,0.0337200099258785
TMRWI000AC8,PH137401008,2019-01-01,Y,0.6835547770163097,0.6745720195524405,0.6745720195524405,0.6655892620885712,0.0127035374329121
TMRWI000AC9,PH104305008,2019-01-01,Y,0.6095935343391138,0.5850803280834207,0.5850803280834207,0.5605671218277277,0.0346669087440501
TMRWI000ACA,PH083747152,2019-01-01,Y,0.6695607084399765,0.6136486564003711,0.6126636835592155,0.563774723036111,0.0391735715348031
TMRWI000ACB,PH137401007,2019-01-01,Y,0.7383824818301938,0.7105902985314848,0.7105902985314848,0.6827981152327758,0.0393040825489933
TMRWI000ACC,PH104305046,2019-01-01,Y,0.6947040310178038,0.5366497438511623,0.5260012141053791,0.4509910115710999,0.0491097143370715
TMRWI000ACD,PH137401006,2019-01-01,Y,0.7329108977235144,0.7017270982596296,0.6990259433319871,0.6759456086510299,0.0242533237906878
TMRWI000ACE,PH137401011,2019-01-01,Y,0.6980448200802034,0.6823372912623876,0.6823372912623876,0.6666297624445718,0.0222138002855213
TMRWI000ACF,PH104305047,2019-01-01,Y,0.3895670896536313,0.2881855285340133,0.2863879425691321,0.1540798004187595,0.0562029375259854
TMRWI000AD0,PH137401005,2019-01-01,Y,0.7329108977235144,0.6895001363698563,0.6797501928336698,0.6655892620885712,0.029862443691717
TMRWI000AD1,PH137401004,2019-01-01,Y,0.7065413978544848,0.6969532701839278,0.6928079238878094,0.6915104888094894,0.0083288641852168
TMRWI000AD2,PH104305007,2019-01-01,Y,0.6095935343391138,0.6095935343391138,0.6095935343391138,0.6095935343391138,
TMRWI000AD3,PH104305048,2019-01-01,Y,0.6050953229228813,0.490526375559664,0.4909001603479767,0.4264466148775383,0.0387682267353837
TMRWI000AD4,PH083747154,2019-01-01,Y,0.5331617225086427,0.5168757158651709,0.5168757158651709,0.5005897092216991,0.0230318914720961
TMRWI000AD5,PH137401003,2019-01-01,Y,0.7065413978544848,0.6836701537675938,0.6921592063486495,0.6438208045185916,0.0274228258815545
TMRWI000AD6,PH137401002,2019-01-01,Y,0.6827981152327758,0.6827981152327758,0.6827981152327758,0.6827981152327758,
TMRWI000AD7,PH104305049,2019-01-01,Y,0.6499981588549563,0.5682368226112134,0.568575313703181,0.4924413782400434,0.0466484936527856
TMRWI000AD8,PH083747155,2019-01-01,Y,0.5978234520149505,0.5624279487265966,0.5660648123629681,0.5100202893083211,0.0267892303775615
TMRWI000AD9,PH137401001,2019-01-01,Y,0.764855900063484,0.7077003822979991,0.7036149269381251,0.6659195141067077,0.0358824901638497
TMRWI000ADA,PH104305006,2019-01-01,Y,0.6095935343391138,0.6095935343391138,0.6095935343391138,0.6095935343391138,
TMRWI000ADB,PH112402901,2019-01-01,Y,0.4532664306435324,0.3663672094077346,0.3741170586944701,0.1973004400129332,0.049046722196085
TMRWI000ADC,PH083747153,2019-01-01,Y,0.5730284877913971,0.5368090985065481,0.5368090985065481,0.5005897092216991,0.0512219515475042
TMRWI000ADD,PH083747150,2019-01-01,Y,0.6616523952560877,0.6230026741992846,0.6316975500647444,0.5571201870301283,0.0372100515145298
TMRWI000ADE,PH137401012,2019-01-01,Y,0.6827981152327758,0.6827981152327758,0.6827981152327758,0.6827981152327758,
TMRWI000ADF,PH104305043,2019-01-01,Y,0.7232728437459858,0.5904012528147098,0.5801032158069533,0.503743485115582,0.0564529770033055
TMRWI000AE0,PH104305036,2019-01-01,Y,0.6095935343391138,0.5699079473851963,0.5699079473851963,0.5302223604312789,0.0561238953009668
TMRWI000AE1,PH137401024,2019-01-01,Y,0.7383824818301938,0.710124250936253,0.7096582033410211,0.6827981152327758,0.0252203130645229
TMRWI000AE2,PH083747143,2019-01-01,Y,0.6000194785682686,0.5845566031707796,0.5845566031707796,0.5690937277732906,0.0218678081004142
TMRWI000AE3,PH137401023,2019-01-01,Y,0.764855900063484,0.7214026920643227,0.7113550240568016,0.6980448200802034,0.0303067700942473
TMRWI000AE4,PH104305037,2019-01-01,Y,0.5995839542230758,0.5539168271040081,0.5527935844349141,0.5004150687096877,0.0360827196958926
TMRWI000AE5,PH137401022,2019-01-01,Y,0.7357426312774235,0.6934194139812256,0.6928079238878094,0.6438208045185916,0.0297455420744192
TMRWI000AE6,PH104305012,2019-01-01,Y,0.6565153204599252,0.6002945348324316,0.5920478485210368,0.5605671218277277,0.042781467687576
TMRWI000AE7,PH083747145,2019-01-01,Y,0.6118511624711411,0.6059353205197049,0.6059353205197049,0.6000194785682686,0.0083662639205768
TMRWI000AE8,PH137401021,2019-01-01,Y,0.7383824818301938,0.7147673171164525,0.723121354286388,0.6827981152327758,0.0287184244917185
TMRWI000AE9,PH104305038,2019-01-01,Y,0.4695576930522545,0.3703536819283335,0.3577976623501842,0.2762976449053186,0.0584689937238289
TMRWI000AEA,PH137401020,2019-01-01,Y,0.7383824818301938,0.704726703629967,0.6961950523956543,0.6753260152573555,0.0255322569148574
TMRWI000AEB,PH104305039,2019-01-01,Y,0.3156250950543124,0.261284358418676,0.2559054891004139,0.2059701223732795,0.0269801954662336
TMRWI000AEC,PH083747146,2019-01-01,Y,0.6589634649273458,0.6410139394952123,0.6522271910871501,0.6118511624711411,0.0254793057034389
TMRWI000AED,PH137401019,2019-01-01,Y,0.7383824818301938,0.7004024322234733,0.6961950523956543,0.6666297624445718,0.0360609167738371
TMRWI000AEE,PH137401018,2019-01-01,Y,0.7645768032365474,0.7186254560747084,0.7096582033410211,0.6906086143802438,0.0337629275708117
TMRWI000AEF,PH104305011,2019-01-01,Y,0.6565153204599252,0.6330544273995196,0.6330544273995196,0.6095935343391138,0.0331787131514105
TMRWI000AF0,PH104305040,2019-01-01,Y,0.6688978483957831,0.5662159509197447,0.5482165908153329,0.5004150687096877,0.0495377337221257
TMRWI000AF1,PH083747147,2019-01-01,Y,0.6709922250334697,0.6472689508106523,0.6589634649273458,0.6118511624711411,0.0312568003092043
TMRWI000AF2,PH137401017,2019-01-01,Y,0.7357426312774235,0.702589336022374,0.6980448200802034,0.6629388958278506,0.0252331520836763
TMRWI000AF3,PH137401016,2019-01-01,Y,0.7329108977235144,0.6927735890919158,0.6915104888094894,0.6655892620885712,0.0220214048246643
TMRWI000AF4,PH104305041,2019-01-01,Y,0.6247869588264321,0.4915112001977157,0.4779460036346381,0.4160680860709055,0.0678034593965073
TMRWI000AF5,PH083747148,2019-01-01,Y,0.6601850863938765,0.6316554751486657,0.6429556290919841,0.5918257099601364,0.035553075759482
TMRWI000AF6,PH137401015,2019-01-01,Y,0.723121354286388,0.7068649843333159,0.7068649843333159,0.6906086143802438,0.022989978862589
TMRWI000AF7,PH104305010,2019-01-01,Y,0.6565153204599252,0.6088919922089223,0.6095935343391138,0.5605671218277277,0.0479779462483674
TMRWI000AF8,PH137401014,2019-01-01,Y,0.7065413978544848,0.6796240353795603,0.6840669695725825,0.6438208045185916,0.0270721482700032
TMRWI000AF9,PH104305042,2019-01-01,Y,0.6503968306998982,0.579915707125364,0.5733281880473412,0.5238005551456201,0.0354784098590889
TMRWI000AFA,PH137401013,2019-01-01,Y,0.7329108977235144,0.6881134099881121,0.6918313049357198,0.6623279072759274,0.0228918252871207
TMRWI000AFB,PH137401025,2019-01-01,Y,0.7383824818301938,0.6884905652068966,0.6753260152573555,0.6659195141067077,0.0304516620553884
TMRWI000AFC,PH112402175,2019-01-01,Y,0.4675195275781818,0.4065277666535781,0.4096383026864951,0.3182458948715996,0.0351563491972693
TMRWI000AFD,PH104305075,2019-01-01,Y,0.5745021627029597,0.5745021627029597,0.5745021627029597,0.5745021627029597,
TMRWI000AFE,PH104305064,2019-01-01,Y,0.6483600339149328,0.5714992640147066,0.5538691027856741,0.5266369973393513,0.0419422745259635
TMRWI000AFF,PH112402099,2019-01-01,Y,0.3961792648604876,0.305521655569032,0.2954664564228568,0.1975370141848307,0.0464062887748173
TMRWI000B00,PH112402028,2019-01-01,Y,0.5583483522014814,0.4576401203708501,0.4552340330149692,0.3806191036802929,0.0554695681635518
TMRWI000B01,PH112402098,2019-01-01,Y,0.3542088869968293,0.2700384898337385,0.260239049391989,0.2051306113831759,0.0478868371158814
TMRWI000B02,PH097332055,2019-01-01,Y,0.464022456371081,0.3626580704327429,0.3639794576634718,0.2732271968237691,0.038881398960025
TMRWI000B03,PH112402097,2019-01-01,Y,0.5882525019184792,0.5336273468313406,0.5331995884782988,0.5003358340636433,0.0228763551994315
TMRWI000B04,PH112402029,2019-01-01,Y,0.4544561384267543,0.4059902361522863,0.411794419082925,0.3432195042306163,0.0296514949411177
TMRWI000B05,PH097332085,2019-01-01,Y,0.6257651464574022,0.5361393650599334,0.5444012463871937,0.4329185449324742,0.056297826381455
TMRWI000B06,PH112402092,2019-01-01,Y,0.4595809026545074,0.3578439391045242,0.3622003179274555,0.2634836782541214,0.0411232607055769
TMRWI000B07,PH097332056,2019-01-01,Y,0.3754816564889342,0.3754816564889342,0.3754816564889342,0.3754816564889342,
TMRWI000B08,PH112402091,2019-01-01,Y,0.5029610182550739,0.3283263629643574,0.3270402945975277,0.2428006827107482,0.0434479355790184
TMRWI000B09,PH112402030,2019-01-01,Y,0.6889968813346635,0.5976313306724162,0.5921968374576518,0.5378876799979939,0.0284747683719869
TMRWI000B0A,PH112402090,2019-01-01,Y,0.5255702323115399,0.4544783780334178,0.4596165925026944,0.3681680678380598,0.0493203658364016
TMRWI000B0B,PH112402031,2019-01-01,Y,0.6889968813346635,0.6154330027781766,0.6150153945446262,0.5531753116916668,0.0338946417536129
TMRWI000B0C,PH097332054,2019-01-01,Y,0.3988314540131758,0.3034670981607246,0.3268631378407697,0.1795415243357049,0.0652898305031601
TMRWI000B0D,PH097332057,2019-01-01,Y,0.3407221714070212,0.2745666378081766,0.2733915285856305,0.1952887104118509,0.035636372778506
TMRWI000B0E,PH097332084,2019-01-01,Y,0.5290732855983529,0.4184365333905392,0.415611422712888,0.355668953616004,0.0468454931128106
TMRWI000B0F,PH112402088,2019-01-01,Y,0.4803480453206179,0.3712185221382532,0.3696108757216013,0.2915736050911829,0.0383358282616023
TMRWI000B10,PH112402032,2019-01-01,Y,0.5152529238484099,0.4184715917786951,0.4166715168096172,0.3531360567931863,0.0377659838252639
TMRWI000B11,PH097332058,2019-01-01,Y,0.3592292990129915,0.2615812707706441,0.2681325762357881,0.1855738284880556,0.0450871199422541
TMRWI000B12,PH112402087,2019-01-01,Y,0.6520556224878333,0.5785341198438994,0.5759184188612604,0.5074386469707952,0.0359568113627259
TMRWI000B13,PH112402086,2019-01-01,Y,0.6789003156876808,0.6178848241592757,0.6195611807148282,0.5570073117912755,0.0306870857937317
TMRWI000B14,PH112402033,2019-01-01,Y,0.5201013130923753,0.485316569636133,0.4826444154978853,0.4347940149982539,0.023171947742309
TMRWI000B15,PH097332083,2019-01-01,Y,0.4812312554068269,0.416211088912034,0.4083501851942179,0.34736587098119,0.0348882293072065
TMRWI000B16,PH097332059,2019-01-01,Y,0.6653617216209027,0.498696737866341,0.4950049934831318,0.3151975114349687,0.0954945660423073
TMRWI000B17,PH112402083,2019-01-01,Y,0.479248555197297,0.422305467994312,0.4260358652644652,0.3557235201059983,0.0311814468047021
TMRWI000B18,PH112402082,2019-01-01,Y,0.5952836300629818,0.4922104646496056,0.4860724931867361,0.4150932694451961,0.0371368458101431
TMRWI000B19,PH112402034,2019-01-01,Y,0.4166051901385287,0.3019296157664039,0.2964755655388051,0.1807226132341226,0.059043009992192
TMRWI000B1A,PH097332060,2019-01-01,Y,0.453136099481084,0.3757791202118558,0.3681475678702001,0.3156434305317078,0.036252515011985
TMRWI000B1B,PH112402089,2019-01-01,Y,0.4384033513489234,0.3221959527728384,0.3229081385550245,0.2482738611873988,0.0416061491713169
TMRWI000B1C,PH097332086,2019-01-01,Y,0.4737525639991902,0.4019415815575823,0.3961695503523183,0.34736587098119,0.0484503060452023
TMRWI000B1D,PH112402100,2019-01-01,Y,0.5192195710006936,0.4484953549405802,0.4512812184401335,0.3884289405058434,0.0378015930555341
TMRWI000B1E,PH112402027,2019-01-01,Y,0.4535538216190779,0.4146168012284418,0.4249614687202819,0.3557235201059983,0.026428991598957
TMRWI000B1F,PH112402116,2019-01-01,Y,0.6601634088792888,0.6133550389989331,0.6128749596450427,0.5580940059793548,0.0308487833849775
TMRWI000B20,PH112402019,2019-01-01,Y,0.5767522362539286,0.5165526178390736,0.522618279904309,0.4446216467146833,0.0335918439896527
TMRWI000B21,PH112402115,2019-01-01,Y,0.5380380776987598,0.4652186249316906,0.4628128518517314,0.4044852242162819,0.0378483305644143
TMRWI000B22,PH097332048,2019-01-01,Y,0.5959481782195197,0.5062322286058362,0.509921100333038,0.4084845732028865,0.0482433705976784
TMRWI000B23,PH112402114,2019-01-01,Y,0.4787264696482476,0.4140481137000578,0.4102737798061386,0.3527258207516125,0.0346817411487377
TMRWI000B24,PH112402020,2019-01-01,Y,0.6659163875161854,0.605400881920082,0.603029524311401,0.5285859769285574,0.037624432207134
TMRWI000B25,PH097332089,2019-01-01,Y,0.4481326985388858,0.3819827356370013,0.3789829617832115,0.3414967651401578,0.0277688768345556
TMRWI000B26,PH112402113,2019-01-01,Y,0.553573189686587,0.460476236365519,0.4642794435396373,0.3669179158703459,0.0512823432509759
TMRWI000B27,PH097332049,2019-01-01,Y,0.2928041378873452,0.2531836794052512,0.2641691348875568,0.1915923099585461,0.043892784054232
TMRWI000B28,PH112402112,2019-01-01,Y,0.5515698842750324,0.4733390085889729,0.4682322286889021,0.4200632462543527,0.0301056163651753
TMRWI000B29,PH112402021,2019-01-01,Y,0.7166138423202973,0.6415162134709622,0.6449183579469087,0.5179764069808442,0.0397440701235566
TMRWI000B2A,PH112402110,2019-01-01,Y,0.6641869382091582,0.5782898891628934,0.5690782750711244,0.5217532028662282,0.0358015217139652
TMRWI000B2B,PH112402022,2019-01-01,Y,0.5343507082355721,0.4778788580979313,0.4761535242805458,0.4065418915625179,0.0360448329868922
TMRWI000B2C,PH097332050,2019-01-01,Y,0.4571738586917446,0.4214912329172404,0.423527506807944,0.3610067771155175,0.0253113304260219
TMRWI000B2D,PH112402108,2019-01-01,Y,0.4087329994999563,0.3571308677754921,0.3667005304605774,0.2644797166546868,0.0368972144036917
TMRWI000B2E,PH097332088,2019-01-01,Y,0.4905790157081351,0.370748693853327,0.3674400107264247,0.3246004967693777,0.036806809880646
TMRWI000B2F,PH112402107,2019-01-01,Y,0.5437985638946801,0.4933410804289311,0.5017690775881877,0.4200632462543527,0.0280353314394003
TMRWI000B30,PH112402023,2019-01-01,Y,0.6952413044996715,0.608496226389565,0.6122332011863312,0.5248326326036347,0.0410616941999459
TMRWI000B31,PH097332051,2019-01-01,Y,0.4634260515225507,0.3986137135111938,0.3993814645621846,0.3263203902653355,0.0321349740490569
TMRWI000B32,PH112402106,2019-01-01,Y,0.4591154263115077,0.3223908196582167,0.3171016967142892,0.1973004400129332,0.0521445526503204
TMRWI000B33,PH112402105,2019-01-01,Y,0.4946350555418794,0.4348580213442382,0.4337920128161641,0.3451859770049779,0.0244972794850615
TMRWI000B34,PH112402024,2019-01-01,Y,0.4798200154683385,0.4294407837500999,0.4269108146762894,0.4004688432749959,0.0178712292500768
TMRWI000B35,PH097332087,2019-01-01,Y,0.6908428683659613,0.6116336783978675,0.60444693439672,0.5530174280077205,0.0359275925080251
TMRWI000B36,PH097332052,2019-01-01,Y,0.6445349603228658,0.5480566591218344,0.5508288002861791,0.4836501360629019,0.0474346896703859
TMRWI000B37,PH112402104,2019-01-01,Y,0.6034400645366612,0.5232986198386509,0.5193888732785169,0.4600107535250538,0.033632064867667
TMRWI000B38,PH112402102,2019-01-01,Y,0.4244851340632767,0.3757891154311861,0.3718443025127185,0.3272492469442882,0.0249736996140448
TMRWI000B39,PH112402026,2019-01-01,Y,0.7167943085693337,0.569646089608354,0.5645421507434949,0.4907947391100649,0.0426069939154429
TMRWI000B3A,PH097332053,2019-01-01,Y,0.5855438704430616,0.471348917206498,0.4783405519138234,0.3983052842985246,0.0441529613962809
TMRWI000B3B,PH112402101,2019-01-01,Y,0.6608556990314751,0.6017632686332153,0.6039000053117605,0.5317151293144259,0.0341539930415791
TMRWI000B3C,PH112402081,2019-01-01,Y,0.672762538325708,0.5343077590179856,0.5291548989943834,0.4674157386833605,0.0349380537040883
TMRWI000B3D,PH112402035,2019-01-01,Y,0.6715505995010785,0.602223877082705,0.6051869612481668,0.5266231284127052,0.0407157169455762
TMRWI000B3E,PH112402080,2019-01-01,Y,0.5928592519261615,0.5182795710799601,0.5207135875730856,0.4610885064737486,0.0357495222982459
TMRWI000B3F,PH097332082,2019-01-01,Y,0.3846109143186941,0.3461949620453612,0.3485376836782656,0.3157249035138548,0.0190264708011687
TMRWI000B40,PH097332068,2019-01-01,Y,0.6445349603228658,0.6106584178514092,0.6228594161050383,0.5523798788726942,0.0413864594552456
TMRWI000B41,PH112402064,2019-01-01,Y,0.5546737343600175,0.4573248801856602,0.4601078198550606,0.3715386205796826,0.0406220179627052
TMRWI000B42,PH112402044,2019-01-01,Y,0.4994973077339052,0.4339127028520713,0.4330355948269803,0.373835666828928,0.0317520862637482
TMRWI000B43,PH112402063,2019-01-01,Y,0.6564259354468481,0.5565438061994049,0.5556790215419926,0.4715814258537479,0.0432996416414315
TMRWI000B44,PH097332069,2019-01-01,Y,0.4984964442843644,0.3845015853592844,0.379583578321937,0.2574578885453037,0.0581704637916996
TMRWI000B45,PH112402062,2019-01-01,Y,0.4127614192239713,0.3460559742888953,0.3485281417226176,0.2933726260796401,0.0334499334388152
TMRWI000B46,PH112402045,2019-01-01,Y,0.4320203320810753,0.3372982215054645,0.3346334465492957,0.2418669224444068,0.0356595549229974
TMRWI000B47,PH097332077,2019-01-01,Y,0.661846137309825,0.6178093927057317,0.6102315449899334,0.588928343533235,0.0324706177648153
TMRWI000B48,PH112402061,2019-01-01,Y,0.6835971909715317,0.6159530174301477,0.6160501211116203,0.5285859769285574,0.0336781646562903
TMRWI000B49,PH097332070,2019-01-01,Y,0.661846137309825,0.6153547693602632,0.6177565695039966,0.588928343533235,0.0245435703994946
TMRWI000B4A,PH112402060,2019-01-01,Y,0.3616156606609136,0.2950234591836223,0.2982272361961246,0.2221100937864578,0.0443886362971055
TMRWI000B4B,PH112402047,2019-01-01,Y,0.4666994417145012,0.4136516215443317,0.417733842470201,0.3490387086988397,0.0300432071227022
TMRWI000B4C,PH112402059,2019-01-01,Y,0.6797751219139045,0.5925424658232936,0.5900767140270324,0.5353409340467417,0.0395336390446481
TMRWI000B4D,PH112402048,2019-01-01,Y,0.5237785535582001,0.4637454567983347,0.4682714405326862,0.4026264775052137,0.0305061766769666
TMRWI000B4E,PH097332071,2019-01-01,Y,0.6364514803106973,0.5973049940037265,0.6130783761928766,0.5300657524472362,0.0379211585075402
TMRWI000B4F,PH112402058,2019-01-01,Y,0.615389377289183,0.5394375988029385,0.533544975493608,0.5014244193554831,0.0255967971345504
TMRWI000B50,PH097332076,2019-01-01,Y,0.6653617216209027,0.6119115630082479,0.6121708955502143,0.5300657524472362,0.0295421167752227
TMRWI000B51,PH112402057,2019-01-01,Y,0.666942813070455,0.5924447581977815,0.5945733132750262,0.5317802018784248,0.0365815011381475
TMRWI000B52,PH112402049,2019-01-01,Y,0.6509215924400387,0.5683568898493222,0.5696424009168967,0.5022679741121863,0.038005825666583
TMRWI000B53,PH097332072,2019-01-01,Y,0.6611516678646767,0.5575481933818036,0.5609511887954418,0.4154312089918298,0.0642730854163138
TMRWI000B54,PH112402056,2019-01-01,Y,0.5790604083704761,0.4810703015347826,0.4787819010297389,0.4065418915625179,0.0343710193909718
TMRWI000B55,PH112402055,2019-01-01,Y,0.6303735525111914,0.5755338601126072,0.5740850036380414,0.5199237061815583,0.0244862321379332
TMRWI000B56,PH112402050,2019-01-01,Y,0.6832349070449176,0.5436067203412179,0.5474751345972664,0.4401529829106326,0.0551683580837523
TMRWI000B57,PH097332075,2019-01-01,Y,0.6908428683659613,0.6115170006427145,0.6066145278083979,0.5530174280077205,0.0487654291885149
TMRWI000B58,PH097332073,2019-01-01,Y,0.4550735152363044,0.3735940646391827,0.3655930687316264,0.3045459074377308,0.0387654279413054
TMRWI000B59,PH112402054,2019-01-01,Y,0.4693713478551043,0.4124719350654582,0.4135464867675834,0.322799074966265,0.030675862411781
TMRWI000B5A,PH112402053,2019-01-01,Y,0.5302192814544354,0.4419042312410269,0.440487650458515,0.3639814083168442,0.0360083879024674
TMRWI000B5B,PH112402051,2019-01-01,Y,0.5304404989660337,0.4370489766015726,0.4300402567021831,0.3669179158703459,0.0447062368528473
TMRWI000B5C,PH097332074,2019-01-01,Y,0.6445349603228658,0.514000527162147,0.4655791558133792,0.4501857933790335,0.0798001850949524
TMRWI000B5D,PH097332078,2019-01-01,Y,0.4263097214347057,0.3312745966761405,0.3483474706730098,0.1723657878931558,0.0629416212436142
TMRWI000B5E,PH097332047,2019-01-01,Y,0.6075132999342141,0.532030343157716,0.5272099033112414,0.4757559168815166,0.0350767853264367
TMRWI000B5F,PH112402065,2019-01-01,Y,0.4271693020145806,0.3087403861914883,0.3112977655956401,0.1783031440578683,0.0449359262172792
TMRWI000B60,PH112402066,2019-01-01,Y,0.5786899667809781,0.5115245640643405,0.5107059266518733,0.4604825524956016,0.0333020412871701
TMRWI000B61,PH097332061,2019-01-01,Y,0.5985092238578313,0.563592472778404,0.5568237240519054,0.5354444704254754,0.0320726168384
TMRWI000B62,PH112402079,2019-01-01,Y,0.6807552140017122,0.5588484226895539,0.5541264161241873,0.5037833207879864,0.0370354866745404
TMRWI000B63,PH112402036,2019-01-01,Y,0.6443641057860892,0.6169660332324213,0.6105994189434696,0.5996548987873926,0.0184745833767545
TMRWI000B64,PH112402078,2019-01-01,Y,0.5653554876331545,0.5119493752338927,0.5150857460382854,0.4715814258537479,0.0247552259381255
TMRWI000B65,PH097332062,2019-01-01,Y,0.6066145278083979,0.5877189548128424,0.5937187836955331,0.5568237240519054,0.0218285019316654
TMRWI000B66,PH112402077,2019-01-01,Y,0.6555504010311973,0.5971807523433809,0.5960358065271076,0.5512471394629057,0.0308136057043487
TMRWI000B67,PH112402037,2019-01-01,Y,0.5649033232192744,0.4934181054627806,0.4946459995626002,0.4089553056386329,0.0338521429731421
TMRWI000B68,PH097332081,2019-01-01,Y,0.4257854218955642,0.36756895860473,0.3603755499318137,0.3296301817046448,0.0224575682545226
TMRWI000B69,PH112402075,2019-01-01,Y,0.6708996137043199,0.613066573719198,0.608969048350071,0.5512471394629057,0.0313162559456412
TMRWI000B6A,PH097332063,2019-01-01,Y,0.6350409621201782,0.591970392898061,0.5991068133593405,0.5354444704254754,0.0334735549802469
TMRWI000B6B,PH112402074,2019-01-01,Y,0.671644246564027,0.6165194301581461,0.6109220039975569,0.5588811213146512,0.0321210493104839
TMRWI000B6C,PH112402038,2019-01-01,Y,0.3726325602532879,0.2488631495989544,0.2310098496051945,0.1896349544335974,0.0481810458531554
TMRWI000B6D,PH112402073,2019-01-01,Y,0.4704936984299052,0.3662484897618416,0.3658610617905006,0.2351800691436334,0.0427390768554392
TMRWI000B6E,PH112402039,2019-01-01,Y,0.4203056529480842,0.3867476394891876,0.3923421806635027,0.3574001244641351,0.0211060133257048
TMRWI000B6F,PH097332064,2019-01-01,Y,0.6066145278083979,0.5877142182403842,0.5997044028608495,0.5568237240519054,0.0269741437325453
TMRWI000B70,PH112402072,2019-01-01,Y,0.6383310446480761,0.5545847741590813,0.5535073854680637,0.4425639484560124,0.0496993078364157
TMRWI000B71,PH097332080,2019-01-01,Y,0.5859503070956821,0.4897327771419916,0.5022655957118842,0.390221234681929,0.0572622086425092
TMRWI000B72,PH112402071,2019-01-01,Y,0.3736590575583477,0.2832711350093368,0.2819861069859716,0.1966794508682105,0.0425496381850855
TMRWI000B73,PH112402040,2019-01-01,Y,0.6720183694822472,0.6273580533271705,0.6312009544563992,0.5772183270496631,0.0342361948951831
TMRWI000B74,PH097332065,2019-01-01,Y,0.635394837536452,0.576917896067368,0.5907464698707932,0.5130120127677027,0.0394468182236611
TMRWI000B75,PH112402070,2019-01-01,Y,0.5295251328444899,0.4464852810140942,0.4425398681669721,0.3837725527089355,0.0320796960116405
TMRWI000B76,PH112402069,2019-01-01,Y,0.6790013616114492,0.5295717044098599,0.5379473159393042,0.4251741039271816,0.0623634222319234
TMRWI000B77,PH112402041,2019-01-01,Y,0.4500603185671326,0.3942522718416689,0.3982147105004242,0.3422740679844579,0.0275249778970881
TMRWI000B78,PH097332079,2019-01-01,Y,0.4645890340701705,0.3764360806913795,0.365712921406447,0.3273400406992218,0.0351096359542521
TMRWI000B79,PH097332066,2019-01-01,Y,0.4270250997420208,0.2673498933479867,0.2580683789495532,0.167751400398345,0.0595240100297113
TMRWI000B7A,PH112402068,2019-01-01,Y,0.5459241610601411,0.4911558464527967,0.5027017580937954,0.409610987686605,0.0396881247293805
TMRWI000B7B,PH112402067,2019-01-01,Y,0.4659093899775955,0.351342640962886,0.3631909984621381,0.1954089738023194,0.0529691455622212
TMRWI000B7C,PH112402042,2019-01-01,Y,0.5190131452284686,0.4128161782710104,0.3909739758632846,0.3655278912697406,0.0446771732633764
TMRWI000B7D,PH097332067,2019-01-01,Y,0.563926663563931,0.4774689412002348,0.4798938954090825,0.4067876652679957,0.0421774367457118
TMRWI000B7E,PH112402043,2019-01-01,Y,0.6797751219139045,0.6041984677284917,0.5986783602468894,0.5348122730080387,0.0388276835531062
TMRWI000B7F,PH097332090,2019-01-01,Y,0.4066034144423325,0.3743383793485298,0.3668692464357777,0.3559262249622258,0.0175993565750691
TMRWI000B80,PH112402117,2019-01-01,Y,0.7167943085693337,0.5462483257178444,0.5345940038334183,0.5021956131830647,0.0432786069702295
TMRWI000B81,PH112402018,2019-01-01,Y,0.5437275462016619,0.5183066822803353,0.5188254855532857,0.4792139440556272,0.0141135948783401
TMRWI000B82,PH097332025,2019-01-01,Y,0.3682475058934273,0.2595247452898308,0.246963438156021,0.2011424975776078,0.0447540693664559
TMRWI000B83,PH112402160,2019-01-01,Y,0.6748982769399561,0.6322028382942011,0.6148076998108586,0.6069025381317887,0.0371859954305129
TMRWI000B84,PH112402159,2019-01-01,Y,0.6748982769399561,0.6208733165170699,0.6108551189713236,0.5868847511856761,0.0378853237929859
TMRWI000B85,PH104305074,2019-01-01,Y,0.6095935343391138,0.6095935343391138,0.6095935343391138,0.6095935343391138,
TMRWI000B86,PH097332026,2019-01-01,Y,0.6414289414687047,0.5485298916223654,0.5448522002615718,0.495384378592602,0.0358974704367308
TMRWI000B87,PH112402158,2019-01-01,Y,0.5868847511856761,0.5868847511856761,0.5868847511856761,0.5868847511856761,
TMRWI000B88,PH097332101,2019-01-01,Y,0.6908428683659613,0.5799949631485224,0.55700833204176,0.4836501360629019,0.0688757161756873
TMRWI000B89,PH112402157,2019-01-01,Y,0.6060543210226047,0.5641824276307112,0.5637971098914836,0.5230811697172735,0.0387683038871875
TMRWI000B8A,PH097332027,2019-01-01,Y,0.3818808941165269,0.2724641041815205,0.2613034598399814,0.2023539650282956,0.0483116941620421
TMRWI000B8B,PH112402156,2019-01-01,Y,0.6748982769399561,0.625530242645497,0.6148076998108586,0.5868847511856761,0.0449758254238353
TMRWI000B8C,PH104305076,2019-01-01,Y,0.612859933834524,0.5818881555231457,0.5745021627029597,0.5583023700319532,0.0280186832216072
TMRWI000B8D,PH112402155,2019-01-01,Y,0.6748982769399561,0.6226124497160789,0.6060543210226047,0.5868847511856761,0.0462841646602493
TMRWI000B8E,PH097332028,2019-01-01,Y,0.5054269851623185,0.4304587062574764,0.4489599689995188,0.3423822593981861,0.0440217722725287
TMRWI000B8F,PH112402154,2019-01-01,Y,0.6060543210226047,0.5964695361041403,0.5964695361041403,0.5868847511856761,0.0135549328241212
TMRWI000B90,PH097332100,2019-01-01,Y,0.4149844838002881,0.3253821328716688,0.3388549629427331,0.2372244021852544,0.0410785019420846
TMRWI000B91,PH104305077,2019-01-01,Y,0.6095935343391138,0.5815542729566004,0.5745021627029597,0.5605671218277277,0.0252625508451992
TMRWI000B92,PH112402153,2019-01-01,Y,0.6241242226902809,0.5610396925781709,0.5601413911968985,0.5179764069808442,0.0398630104493588
TMRWI000B93,PH097332030,2019-01-01,Y,0.4967209727441401,0.4037928108409448,0.4009566815307653,0.3174807804857322,0.0550681598555881
TMRWI000B94,PH112402152,2019-01-01,Y,0.7166138423202973,0.6184035687085329,0.6326069986572328,0.5179764069808442,0.0530974690181062
TMRWI000B95,PH104305078,2019-01-01,Y,0.6218881560851507,0.6025274139913893,0.6025274139913893,0.5831666718976279,0.027380224046605
TMRWI000B96,PH112402151,2019-01-01,Y,0.5848299768069544,0.5533019973208768,0.545097334482244,0.5379723574771443,0.0197681886808709
TMRWI000B97,PH097332099,2019-01-01,Y,0.6094375307429692,0.5962303940038101,0.5940922514545177,0.5842174590292226,0.0099181381189822
TMRWI000B98,PH097332031,2019-01-01,Y,0.6555828872997473,0.6141409496692325,0.6258533455834253,0.540481600807809,0.0333906302235552
TMRWI000B99,PH112402150,2019-01-01,Y,0.5848299768069544,0.5537570869750806,0.5384689266411431,0.5379723574771443,0.0269110573391586
TMRWI000B9A,PH104305079,2019-01-01,Y,0.6218881560851507,0.5936621296606875,0.5831666718976279,0.5759315609992841,0.0247106886430487
TMRWI000B9B,PH112402149,2019-01-01,Y,0.5871758225049133,0.5621117708575387,0.5616494517240487,0.5379723574771443,0.0276044617621417
TMRWI000B9C,PH104305080,2019-01-01,Y,0.5975313704491226,0.5867314657242033,0.5867314657242033,0.5759315609992841,0.0152733717343181
TMRWI000B9D,PH097332032,2019-01-01,Y,0.4921359996446057,0.3195742425824465,0.3207441227922872,0.1620807190321425,0.0706867831881703
TMRWI000B9E,PH112402148,2019-01-01,Y,0.6069025381317887,0.5792201737302002,0.5860028996559339,0.5379723574771443,0.0292258896784725
TMRWI000B9F,PH104305073,2019-01-01,Y,0.5302223604312789,0.5302223604312789,0.5302223604312789,0.5302223604312789,
TMRWI000BA0,PH112402147,2019-01-01,Y,0.6069025381317887,0.5677483438444557,0.5630592398844448,0.5379723574771443,0.0347699813100893
TMRWI000BA1,PH097332102,2019-01-01,Y,0.5495699091716862,0.4870880826938752,0.4913553614024863,0.4374172614217928,0.0313405728204049
TMRWI000BA2,PH112402162,2019-01-01,Y,0.5389426572639764,0.5310119134906249,0.5310119134906249,0.5230811697172735,0.0112157654039796
TMRWI000BA3,PH097332018,2019-01-01,Y,0.3785094591922395,0.2518322694834961,0.2312564259801441,0.1611173194684752,0.0546725699991673
TMRWI000BA4,PH112402174,2019-01-01,Y,0.5798804472434889,0.52355359488161,0.5226555805005008,0.4726081024348619,0.0254456225063197
TMRWI000BA5,PH112402173,2019-01-01,Y,0.597953182558418,0.5797049756463798,0.5750066326105518,0.5661551117701694,0.0164114334208
TMRWI000BA6,PH104305065,2019-01-01,Y,0.5187532112830031,0.4472511963756804,0.4456641087797577,0.361970309544131,0.039468035410184
TMRWI000BA7,PH097332019,2019-01-01,Y,0.6399100566375823,0.5735879202024702,0.5674322996299663,0.5046349448067291,0.044246810405292
TMRWI000BA8,PH112402172,2019-01-01,Y,0.6501672900785116,0.5950415394744499,0.597953182558418,0.5370041457864202,0.056637730847947
TMRWI000BA9,PH097332901,2019-01-01,Y,0.4892236332412989,0.3159351113574329,0.3086340518397821,0.1822572423426982,0.0943360078497098
TMRWI000BAA,PH112402171,2019-01-01,Y,0.597953182558418,0.5585555989807097,0.540709468597291,0.5370041457864202,0.0341695704992771
TMRWI000BAB,PH104305067,2019-01-01,Y,0.6947040310178038,0.5006990439861846,0.5105877215729068,0.35891158582958,0.0662257339271678
TMRWI000BAC,PH097332020,2019-01-01,Y,0.6399100566375823,0.6116878393162093,0.6128520745252091,0.570643443812138,0.0285809754573183
TMRWI000BAD,PH112402170,2019-01-01,Y,0.6501672900785116,0.5814585217551602,0.5693313255778545,0.5370041457864202,0.0536334645395933
TMRWI000BAE,PH104305068,2019-01-01,Y,0.3701530852933588,0.3257887648919176,0.3311343037667826,0.269828553800422,0.0265799753338495
TMRWI000BAF,PH112402169,2019-01-01,Y,0.540709468597291,0.540709468597291,0.540709468597291,0.540709468597291,
TMRWI000BB0,PH097332021,2019-01-01,Y,0.661846137309825,0.6014279350035157,0.6030637792579476,0.5300657524472362,0.0342657804734586
TMRWI000BB1,PH112402168,2019-01-01,Y,0.540709468597291,0.5388568071918556,0.5388568071918556,0.5370041457864202,0.0026200588860519
TMRWI000BB2,PH097332104,2019-01-01,Y,0.5829054031306281,0.5112500292812253,0.5074363766786609,0.4645331403230419,0.0313864846266945
TMRWI000BB3,PH104305069,2019-01-01,Y,0.4239676933151862,0.3382706577902792,0.336916248935725,0.2762976449053186,0.0349837324782701
TMRWI000BB4,PH112402167,2019-01-01,Y,0.5886606367605135,0.5473638552153746,0.5388568071918556,0.5230811697172735,0.0285579960880889
TMRWI000BB5,PH097332022,2019-01-01,Y,0.4918741776707963,0.4521990199601169,0.4594045332872348,0.4060286473706497,0.0250644867231713
TMRWI000BB6,PH112402166,2019-01-01,Y,0.540709468597291,0.5318953191572822,0.5318953191572822,0.5230811697172735,0.0124650896788435
TMRWI000BB7,PH104305070,2019-01-01,Y,0.3854091953243586,0.2700508638377027,0.2546120926145171,0.1886648171763235,0.0450076737909958
TMRWI000BB8,PH112402165,2019-01-01,Y,0.6060543210226047,0.5623094234421787,0.558558877944352,0.5230811697172735,0.0327359135224392
TMRWI000BB9,PH097332103,2019-01-01,Y,0.4379406232115511,0.3717770929467408,0.3894236248553008,0.2634240344577412,0.0432854163382938
TMRWI000BBA,PH097332023,2019-01-01,Y,0.5855438704430616,0.4610819517845749,0.4628617613441264,0.3806277590873966,0.0453928888729789
TMRWI000BBB,PH112402164,2019-01-01,Y,0.6060543210226047,0.5733818948099478,0.5733818948099478,0.540709468597291,0.0462057882655735
TMRWI000BBC,PH104305071,2019-01-01,Y,0.3707464206941921,0.31366924861214,0.3116086349301,0.2651474365747153,0.0319505386696863
TMRWI000BBD,PH112402163,2019-01-01,Y,0.6069025381317887,0.5563087883710128,0.5389426572639764,0.5230811697172735,0.0445274334870151
TMRWI000BBE,PH104305072,2019-01-01,Y,0.3502789567132651,0.2596923631753839,0.2460609076355275,0.2042151715367124,0.0431570866156655
TMRWI000BBF,PH097332024,2019-01-01,Y,0.4675836564907055,0.2668617505761103,0.2491575824026768,0.1589812659842716,0.0705666063335887
TMRWI000BC0,PH112402161,2019-01-01,Y,0.6069025381317887,0.5639527790746787,0.5629137042248262,0.5230811697172735,0.0394400464520258
TMRWI000BC1,PH097332902,2019-01-01,Y,0.3889208072114492,0.2425535130162823,0.2320814656163381,0.1541823946661955,0.0651487535426538
TMRWI000BC2,PH097332098,2019-01-01,Y,0.4757559168815166,0.4254705737082307,0.4183205689216445,0.389259780059881,0.0243444583204457
TMRWI000BC3,PH097332033,2019-01-01,Y,0.461421687042237,0.3653605102973972,0.3450647606417254,0.3090705437129155,0.0487030145840665
TMRWI000BC4,PH112402131,2019-01-01,Y,0.6337412925438096,0.5228309124049165,0.5128580319722509,0.4714775247456301,0.034239333517255
TMRWI000BC5,PH112402129,2019-01-01,Y,0.6641869382091582,0.5496783729098518,0.5451494516714016,0.4990564508153137,0.033038090077538
TMRWI000BC6,PH112402010,2019-01-01,Y,0.6797751219139045,0.5983649162412988,0.5912398740774145,0.5370968775443439,0.0430000858629025
TMRWI000BC7,PH097332041,2019-01-01,Y,0.4103446442898342,0.3449897185131956,0.3395917946972369,0.3150648454231495,0.02067341994513
TMRWI000BC8,PH112402128,2019-01-01,Y,0.5043565706457508,0.3926065275614952,0.3865104975386901,0.3428587910900114,0.0377915734868624
TMRWI000BC9,PH097332093,2019-01-01,Y,0.4921359996446057,0.44884884664853,0.4555086039395328,0.3962252693271004,0.0295507409333919
TMRWI000BCA,PH112402127,2019-01-01,Y,0.6612230631650844,0.5580129471237254,0.5569683226796165,0.5031466576142889,0.0388651058280025
TMRWI000BCB,PH112402012,2019-01-01,Y,0.5902717407467197,0.5499349347596764,0.5449020372473781,0.5071247887170707,0.025838673521869
TMRWI000BCC,PH097332042,2019-01-01,Y,0.3740231836241531,0.2864629929252589,0.2876376690069109,0.1952887104118509,0.0519929431143709
TMRWI000BCD,PH112402126,2019-01-01,Y,0.6720183694822472,0.610171533741837,0.6054655831982754,0.5515864386452741,0.0383774670823928
TMRWI000BCE,PH112402013,2019-01-01,Y,0.5014939700455635,0.4191424364988432,0.4073550534139152,0.3566953758051076,0.0383288412613848
TMRWI000BCF,PH112402125,2019-01-01,Y,0.6864879572811503,0.6061347757978074,0.600632141567133,0.5260505490169163,0.0399259603219233
TMRWI000BD0,PH097332043,2019-01-01,Y,0.4629541013842156,0.3965080079435906,0.4024161363677008,0.3174209183427384,0.0451519664794507
TMRWI000BD1,PH112402124,2019-01-01,Y,0.6190760501756734,0.5264400865596245,0.5214712310283914,0.4574516223080859,0.0469727515434789
TMRWI000BD2,PH097332092,2019-01-01,Y,0.6448301379709686,0.5662106062451615,0.5565859052541051,0.495384378592602,0.0445885154325842
TMRWI000BD3,PH112402014,2019-01-01,Y,0.6443641057860892,0.5358585981712272,0.5322629954043643,0.4350011342668118,0.0505549152562568
TMRWI000BD4,PH112402123,2019-01-01,Y,0.524428668045968,0.4501965751614655,0.4524582871248719,0.3777582396477788,0.0385193116371609
TMRWI000BD5,PH097332044,2019-01-01,Y,0.5890205585070593,0.4992473695417987,0.4983580002205041,0.4480019802386448,0.0397813076233085
TMRWI000BD6,PH112402122,2019-01-01,Y,0.4667087776503718,0.4105993269935816,0.4079715432039886,0.3446431746172532,0.0270615996503308
TMRWI000BD7,PH112402015,2019-01-01,Y,0.5554283322908533,0.4617465194269853,0.4608196201843892,0.3906293364696225,0.0450120001680699
TMRWI000BD8,PH112402121,2019-01-01,Y,0.3812534824852985,0.2759496615755295,0.271360987420304,0.2005517567203237,0.0494033414945827
TMRWI000BD9,PH112402016,2019-01-01,Y,0.5250887911108297,0.4791930994166926,0.4806275645471634,0.4368673866197294,0.0206675139383313
TMRWI000BDA,PH097332091,2019-01-01,Y,0.4169486115023448,0.3087988783144587,0.3151259603770021,0.1958500398290341,0.0525044474734756
TMRWI000BDB,PH097332045,2019-01-01,Y,0.6402269198080569,0.5395580554333763,0.5272139441436734,0.4711117123914831,0.0432273372995746
TMRWI000BDC,PH112402120,2019-01-01,Y,0.5153669935224253,0.4103260267976739,0.4071166698304603,0.3478333069604348,0.0376115703022067
TMRWI000BDD,PH112402119,2019-01-01,Y,0.4165758550627062,0.3710245952014779,0.3672451095778596,0.2990867723166145,0.0240515241246482
TMRWI000BDE,PH112402017,2019-01-01,Y,0.5499541756339229,0.5096747679165172,0.5120379119471654,0.4773749420535662,0.0192663349623557
TMRWI000BDF,PH097332046,2019-01-01,Y,0.5565579793559383,0.4694456449823593,0.4601330648435642,0.4197926442393669,0.0382388062780562
TMRWI000BE0,PH112402118,2019-01-01,Y,0.4844618145262742,0.4256874754444401,0.4206679321462172,0.3593002246517232,0.0263986361770077
TMRWI000BE1,PH097332040,2019-01-01,Y,0.4317385604243249,0.3576881021807346,0.3528750723430393,0.3206572724874605,0.0275041928183343
TMRWI000BE2,PH104305081,2019-01-01,Y,0.5759315609992841,0.5759315609992841,0.5759315609992841,0.5759315609992841,
TMRWI000BE3,PH112402009,2019-01-01,Y,0.5515698842750324,0.5117858059506938,0.509749669839144,0.473391432432891,0.0221332744947491
TMRWI000BE4,PH112402133,2019-01-01,Y,0.4981517661760645,0.4323411099545464,0.4312093462674853,0.3639373844726632,0.0344979455951535
TMRWI000BE5,PH112402146,2019-01-01,Y,0.5389426572639764,0.5384575073705604,0.5384575073705604,0.5379723574771443,0.0006861055590528
TMRWI000BE6,PH112402145,2019-01-01,Y,0.576408287291413,0.5496051591286945,0.5420199958731102,0.5379723574771443,0.0181451479522734
TMRWI000BE7,PH112402001,2019-01-01,Y,0.5533908043706104,0.461718770333369,0.4572848372145599,0.391292227856917,0.0357572878003139
TMRWI000BE8,PH097332034,2019-01-01,Y,0.4165933569240538,0.3280367690115577,0.3133909171726881,0.2624365047918882,0.0431557089472154
TMRWI000BE9,PH112402144,2019-01-01,Y,0.576408287291413,0.5534827596792111,0.545097334482244,0.5389426572639764,0.0200911641061098
TMRWI000BEA,PH097332097,2019-01-01,Y,0.4910644118115448,0.393141479220757,0.4063133407913732,0.1651339779641669,0.0650935515388035
TMRWI000BEB,PH112402143,2019-01-01,Y,0.641045543521799,0.5987015934787212,0.6003956849199672,0.545097334482244,0.0303954027131
TMRWI000BEC,PH112402002,2019-01-01,Y,0.5911784808838046,0.5796800549101838,0.5860028996559339,0.5555359394450629,0.0163080791720031
TMRWI000BED,PH097332035,2019-01-01,Y,0.3910638102921476,0.2696238138768489,0.2699338777256869,0.1855738284880556,0.0603277111394153
TMRWI000BEE,PH112402142,2019-01-01,Y,0.641045543521799,0.5846862873682076,0.5848807078235173,0.5125625410006438,0.0411058708327162
TMRWI000BEF,PH112402003,2019-01-01,Y,0.5583483522014814,0.5295342259700013,0.5304404989660337,0.4857874974053534,0.0194815019880447
TMRWI000BF0,PH112402141,2019-01-01,Y,0.6558635929995316,0.6077163261115198,0.6167925401374955,0.5467902746531318,0.0336314213769142
TMRWI000BF1,PH097332036,2019-01-01,Y,0.3529691841302406,0.2575832804582856,0.262113582527246,0.1855738284880556,0.0476129962797769
TMRWI000BF2,PH112402140,2019-01-01,Y,0.6167925401374955,0.5691813542876611,0.5811007788865211,0.5125625410006438,0.040296993100238
TMRWI000BF3,PH097332096,2019-01-01,Y,0.3905436521031278,0.3211108757507181,0.338123298575992,0.1969516298434149,0.0454065331767696
TMRWI000BF4,PH112402004,2019-01-01,Y,0.4649130451662688,0.398186488479146,0.3918192237653627,0.3566953758051076,0.0265328929101755
TMRWI000BF5,PH112402139,2019-01-01,Y,0.6167925401374955,0.5646775405690696,0.5646775405690696,0.5125625410006438,0.0737017391927358
TMRWI000BF6,PH097332037,2019-01-01,Y,0.4851862875650699,0.4102020896067023,0.4081995319389102,0.3174807804857322,0.0416447503598932
TMRWI000BF7,PH112402138,2019-01-01,Y,0.6203919132810028,0.5687769999990672,0.5655520286476365,0.5125625410006438,0.0493846523325921
TMRWI000BF8,PH112402005,2019-01-01,Y,0.6529584518841594,0.6088295537344278,0.6101286463767697,0.5495079950891157,0.0279697856983677
TMRWI000BF9,PH112402137,2019-01-01,Y,0.5886606367605135,0.5536589027097476,0.5567062165389166,0.5125625410006438,0.0351612843873564
TMRWI000BFA,PH097332095,2019-01-01,Y,0.3669782282394793,0.2843784993207404,0.2807783895484715,0.2127528595168622,0.0528249486585575
TMRWI000BFB,PH097332038,2019-01-01,Y,0.4166898408136364,0.3450166719377683,0.3385804366896279,0.2750071066365597,0.0374936673203005
TMRWI000BFC,PH112402136,2019-01-01,Y,0.5886606367605135,0.5417033251190337,0.5327950613574888,0.5125625410006438,0.0329055290469545
TMRWI000BFD,PH112402006,2019-01-01,Y,0.672762538325708,0.5803426010087063,0.5714405639018012,0.5234997974429514,0.0362262592430746
TMRWI000BFE,PH112402135,2019-01-01,Y,0.5370041457864202,0.5260508879052072,0.5285859769285574,0.5125625410006438,0.0124164414545092
TMRWI000BFF,PH112402007,2019-01-01,Y,0.5490438395571491,0.4597305262832215,0.4601271850264735,0.3639373844726632,0.0426621196742057
TMRWI000C00,PH097332039,2019-01-01,Y,0.3189144357285952,0.2419008854238723,0.228024665758899,0.1571773105990347,0.0451803274156387
TMRWI000C01,PH112402134,2019-01-01,Y,0.597953182558418,0.5596374844709868,0.556005389198486,0.5285859769285574,0.0325615702689071
TMRWI000C02,PH097332094,2019-01-01,Y,0.6715929111278287,0.6188138087588273,0.6258533455834253,0.5457431360093552,0.0359282798408177
TMRWI000C03,PH104305021,2019-01-01,Y,0.5745021627029597,0.5664022663674564,0.5664022663674564,0.5583023700319532,0.0114549832514848
TMRWI000C04,PH083747129,2019-01-01,Y,0.6349372803457969,0.6079770362610921,0.6196424508302882,0.5670508802781236,0.0248859211238772
TMRWI000C05,PH072230018,2019-01-01,Y,0.5778684776842482,0.5774703180501455,0.5774703180501455,0.5770721584160428,0.0005630827545375
TMRWI000C06,PH083747006,2019-01-01,Y,0.6393888566631902,0.5840439223197926,0.5731941049037255,0.5503986228085294,0.0384298489486899
TMRWI000C07,PH050506045,2019-01-01,Y,0.573775717882559,0.5310693264545351,0.5336686776145073,0.4828144167006228,0.022979497943194
TMRWI000C08,PH072230027,2019-01-01,Y,0.63521790217149,0.5933758751941696,0.5919878748741854,0.562861101643266,0.0215511624555535
TMRWI000C09,PH072230026,2019-01-01,Y,0.6900325402666714,0.6202847858154211,0.6160961800688778,0.5527554372284273,0.0393215773735806
TMRWI000C0A,PH050506046,2019-01-01,Y,0.6902492279105046,0.6212346411706937,0.6103411879670699,0.5607412838990431,0.0503707622354135
TMRWI000C0B,PH072230025,2019-01-01,Y,0.6708406727917484,0.6433013852921734,0.6518416014858469,0.576802233125792,0.0296074977448499
TMRWI000C0C,PH050506047,2019-01-01,Y,0.5674589761484612,0.4770743366383586,0.4736966083291887,0.3908640683109124,0.0548007257797695
TMRWI000C0D,PH072230024,2019-01-01,Y,0.7025754626142492,0.6689346535851459,0.6837258577939694,0.5965467556868016,0.0421007285151752
TMRWI000C0E,PH050506048,2019-01-01,Y,0.3904360742995929,0.3096205564187889,0.2840059262936913,0.2558023624339974,0.0509765728123015
TMRWI000C0F,PH072230023,2019-01-01,Y,0.6708406727917484,0.6212957308515168,0.620037878950267,0.5598967962050576,0.0337670180536943
TMRWI000C10,PH050506049,2019-01-01,Y,0.5513007635519225,0.4736711288733731,0.4810948018782969,0.3986095188370741,0.0444358099874141
TMRWI000C11,PH072230022,2019-01-01,Y,0.6900325402666714,0.6263502118997154,0.6195124357275036,0.5721166523174759,0.0382493730819284
TMRWI000C12,PH072230021,2019-01-01,Y,0.6571897749493756,0.62153468629241,0.6202238892239353,0.5598967962050576,0.0282407914400138
TMRWI000C13,PH050506050,2019-01-01,Y,0.3899859873588732,0.3172321474158444,0.3250776511730687,0.2372030542891977,0.0364497157700927
TMRWI000C14,PH072230020,2019-01-01,Y,0.6398797926850147,0.5923998811600643,0.5917038690398881,0.5537053785669076,0.0250952622153464
TMRWI000C15,PH050506051,2019-01-01,Y,0.7025837330971099,0.6527001359111048,0.6637394783209067,0.5607412838990431,0.0462303711550588
TMRWI000C16,PH072230019,2019-01-01,Y,0.63521790217149,0.5971858715956823,0.590779835547754,0.562861101643266,0.0232121629174191
TMRWI000C17,PH050506044,2019-01-01,Y,0.4105526289833496,0.3099456078299037,0.2998880280085062,0.2178848654498377,0.048856916220442
TMRWI000C18,PH083747008,2019-01-01,Y,0.6883744307836805,0.6145406141320883,0.6045036602944096,0.5607807051558532,0.0573427496767076
TMRWI000C19,PH050506043,2019-01-01,Y,0.6440514659490332,0.6106624372584256,0.5989051515452867,0.5890306942809569,0.0293342232595807
TMRWI000C1A,PH083747010,2019-01-01,Y,0.6393888566631902,0.5691015616918064,0.5731941049037255,0.5005897092216991,0.0449309694886876
TMRWI000C1B,PH083747022,2019-01-01,Y,0.41753505971948,0.3992376140188177,0.4004407686740162,0.3680980430120186,0.0162456412003951
TMRWI000C1C,PH050506034,2019-01-01,Y,0.6272755158848348,0.6272755158848348,0.6272755158848348,0.6272755158848348,
TMRWI000C1D,PH083747021,2019-01-01,Y,0.5964576866284137,0.5371501294875773,0.5546239681398049,0.4844572483177468,0.0470508585340186
TMRWI000C1E,PH050506035,2019-01-01,Y,0.6926987022167015,0.6249538190007542,0.6148721948122433,0.5989136690429072,0.0314010641693465
TMRWI000C1F,PH083747020,2019-01-01,Y,0.4652837913410425,0.4397238232817296,0.43724434152808,0.3975611208168207,0.0222646076664066
TMRWI000C20,PH050506037,2019-01-01,Y,0.6511289521945492,0.6003435941761468,0.5989136690429072,0.5272857479921894,0.0464334050492057
TMRWI000C21,PH083747019,2019-01-01,Y,0.5394632849771464,0.481278319322439,0.4652837913410425,0.4345384280655019,0.0367846999910457
TMRWI000C22,PH083747018,2019-01-01,Y,0.6083451376741513,0.5254128306807159,0.5029777721941956,0.4807412556761476,0.0413435087631506
TMRWI000C23,PH050506052,2019-01-01,Y,0.6283304330365594,0.5771548876995178,0.5694008621656035,0.5334679916357412,0.0448915173424578
TMRWI000C24,PH050506038,2019-01-01,Y,0.691472984629904,0.6753282600348377,0.6904603295255761,0.6440514659490332,0.027091230201016
TMRWI000C25,PH050506039,2019-01-01,Y,0.6440514659490332,0.6440514659490332,0.6440514659490332,0.6440514659490332,
TMRWI000C26,PH083747014,2019-01-01,Y,0.5730284877913971,0.5206530928513533,0.5005897092216991,0.4883410815409637,0.0457700089180622
TMRWI000C27,PH050506040,2019-01-01,Y,0.6904603295255761,0.6175150608269907,0.5989051515452867,0.5651276628341004,0.0498179695285183
TMRWI000C28,PH083747013,2019-01-01,Y,0.5730284877913971,0.5730284877913971,0.5730284877913971,0.5730284877913971,
TMRWI000C29,PH050506041,2019-01-01,Y,0.6440514659490332,0.6424799479678434,0.6424799479678434,0.6409084299866535,0.0022224620425118
TMRWI000C2A,PH083747012,2019-01-01,Y,0.5730284877913971,0.5730284877913971,0.5730284877913971,0.5730284877913971,
TMRWI000C2B,PH083747011,2019-01-01,Y,0.5730284877913971,0.5730284877913971,0.5730284877913971,0.5730284877913971,
TMRWI000C2C,PH050506042,2019-01-01,Y,0.7025837330971099,0.6763821413791703,0.6862105375887317,0.6409084299866535,0.0272777882460604
TMRWI000C2D,PH083747015,2019-01-01,Y,0.5730284877913971,0.5368090985065481,0.5368090985065481,0.5005897092216991,0.0512219515475042
TMRWI000C2E,PH050506053,2019-01-01,Y,0.6298888341061846,0.552466383053607,0.5411902086355773,0.5207604665133279,0.0352387623735479
TMRWI000C2F,PH072230017,2019-01-01,Y,0.6708406727917484,0.6194472518444096,0.6159371929035085,0.5770721584160428,0.0290037207590956
TMRWI000C30,PH072230016,2019-01-01,Y,0.6515489247299716,0.6034435119614856,0.5911896980949847,0.5737130761495067,0.0282719297586227
TMRWI000C31,PH050506064,2019-01-01,Y,0.6509407966482839,0.5990453473495029,0.601427088410601,0.5272857479921894,0.0393929151813006
TMRWI000C32,PH072230003,2019-01-01,Y,0.7058079791582267,0.6557141404888814,0.6439476718505177,0.6184060360619842,0.0274358642464009
TMRWI000C33,PH050506065,2019-01-01,Y,0.4028180355893006,0.3041219715996558,0.2951839417047955,0.2372030542891977,0.0435331720678614
TMRWI000C34,PH072230002,2019-01-01,Y,0.641636437632275,0.6105924089012817,0.6118305197784047,0.5770721584160428,0.0265434987818095
TMRWI000C35,PH072230001,2019-01-01,Y,0.6258840017373217,0.597501368477456,0.5937417320284396,0.5795509836282257,0.0187658795541796
TMRWI000C36,PH050506066,2019-01-01,Y,0.6298888341061846,0.564644400909127,0.5582963226168012,0.5221603300287295,0.0396184974987773
TMRWI000C37,PH063022202,2019-01-01,Y,0.5926799853652243,0.5742856593196831,0.5652247055685642,0.5649522870252608,0.0159305359598458
TMRWI000C38,PH050506067,2019-01-01,Y,0.6294951151235125,0.5853242549414761,0.5834595685007653,0.544882767640861,0.0368383466082306
TMRWI000C39,PH072230004,2019-01-01,Y,0.636754425616429,0.6057815712307411,0.6080798797217258,0.5598967962050576,0.0258944272230316
TMRWI000C3A,PH063022201,2019-01-01,Y,0.668225626563154,0.6451495904310287,0.6468592408881626,0.6025593055535019,0.0195045572251461
TMRWI000C3B,PH063022200,2019-01-01,Y,0.6132641832320006,0.5708743099758945,0.5708743099758945,0.5284844367197884,0.0599483336660618
TMRWI000C3C,PH050506070,2019-01-01,Y,0.7008842782281299,0.5550712594243952,0.5616243302084059,0.4594952474201237,0.0648167379416671
TMRWI000C3D,PH063022199,2019-01-01,Y,0.6499643334189698,0.5876267838041865,0.5803129121879362,0.5152293031137435,0.053041153912816
TMRWI000C3E,PH063022198,2019-01-01,Y,0.5652247055685642,0.5652247055685642,0.5652247055685642,0.5652247055685642,
TMRWI000C3F,PH050506071,2019-01-01,Y,0.5513007635519225,0.4622434535286305,0.4680886744811882,0.3986095188370741,0.0477656413344759
TMRWI000C40,PH063022197,2019-01-01,Y,0.6132641832320006,0.6097826507756604,0.6097826507756604,0.6063011183193202,0.0049236304175984
TMRWI000C41,PH050506072,2019-01-01,Y,0.7008842782281299,0.6437187171111933,0.6424799479678434,0.5890306942809569,0.0457044478302572
TMRWI000C42,PH063022196,2019-01-01,Y,0.6548784251171543,0.6401147467297842,0.6383365473336131,0.619658343063148,0.012639218788064
TMRWI000C43,PH050506069,2019-01-01,Y,0.6298888341061846,0.5794794396616835,0.5711265768942329,0.5459758261670379,0.0264380754210514
TMRWI000C44,PH050506033,2019-01-01,Y,0.6272755158848348,0.6152423400006245,0.6195378350741314,0.5989136690429072,0.0146607314795726
TMRWI000C45,PH050506063,2019-01-01,Y,0.6640973098463253,0.5807098651479105,0.5639636258576282,0.5388314450590702,0.0425797076154993
TMRWI000C46,PH050506062,2019-01-01,Y,0.6612890903133329,0.5736942667948582,0.5674589761484612,0.5364045911041166,0.0317993876048395
TMRWI000C47,PH050506054,2019-01-01,Y,0.6740009880091786,0.5617599040081657,0.5775377752642938,0.4737723826718208,0.0539509345227274
TMRWI000C48,PH072230015,2019-01-01,Y,0.6398797926850147,0.5884848242532208,0.5883100987946341,0.5537053785669076,0.028917782889574
TMRWI000C49,PH050506055,2019-01-01,Y,0.6661898663284807,0.6198976464763005,0.6323451830813844,0.5607412838990431,0.04272563411214
TMRWI000C4A,PH072230014,2019-01-01,Y,0.636754425616429,0.6200200203575275,0.6225689332421478,0.601687410050753,0.0159111419742004
TMRWI000C4B,PH050506056,2019-01-01,Y,0.5524236129335447,0.4488844372130728,0.4530799155215248,0.3581453697618895,0.0465543167903804
TMRWI000C4C,PH072230013,2019-01-01,Y,0.6302511109304408,0.5944851571050147,0.5857563962076996,0.5770721584160428,0.0215198729600165
TMRWI000C4D,PH050506057,2019-01-01,Y,0.4703768236317746,0.4183992198650496,0.4139950177244405,0.3749563710844369,0.0232595569901819
TMRWI000C4E,PH072230012,2019-01-01,Y,0.6084197109881191,0.5790289460792093,0.5774703180501455,0.5527554372284273,0.0227983189008703
TMRWI000C4F,PH072230005,2019-01-01,Y,0.6822335962281498,0.6405097406435275,0.6433519936692194,0.576802233125792,0.0279411200186839
TMRWI000C50,PH072230011,2019-01-01,Y,0.7025754626142492,0.6577172715604445,0.6687575000273955,0.6036116981580484,0.0368891082637525
TMRWI000C51,PH072230010,2019-01-01,Y,0.6515489247299716,0.595670365547988,0.578709730656237,0.5737130761495067,0.0373330846076748
TMRWI000C52,PH050506059,2019-01-01,Y,0.5623326216903322,0.4859179466766791,0.487816331002448,0.4418080082706557,0.0294409155250106
TMRWI000C53,PH072230009,2019-01-01,Y,0.6822335962281498,0.6438967586454284,0.6504839595636538,0.6017751608576578,0.0305927642225038
TMRWI000C54,PH050506060,2019-01-01,Y,0.5545610010652383,0.4643246671068861,0.4563330079636136,0.3891196054458471,0.0389953879255251
TMRWI000C55,PH072230008,2019-01-01,Y,0.7025754626142492,0.6806463224478564,0.6706060047019244,0.6687575000273955,0.0190136696539861
TMRWI000C56,PH050506061,2019-01-01,Y,0.5437993555634995,0.4638839370916159,0.4625619612986826,0.3823556527692233,0.0535216889632599
TMRWI000C57,PH072230007,2019-01-01,Y,0.7025754626142492,0.6528478298851773,0.6563704691004162,0.6036116981580484,0.0283381380971787
TMRWI000C58,PH072230006,2019-01-01,Y,0.6425082098069811,0.6020573679730571,0.584688250081619,0.5795509836282257,0.0280795100375202
TMRWI000C59,PH050506058,2019-01-01,Y,0.5674589761484612,0.4654928609013508,0.4644994501489509,0.378454757215698,0.0572016011212529
TMRWI000C5A,PH083747023,2019-01-01,Y,0.5787982946842568,0.5311087775974941,0.5275940035282257,0.4824750849826664,0.0309326621639941
TMRWI000C5B,PH083747024,2019-01-01,Y,0.5600914573490435,0.4933749202771044,0.4977715130722268,0.3884060757050849,0.0408881120083424
TMRWI000C5C,PH050506032,2019-01-01,Y,0.6511289521945492,0.6247688928587751,0.6245164750988219,0.5989136690429072,0.0217028912758656
TMRWI000C5D,PH083747064,2019-01-01,Y,0.5005897092216991,0.5005897092216991,0.5005897092216991,0.5005897092216991,
TMRWI000C5E,PH083747063,2019-01-01,Y,0.6064917425499909,0.5634525385500783,0.5832761638785446,0.5005897092216991,0.0556645511671406
TMRWI000C5F,PH050506002,2019-01-01,Y,0.439677793417803,0.40037754244074,0.3974608542313695,0.3581453697618895,0.0212318179793095
TMRWI000C60,PH083747062,2019-01-01,Y,0.6064917425499909,0.553540725885845,0.553540725885845,0.5005897092216991,0.0748840459078789
TMRWI000C61,PH050506003,2019-01-01,Y,0.5513007635519225,0.5242138611928921,0.5241498741537278,0.491148963840075,0.0204160257762232
TMRWI000C62,PH083747061,2019-01-01,Y,0.5978234520149505,0.5785502769586712,0.573777843345104,0.5564566599614421,0.018092983767612
TMRWI000C63,PH050506004,2019-01-01,Y,0.4731121530831204,0.3747170542732741,0.37040333563507,0.2733182949978317,0.0387454963947692
TMRWI000C64,PH083747060,2019-01-01,Y,0.6064917425499909,0.5637223882580159,0.5840857130023577,0.5005897092216991,0.0558104731367626
TMRWI000C65,PH050506001,2019-01-01,Y,0.5856081130762282,0.5512557424553394,0.5550682669371794,0.5152638384222918,0.0292308966017515
TMRWI000C66,PH050506005,2019-01-01,Y,0.691472984629904,0.6677394226436606,0.6857042100365678,0.608076285871603,0.0400569609904374
TMRWI000C67,PH083747058,2019-01-01,Y,0.4883410815409637,0.4883410815409637,0.4883410815409637,0.4883410815409637,
TMRWI000C68,PH050506007,2019-01-01,Y,0.5989051515452867,0.5930274201592408,0.591146414651479,0.5890306942809569,0.0051990251832859
TMRWI000C69,PH083747057,2019-01-01,Y,0.4883410815409637,0.4883410815409637,0.4883410815409637,0.4883410815409637,
TMRWI000C6A,PH050506008,2019-01-01,Y,0.7008842782281299,0.6387655937924361,0.6325737013303288,0.5890306942809569,0.0572753885862158
TMRWI000C6B,PH083747056,2019-01-01,Y,0.4883410815409637,0.4883410815409637,0.4883410815409637,0.4883410815409637,
TMRWI000C6C,PH050506009,2019-01-01,Y,0.7008842782281299,0.6708963541073918,0.6708963541073918,0.6409084299866535,0.0424093289989632
TMRWI000C6D,PH083747055,2019-01-01,Y,0.4883410815409637,0.4883410815409637,0.4883410815409637,0.4883410815409637,
TMRWI000C6E,PH050506010,2019-01-01,Y,0.7008842782281299,0.6589025607532776,0.6409084299866535,0.6349149740450493,0.0364805267250177
TMRWI000C6F,PH083747059,2019-01-01,Y,0.6064917425499909,0.6064917425499909,0.6064917425499909,0.6064917425499909,
TMRWI000C70,PH083747054,2019-01-01,Y,0.5331617225086427,0.5107514020248032,0.5107514020248032,0.4883410815409637,0.0316929791653734
TMRWI000C71,PH083747065,2019-01-01,Y,0.5005897092216991,0.5005897092216991,0.5005897092216991,0.5005897092216991,
TMRWI000C72,PH083747066,2019-01-01,Y,0.6064917425499909,0.5467477247601109,0.5331617225086427,0.5005897092216991,0.0542424626897538
TMRWI000C73,PH083747076,2019-01-01,Y,0.5657875342399209,0.5494746283742817,0.5494746283742817,0.5331617225086427,0.0230699327169024
TMRWI000C74,PH034919013,2019-01-01,Y,0.5307407761328669,0.4628281593422083,0.4742144100310278,0.3660617407729254,0.0403903154258978
TMRWI000C75,PH083747075,2019-01-01,Y,0.5690937277732906,0.5287174046571271,0.5287174046571271,0.4883410815409637,0.0571007437496366
TMRWI000C76,PH034919014,2019-01-01,Y,0.5307407761328669,0.4399367535011581,0.4264925240256149,0.3661491690961925,0.0486770467693201
TMRWI000C77,PH083747074,2019-01-01,Y,0.5690937277732906,0.5390960165157045,0.5494746283742817,0.4883410815409637,0.0375214563895028
TMRWI000C78,PH083747073,2019-01-01,Y,0.5331617225086427,0.5107514020248032,0.5107514020248032,0.4883410815409637,0.0316929791653734
TMRWI000C79,PH034919015,2019-01-01,Y,0.585250932189076,0.5139797870675712,0.5094397392015813,0.4679160225136352,0.0359415098096915
TMRWI000C7A,PH083747072,2019-01-01,Y,0.5331617225086427,0.5107514020248032,0.5107514020248032,0.4883410815409637,0.0316929791653734
TMRWI000C7B,PH034919022,2019-01-01,Y,0.4281360523685258,0.3990690303882124,0.408860686737459,0.3543315455783425,0.0284788157878088
TMRWI000C7C,PH034919016,2019-01-01,Y,0.5390478901091815,0.4072246076977757,0.393057020956942,0.3384235585211301,0.0523834669302357
TMRWI000C7D,PH034919017,2019-01-01,Y,0.5038474617858564,0.4252401572747561,0.4148814145599478,0.3660617407729254,0.0378650708988135
TMRWI000C7E,PH083747070,2019-01-01,Y,0.5331617225086427,0.5331617225086427,0.5331617225086427,0.5331617225086427,
TMRWI000C7F,PH034919018,2019-01-01,Y,0.3425675704809607,0.2996661233333002,0.3018297194816506,0.2470142611148478,0.0313379190442602
TMRWI000C80,PH083747069,2019-01-01,Y,0.6118603304274921,0.57352143776365,0.5745318490592328,0.5331617225086427,0.0329329887875659
TMRWI000C81,PH083747068,2019-01-01,Y,0.5832761638785446,0.5582189431935937,0.5582189431935937,0.5331617225086427,0.0354362613280333
TMRWI000C82,PH034919020,2019-01-01,Y,0.585250932189076,0.4309899834428772,0.4023684725795812,0.3632302045304917,0.0573282674415765
TMRWI000C83,PH083747067,2019-01-01,Y,0.5331617225086427,0.5168757158651709,0.5168757158651709,0.5005897092216991,0.0230318914720961
TMRWI000C84,PH034919021,2019-01-01,Y,0.5025192234543219,0.4480095782506103,0.4352923321017797,0.3872388869015223,0.0417862286428376
TMRWI000C85,PH083747071,2019-01-01,Y,0.5331617225086427,0.5168757158651709,0.5168757158651709,0.5005897092216991,0.0230318914720961
TMRWI000C86,PH050506073,2019-01-01,Y,0.6272755158848348,0.6060294454250073,0.6102065545503552,0.5694008621656035,0.0222525399861297
TMRWI000C87,PH083747053,2019-01-01,Y,0.4883410815409637,0.4883410815409637,0.4883410815409637,0.4883410815409637,
TMRWI000C88,PH083747052,2019-01-01,Y,0.4883410815409637,0.4883410815409637,0.4883410815409637,0.4883410815409637,
TMRWI000C89,PH050506023,2019-01-01,Y,0.6283304330365594,0.6278029744606971,0.6278029744606971,0.6272755158848348,0.0007459390715745
TMRWI000C8A,PH083747039,2019-01-01,Y,0.5730284877913971,0.5306847846661804,0.5306847846661804,0.4883410815409637,0.0598830392407815
TMRWI000C8B,PH083747038,2019-01-01,Y,0.5730284877913971,0.5368090985065481,0.5368090985065481,0.5005897092216991,0.0512219515475042
TMRWI000C8C,PH050506024,2019-01-01,Y,0.6283304330365594,0.6055641050008684,0.6189610198004424,0.5694008621656035,0.0316667266285771
TMRWI000C8D,PH083747037,2019-01-01,Y,0.5005897092216991,0.5005897092216991,0.5005897092216991,0.5005897092216991,
TMRWI000C8E,PH050506025,2019-01-01,Y,0.6283304330365594,0.61099195772186,0.6231182678426386,0.5694008621656035,0.028042242971794
TMRWI000C8F,PH083747036,2019-01-01,Y,0.5730284877913971,0.5730284877913971,0.5730284877913971,0.5730284877913971,
TMRWI000C90,PH050506026,2019-01-01,Y,0.6283304330365594,0.6278029744606971,0.6278029744606971,0.6272755158848348,0.0007459390715745
TMRWI000C91,PH083747040,2019-01-01,Y,0.5005897092216991,0.5005897092216991,0.5005897092216991,0.5005897092216991,
TMRWI000C92,PH083747035,2019-01-01,Y,0.5730284877913971,0.5368090985065481,0.5368090985065481,0.5005897092216991,0.0512219515475042
TMRWI000C93,PH083747034,2019-01-01,Y,0.5005897092216991,0.5005897092216991,0.5005897092216991,0.5005897092216991,
TMRWI000C94,PH083747032,2019-01-01,Y,0.5978234520149505,0.5567333617456673,0.5595448528296988,0.5100202893083211,0.0360804170776377
TMRWI000C95,PH050506028,2019-01-01,Y,0.6272755158848348,0.6157893953043176,0.6157893953043176,0.6043032747238004,0.0162438275040201
TMRWI000C96,PH083747027,2019-01-01,Y,0.5032958276623422,0.4501030953246606,0.4586766524253206,0.3727157559015854,0.0330004496723611
TMRWI000C97,PH050506029,2019-01-01,Y,0.6283304330365594,0.6278029744606971,0.6278029744606971,0.6272755158848348,0.0007459390715745
TMRWI000C98,PH083747026,2019-01-01,Y,0.4492592277540828,0.418246662346137,0.4283400091915476,0.3394713363534468,0.0395507775317447
TMRWI000C99,PH050506030,2019-01-01,Y,0.6283304330365594,0.5998505964012906,0.613094592463871,0.544882767640861,0.039096322652995
TMRWI000C9A,PH083747025,2019-01-01,Y,0.5600914573490435,0.4671427235412574,0.4778665476141456,0.3394713363534468,0.0604175247498821
TMRWI000C9B,PH050506027,2019-01-01,Y,0.691472984629904,0.658515266494029,0.6672558977373046,0.608076285871603,0.040249184377857
TMRWI000C9C,PH050506011,2019-01-01,Y,0.7008842782281299,0.6529717548998552,0.6409084299866535,0.5954523900227415,0.0437432529467815
TMRWI000C9D,PH050506022,2019-01-01,Y,0.6272755158848348,0.5983381890252191,0.5983381890252191,0.5694008621656035,0.0409235601036917
TMRWI000C9E,PH050506021,2019-01-01,Y,0.6272755158848348,0.6027965518311484,0.6072549146370778,0.5694008621656035,0.0243013725507631
TMRWI000C9F,PH050506012,2019-01-01,Y,0.7025837330971099,0.6672122957579784,0.6926987022167015,0.6015424694246652,0.0443658397718038
TMRWI000CA0,PH083747051,2019-01-01,Y,0.4883410815409637,0.4883410815409637,0.4883410815409637,0.4883410815409637,
TMRWI000CA1,PH050506013,2019-01-01,Y,0.6926987022167015,0.6450498672093401,0.6409084299866535,0.6015424694246652,0.0457190148724912
TMRWI000CA2,PH083747050,2019-01-01,Y,0.4883410815409637,0.4883410815409637,0.4883410815409637,0.4883410815409637,
TMRWI000CA3,PH050506015,2019-01-01,Y,0.6302539030325449,0.6019233968990092,0.6043032747238004,0.5694008621656035,0.022228817402184
TMRWI000CA4,PH083747049,2019-01-01,Y,0.4883410815409637,0.4883410815409637,0.4883410815409637,0.4883410815409637,
TMRWI000CA5,PH083747048,2019-01-01,Y,0.5730284877913971,0.5306847846661804,0.5306847846661804,0.4883410815409637,0.0598830392407815
TMRWI000CA6,PH050506016,2019-01-01,Y,0.6904603295255761,0.6475293604487374,0.6440514659490332,0.608076285871603,0.0413019911724391
TMRWI000CA7,PH083747041,2019-01-01,Y,0.5331617225086427,0.5168757158651709,0.5168757158651709,0.5005897092216991,0.0230318914720961
TMRWI000CA8,PH083747047,2019-01-01,Y,0.6393888566631902,0.5712326332706203,0.5786002974391639,0.4883410815409637,0.0624151029035734
TMRWI000CA9,PH083747046,2019-01-01,Y,0.5331617225086427,0.5107514020248032,0.5107514020248032,0.4883410815409637,0.0316929791653734
TMRWI000CAA,PH050506018,2019-01-01,Y,0.6302539030325449,0.6032871065828346,0.6102065545503552,0.5694008621656035,0.0310110015288095
TMRWI000CAB,PH083747045,2019-01-01,Y,0.5331617225086427,0.5168757158651709,0.5168757158651709,0.5005897092216991,0.0230318914720961
TMRWI000CAC,PH050506019,2019-01-01,Y,0.6302539030325449,0.5998273825990742,0.5998273825990742,0.5694008621656035,0.0430295978528363
TMRWI000CAD,PH083747044,2019-01-01,Y,0.5005897092216991,0.5005897092216991,0.5005897092216991,0.5005897092216991,
TMRWI000CAE,PH083747043,2019-01-01,Y,0.5331617225086427,0.5107514020248032,0.5107514020248032,0.4883410815409637,0.0316929791653734
TMRWI000CAF,PH050506020,2019-01-01,Y,0.5694008621656035,0.5694008621656035,0.5694008621656035,0.5694008621656035,
TMRWI000CB0,PH083747042,2019-01-01,Y,0.5730284877913971,0.5237802502656757,0.5168757158651709,0.4883410815409637,0.0378907939331196
TMRWI000CB1,PH050506017,2019-01-01,Y,0.6926987022167015,0.6231863941638855,0.6072549146370778,0.5954523900227415,0.0366938781184489
TMRWI000CB2,PH034919012,2019-01-01,Y,0.5307407761328669,0.4604388482166656,0.4597310872149625,0.383629951834971,0.0402022145389296
TMRWI000CB3,PH063022195,2019-01-01,Y,0.6471976717102449,0.6014183757085083,0.613450979356297,0.5315738724111942,0.0515219027014013
TMRWI000CB4,PH063022194,2019-01-01,Y,0.6576031012105075,0.6131998066956762,0.6073205219757702,0.5704492610906619,0.0383761093968064
TMRWI000CB5,PH063022121,2019-01-01,Y,0.6236283210432709,0.6054716634543733,0.6133971941502012,0.5714639444738201,0.0234503628781475
TMRWI000CB6,PH063022054,2019-01-01,Y,0.5315738724111942,0.5300291545654914,0.5300291545654914,0.5284844367197884,0.0021845609274327
TMRWI000CB7,PH063022120,2019-01-01,Y,0.6848234664805618,0.6490524568323739,0.6482803086374811,0.619658343063148,0.0240993689748246
TMRWI000CB8,PH063022055,2019-01-01,Y,0.6234778539717355,0.618371018601868,0.618371018601868,0.6132641832320006,0.0072221558408731
TMRWI000CB9,PH063022119,2019-01-01,Y,0.6675241397729195,0.6466608392269284,0.6465937353889726,0.6259317463568491,0.0206394654170087
TMRWI000CBA,PH063022056,2019-01-01,Y,0.5987262555220219,0.5610258221127264,0.5463409684852027,0.5380102423309547,0.0329141650205622
TMRWI000CBB,PH063022118,2019-01-01,Y,0.6365059907475734,0.6357305153850926,0.6357305153850926,0.6349550400226118,0.0010966877749065
TMRWI000CBC,PH063022117,2019-01-01,Y,0.6613172637482644,0.61726386128261,0.6332633546796492,0.5494933308107826,0.0443602290990124
TMRWI000CBD,PH063022057,2019-01-01,Y,0.6242517487857481,0.5930753717642143,0.6097826507756604,0.5284844367197884,0.0436900593366644
TMRWI000CBE,PH063022116,2019-01-01,Y,0.6242517487857481,0.569763342299652,0.5631585918465358,0.5284844367197884,0.0474530257130835
TMRWI000CBF,PH063022060,2019-01-01,Y,0.6613172637482644,0.6406263163685536,0.6443681061926376,0.5937665955169753,0.0211208688948966
TMRWI000CC0,PH063022115,2019-01-01,Y,0.6552843641812837,0.6053459304320288,0.6084501603639002,0.5494933308107826,0.0394582914948175
TMRWI000CC1,PH063022061,2019-01-01,Y,0.6321586474307166,0.613450979356297,0.613450979356297,0.5947433112818774,0.0264566379112183
TMRWI000CC2,PH063022114,2019-01-01,Y,0.6353818607237762,0.5897819524186532,0.585813316895863,0.545264379130177,0.0305180524195906
TMRWI000CC3,PH063022062,2019-01-01,Y,0.6132641832320006,0.6132641832320006,0.6132641832320006,0.6132641832320006,
TMRWI000CC4,PH063022113,2019-01-01,Y,0.6471976717102449,0.5911716184677722,0.5947433112818774,0.5315738724111942,0.0578945894126173
TMRWI000CC5,PH063022112,2019-01-01,Y,0.5921415421735179,0.5857052202288714,0.5850811533989904,0.5798929651141057,0.0061480895041636
TMRWI000CC6,PH063022053,2019-01-01,Y,0.6467502109783893,0.6351140324750624,0.6351140324750624,0.6234778539717355,0.0164560414535991
TMRWI000CC7,PH063022122,2019-01-01,Y,0.5947433112818774,0.5631585918465358,0.5631585918465358,0.5315738724111942,0.0446675385892091
TMRWI000CC8,PH063022123,2019-01-01,Y,0.6242517487857481,0.5763680927527682,0.5763680927527682,0.5284844367197884,0.0677177157778483
TMRWI000CC9,PH063022052,2019-01-01,Y,0.6467502109783893,0.6416281008629814,0.6416281008629814,0.6365059907475734,0.0072437575931782
TMRWI000CCA,PH063022044,2019-01-01,Y,0.5846660403222143,0.5655035044037084,0.5655035044037084,0.5463409684852027,0.0270999181854123
TMRWI000CCB,PH063022134,2019-01-01,Y,0.6566915507734921,0.608002296508819,0.609883563066242,0.5555505091293002,0.0480877084387297
TMRWI000CCC,PH063022133,2019-01-01,Y,0.5649522870252608,0.5516097327198748,0.5516097327198748,0.5382671784144888,0.0188692212553764
TMRWI000CCD,PH063022045,2019-01-01,Y,0.5380102423309547,0.5380102423309547,0.5380102423309547,0.5380102423309547,
TMRWI000CCE,PH063022132,2019-01-01,Y,0.6471976717102449,0.5880721475677891,0.5867585230748588,0.5315738724111942,0.0616283347531767
TMRWI000CCF,PH063022046,2019-01-01,Y,0.6474059874151413,0.606179137220201,0.606179137220201,0.5649522870252608,0.0583035706796083
TMRWI000CD0,PH063022131,2019-01-01,Y,0.5652247055685642,0.549056484509937,0.545264379130177,0.5315738724111942,0.015415242658116
TMRWI000CD1,PH063022047,2019-01-01,Y,0.6695906706402782,0.6205425567758249,0.6352498677352287,0.5714639444738201,0.0397617790426235
TMRWI000CD2,PH063022063,2019-01-01,Y,0.6649737863339221,0.6561898868745317,0.6561898868745317,0.6474059874151413,0.0124223097459916
TMRWI000CD3,PH063022129,2019-01-01,Y,0.6675241397729195,0.6571371753756543,0.6571371753756543,0.6467502109783893,0.0146893859224987
TMRWI000CD4,PH063022128,2019-01-01,Y,0.6382494870301818,0.6313988600546057,0.6372158017993947,0.6187312913342404,0.010982604392992
TMRWI000CD5,PH063022127,2019-01-01,Y,0.6522628157317821,0.6357606474311769,0.6360242413293424,0.6187312913342404,0.01381259000625
TMRWI000CD6,PH063022049,2019-01-01,Y,0.6522628157317821,0.6177221531555679,0.6338532736649589,0.5515137646317235,0.0354483069257693
TMRWI000CD7,PH063022126,2019-01-01,Y,0.6242517487857481,0.6152764335525341,0.6152764335525341,0.6063011183193202,0.0126930125293849
TMRWI000CD8,PH063022050,2019-01-01,Y,0.6337989956285031,0.6069415726587086,0.6050346116886629,0.5838980716290056,0.0211280841820968
TMRWI000CD9,PH063022125,2019-01-01,Y,0.6063011183193202,0.6063011183193202,0.6063011183193202,0.6063011183193202,
TMRWI000CDA,PH063022051,2019-01-01,Y,0.6522628157317821,0.6245675727020238,0.625610061719038,0.5987262555220219,0.0191426509117631
TMRWI000CDB,PH063022124,2019-01-01,Y,0.602151943130533,0.5870415116143921,0.5850811533989904,0.5759399542548135,0.0103986146855658
TMRWI000CDC,PH063022048,2019-01-01,Y,0.6566915507734921,0.6242907708535708,0.6407408647586166,0.5704492610906619,0.0340186987300036
TMRWI000CDD,PH063022110,2019-01-01,Y,0.6588629282475273,0.6411828666632549,0.6365059907475734,0.6283658724016408,0.0119793600498856
TMRWI000CDE,PH063022064,2019-01-01,Y,0.6848234664805618,0.6474150193457723,0.6505994742308374,0.619658343063148,0.02082078947924
TMRWI000CDF,PH063022109,2019-01-01,Y,0.6112838978655776,0.6112838978655776,0.6112838978655776,0.6112838978655776,
TMRWI000CE0,PH063022096,2019-01-01,Y,0.6695906706402782,0.6298750403403988,0.642478601848028,0.5649522870252608,0.0453083986715566
TMRWI000CE1,PH063022076,2019-01-01,Y,0.6025593055535019,0.5938202294762461,0.5938202294762461,0.5850811533989904,0.0123589199110653
TMRWI000CE2,PH063022095,2019-01-01,Y,0.6649737863339221,0.6490320836731318,0.6468016660388451,0.6375512162809145,0.0114982336919067
TMRWI000CE3,PH063022077,2019-01-01,Y,0.6649737863339221,0.6362715770383537,0.6412816392276368,0.6025593055535019,0.0315074180968185
TMRWI000CE4,PH063022094,2019-01-01,Y,0.6695906706402782,0.6028028529351895,0.5910826960690053,0.568816235770272,0.0337312973715835
TMRWI000CE5,PH063022078,2019-01-01,Y,0.5838980716290056,0.5609541569799802,0.5609541569799802,0.5380102423309547,0.0324475952705825
TMRWI000CE6,PH063022093,2019-01-01,Y,0.6149827710271312,0.5928482407224149,0.6050346116886629,0.5463409684852027,0.0317777164716671
TMRWI000CE7,PH063022079,2019-01-01,Y,0.6675241397729195,0.6502601138329607,0.6467502109783893,0.6365059907475734,0.0158041436267847
TMRWI000CE8,PH063022097,2019-01-01,Y,0.5759399542548135,0.556975098292884,0.556975098292884,0.5380102423309547,0.0268203565098127
TMRWI000CE9,PH063022092,2019-01-01,Y,0.6352498677352287,0.5867585230748588,0.5867585230748588,0.5382671784144888,0.0685771172764033
TMRWI000CEA,PH063022080,2019-01-01,Y,0.6675241397729195,0.6675241397729195,0.6675241397729195,0.6675241397729195,
TMRWI000CEB,PH063022090,2019-01-01,Y,0.6132641832320006,0.5708743099758945,0.5708743099758945,0.5284844367197884,0.0599483336660618
TMRWI000CEC,PH063022081,2019-01-01,Y,0.5284844367197884,0.5284844367197884,0.5284844367197884,0.5284844367197884,
TMRWI000CED,PH063022089,2019-01-01,Y,0.6471976717102449,0.6412237697227368,0.6412237697227368,0.6352498677352287,0.0084483732110214
TMRWI000CEE,PH063022084,2019-01-01,Y,0.6412816392276368,0.6012155131087357,0.5938202294762461,0.5759399542548135,0.0289037003336472
TMRWI000CEF,PH063022088,2019-01-01,Y,0.5649522870252608,0.5516097327198748,0.5516097327198748,0.5382671784144888,0.0188692212553764
TMRWI000CF0,PH063022085,2019-01-01,Y,0.5926799853652243,0.5742856593196831,0.5652247055685642,0.5649522870252608,0.0159305359598458
TMRWI000CF1,PH063022087,2019-01-01,Y,0.6695906706402782,0.617145435022033,0.6133971941502012,0.5714639444738201,0.0322947362950772
TMRWI000CF2,PH063022091,2019-01-01,Y,0.5463409684852027,0.5421756054080787,0.5421756054080787,0.5380102423309547,0.0058907129558768
TMRWI000CF3,PH063022135,2019-01-01,Y,0.6549052551453316,0.6306531103174398,0.634981002253776,0.6021311965524135,0.0163462891655699
TMRWI000CF4,PH063022075,2019-01-01,Y,0.6132641832320006,0.6132641832320006,0.6132641832320006,0.6132641832320006,
TMRWI000CF5,PH063022074,2019-01-01,Y,0.6132641832320006,0.6132641832320006,0.6132641832320006,0.6132641832320006,
TMRWI000CF6,PH063022065,2019-01-01,Y,0.6675241397729195,0.6524108174366023,0.6528065696129584,0.6365059907475734,0.0136020614055454
TMRWI000CF7,PH063022108,2019-01-01,Y,0.5463409684852027,0.5463409684852027,0.5463409684852027,0.5463409684852027,
TMRWI000CF8,PH063022067,2019-01-01,Y,0.6507730166332855,0.5978963633590827,0.6058624812007225,0.5059202535628587,0.0458096412518258
TMRWI000CF9,PH063022107,2019-01-01,Y,0.6242517487857481,0.5835229774929399,0.5947433112818774,0.5315738724111942,0.0473467961965289
TMRWI000CFA,PH063022106,2019-01-01,Y,0.6856742506311809,0.6125337238980563,0.5938202294762461,0.5759399542548135,0.0427663973219629
TMRWI000CFB,PH063022068,2019-01-01,Y,0.6302896837587659,0.5787309181527533,0.57693751348125,0.5539038520325971,0.021224934977229
TMRWI000CFC,PH063022105,2019-01-01,Y,0.6236283210432709,0.6013779758764204,0.6090416621121701,0.5714639444738201,0.0269133723408992
TMRWI000CFD,PH063022069,2019-01-01,Y,0.6132641832320006,0.6132641832320006,0.6132641832320006,0.6132641832320006,
TMRWI000CFE,PH063022098,2019-01-01,Y,0.634981002253776,0.6071063334026564,0.6188205903901979,0.5302304873215246,0.036273777543981
TMRWI000CFF,PH063022104,2019-01-01,Y,0.6234778539717355,0.618371018601868,0.618371018601868,0.6132641832320006,0.0072221558408731
TMRWI000D00,PH063022103,2019-01-01,Y,0.6300574315785572,0.5969278838642194,0.5888805693821073,0.5798929651141057,0.0227020193885412
TMRWI000D01,PH063022071,2019-01-01,Y,0.6365059907475734,0.6316462949139736,0.6349550400226118,0.6234778539717355,0.0071164550590822
TMRWI000D02,PH063022102,2019-01-01,Y,0.5315738724111942,0.5300291545654914,0.5300291545654914,0.5284844367197884,0.0021845609274327
TMRWI000D03,PH063022101,2019-01-01,Y,0.6025593055535019,0.5976196454593631,0.5976196454593631,0.5926799853652243,0.0069857342986442
TMRWI000D04,PH063022072,2019-01-01,Y,0.5977252211153216,0.5651828131631483,0.568816235770272,0.5152293031137435,0.0240147504281869
TMRWI000D05,PH063022100,2019-01-01,Y,0.6474059874151413,0.5925657413435477,0.5789523454668942,0.5649522870252608,0.0388050715651381
TMRWI000D06,PH063022073,2019-01-01,Y,0.6695906706402782,0.6020150009538141,0.6001010773802448,0.5382671784144888,0.0608507933276348
TMRWI000D07,PH063022099,2019-01-01,Y,0.6649737863339221,0.6269047661669473,0.6249826464843216,0.5926799853652243,0.0348022386375156
TMRWI000D08,PH063022070,2019-01-01,Y,0.5917336686776205,0.5851463675302637,0.5851463675302637,0.578559066382907,0.0093158506220277
TMRWI000D09,PH063022043,2019-01-01,Y,0.6234778539717355,0.6051003678622143,0.6132641832320006,0.578559066382907,0.0235459185562284
TMRWI000D0A,PH063022136,2019-01-01,Y,0.6242517487857481,0.6242517487857481,0.6242517487857481,0.6242517487857481,
TMRWI000D0B,PH063022042,2019-01-01,Y,0.5652247055685642,0.5417629144488425,0.5382671784144888,0.5284844367197884,0.014620795261612
TMRWI000D0C,PH063022178,2019-01-01,Y,0.6382494870301818,0.6116430977618551,0.6187312913342404,0.575722157416275,0.0284932951830042
TMRWI000D0D,PH063022011,2019-01-01,Y,0.7065617031074352,0.6120965635590043,0.6089124072938048,0.5427148989079735,0.0397195737510485
TMRWI000D0E,PH063022177,2019-01-01,Y,0.6625507311110508,0.5939205538536114,0.5883766049910496,0.5302304873215246,0.0428121336336778
TMRWI000D0F,PH063022012,2019-01-01,Y,0.6461973446625491,0.6020735831011657,0.604838441469678,0.5524201048027576,0.0467900074686661
TMRWI000D10,PH063022176,2019-01-01,Y,0.6322239582271506,0.6168361389152693,0.6259317463568491,0.577181717058494,0.0226263912982187
TMRWI000D11,PH063022175,2019-01-01,Y,0.6856742506311809,0.6155983087037225,0.6149827710271312,0.5463409684852027,0.0418696846929758
TMRWI000D12,PH063022014,2019-01-01,Y,0.6695906706402782,0.6172714788327696,0.6172714788327696,0.5649522870252608,0.0739905106265781
TMRWI000D13,PH063022174,2019-01-01,Y,0.6467502109783893,0.6227242617139309,0.6262065835998569,0.5917336686776205,0.0229260271089557
TMRWI000D14,PH063022010,2019-01-01,Y,0.6637854893422086,0.6159258844439413,0.6184221157646105,0.57693751348125,0.0270530750947299
TMRWI000D15,PH063022015,2019-01-01,Y,0.6300574315785572,0.5919637719066129,0.586286475239665,0.5652247055685642,0.0277628163447251
TMRWI000D16,PH063022016,2019-01-01,Y,0.647521137113776,0.6140672346170534,0.6302896837587659,0.5771920070562413,0.0335769001719925
TMRWI000D17,PH063022172,2019-01-01,Y,0.6365059907475734,0.6357305153850926,0.6357305153850926,0.6349550400226118,0.0010966877749065
TMRWI000D18,PH063022017,2019-01-01,Y,0.6349550400226118,0.6215780041045559,0.6234778539717355,0.6063011183193202,0.0144211261482229
TMRWI000D19,PH063022171,2019-01-01,Y,0.6415284865326047,0.5862889312270744,0.5800315533556124,0.5494933308107826,0.0349855921292294
TMRWI000D1A,PH063022170,2019-01-01,Y,0.6149827710271312,0.5819965932781828,0.5846660403222143,0.5463409684852027,0.0343986732984273
TMRWI000D1B,PH063022018,2019-01-01,Y,0.5846660403222143,0.5612393013482964,0.5611404613700082,0.5380102423309547,0.0225571186085505
TMRWI000D1C,PH063022169,2019-01-01,Y,0.6471976717102449,0.624699876807613,0.6321586474307166,0.5947433112818774,0.0270109223536207
TMRWI000D1D,PH063022019,2019-01-01,Y,0.7065617031074352,0.6041886526568915,0.591422356489166,0.5673124774755728,0.0398416485510526
TMRWI000D1E,PH063022173,2019-01-01,Y,0.6609635125507946,0.6272345576448619,0.6360753844277403,0.5758239491731726,0.0371609126435827
TMRWI000D1F,PH063022168,2019-01-01,Y,0.6576031012105075,0.6078174685692471,0.6187330185737583,0.5173884768765356,0.0406780005210487
TMRWI000D20,PH063022179,2019-01-01,Y,0.7065617031074352,0.6033463865852547,0.5991578195618508,0.5379127671507828,0.0430534007579381
TMRWI000D21,PH063022181,2019-01-01,Y,0.6675241397729195,0.649874049000035,0.649874049000035,0.6322239582271506,0.0249609977481293
TMRWI000D22,PH063022193,2019-01-01,Y,0.5315738724111942,0.5315738724111942,0.5315738724111942,0.5315738724111942,
TMRWI000D23,PH050506077,2019-01-01,Y,0.5545610010652383,0.5144561453513293,0.536556409196477,0.4250943897667707,0.051994488836412
TMRWI000D24,PH063022192,2019-01-01,Y,0.6467502109783893,0.6351140324750624,0.6351140324750624,0.6234778539717355,0.0164560414535991
TMRWI000D25,PH063022001,2019-01-01,Y,0.618914968463644,0.609143886515296,0.6150522567275596,0.5875560641424211,0.0148293273774168
TMRWI000D26,PH063022191,2019-01-01,Y,0.6588629282475273,0.6476844594975504,0.6476844594975504,0.6365059907475734,0.0158087421127812
TMRWI000D27,PH063022003,2019-01-01,Y,0.6474059874151413,0.606179137220201,0.606179137220201,0.5649522870252608,0.0583035706796083
TMRWI000D28,PH063022189,2019-01-01,Y,0.6132641832320006,0.5959116248074539,0.5959116248074539,0.578559066382907,0.0245402234658656
TMRWI000D29,PH063022004,2019-01-01,Y,0.6552843641812837,0.6207019517108319,0.6259317463568491,0.577181717058494,0.029608061195989
TMRWI000D2A,PH063022009,2019-01-01,Y,0.602151943130533,0.5719614476259208,0.575722157416275,0.5380102423309547,0.0322357976318425
TMRWI000D2B,PH063022188,2019-01-01,Y,0.6471976717102449,0.6216019584551346,0.6206001547714434,0.5980098525674067,0.0222181061569601
TMRWI000D2C,PH063022005,2019-01-01,Y,0.6695906706402782,0.6172714788327696,0.6172714788327696,0.5649522870252608,0.0739905106265781
TMRWI000D2D,PH063022186,2019-01-01,Y,0.6234778539717355,0.6234778539717355,0.6234778539717355,0.6234778539717355,
TMRWI000D2E,PH063022006,2019-01-01,Y,0.5987262555220219,0.5610258221127264,0.5463409684852027,0.5380102423309547,0.0329141650205622
TMRWI000D2F,PH063022185,2019-01-01,Y,0.6349550400226118,0.6292164469971737,0.6292164469971737,0.6234778539717355,0.0081155960855142
TMRWI000D30,PH063022007,2019-01-01,Y,0.5315738724111942,0.5315738724111942,0.5315738724111942,0.5315738724111942,
TMRWI000D31,PH063022183,2019-01-01,Y,0.6499643334189698,0.5848089817855573,0.5753807267395612,0.5152293031137435,0.0452889774699858
TMRWI000D32,PH063022008,2019-01-01,Y,0.6675241397729195,0.6642438261618571,0.6642438261618571,0.6609635125507946,0.0046390639976016
TMRWI000D33,PH063022182,2019-01-01,Y,0.5838980716290056,0.5609541569799802,0.5609541569799802,0.5380102423309547,0.0324475952705825
TMRWI000D34,PH063022187,2019-01-01,Y,0.634640056205734,0.5897354947359549,0.5757545142655112,0.5463604701145175,0.04069468667953
TMRWI000D35,PH050506074,2019-01-01,Y,0.6640973098463253,0.6071500092765716,0.6246074614164936,0.5334679916357412,0.0429882293905604
TMRWI000D36,PH063022020,2019-01-01,Y,0.6471976717102449,0.6412237697227368,0.6412237697227368,0.6352498677352287,0.0084483732110214
TMRWI000D37,PH063022021,2019-01-01,Y,0.602151943130533,0.5863885206923805,0.5820339956274707,0.575722157416275,0.0106830260164818
TMRWI000D38,PH063022032,2019-01-01,Y,0.6613172637482644,0.6437850070456825,0.6463026130295673,0.6096071137716236,0.0183763054462346
TMRWI000D39,PH063022151,2019-01-01,Y,0.6442181656136525,0.6087714624557472,0.6143116817505003,0.5532957015929519,0.0306651300132467
TMRWI000D3A,PH063022033,2019-01-01,Y,0.635096646067138,0.573237467030057,0.5727409971728554,0.5302304873215246,0.0405290384687006
TMRWI000D3B,PH063022150,2019-01-01,Y,0.6234778539717355,0.6017586930660659,0.6024989259548106,0.578559066382907,0.0203537224001872
TMRWI000D3C,PH063022034,2019-01-01,Y,0.5380102423309547,0.5380102423309547,0.5380102423309547,0.5380102423309547,
TMRWI000D3D,PH063022149,2019-01-01,Y,0.6675241397729195,0.6621669610798764,0.6611403881495295,0.6588629282475273,0.003732124972181
TMRWI000D3E,PH063022148,2019-01-01,Y,0.6132641832320006,0.5663930163662183,0.561911722756542,0.5284844367197884,0.0375428589686975
TMRWI000D3F,PH063022035,2019-01-01,Y,0.6467502109783893,0.6354222739300774,0.6357305153850926,0.6234778539717355,0.0095286248671491
TMRWI000D40,PH063022152,2019-01-01,Y,0.5654741770333888,0.5458213795433244,0.555945543788525,0.5059202535628587,0.0278452113330847
TMRWI000D41,PH063022146,2019-01-01,Y,0.5652247055685642,0.5463245071395099,0.545264379130177,0.5284844367197884,0.0183930623420138
TMRWI000D42,PH063022144,2019-01-01,Y,0.6586455617926767,0.6127438665921792,0.6309857126534802,0.5609367204405316,0.0354121035234087
TMRWI000D43,PH063022038,2019-01-01,Y,0.6471976717102449,0.6216019584551346,0.6206001547714434,0.5980098525674067,0.0222181061569601
TMRWI000D44,PH063022140,2019-01-01,Y,0.5284844367197884,0.5284844367197884,0.5284844367197884,0.5284844367197884,
TMRWI000D45,PH063022040,2019-01-01,Y,0.5987262555220219,0.5667438844917962,0.5651195200571042,0.5380102423309547,0.0292063883791018
TMRWI000D46,PH063022139,2019-01-01,Y,0.6474059874151413,0.6017702261163099,0.5926799853652243,0.5652247055685642,0.0418379627751061
TMRWI000D47,PH063022138,2019-01-01,Y,0.6242517487857481,0.6242517487857481,0.6242517487857481,0.6242517487857481,
TMRWI000D48,PH063022041,2019-01-01,Y,0.6856742506311809,0.6468446977962097,0.6480934471864842,0.5846660403222143,0.0301675434844016
TMRWI000D49,PH063022137,2019-01-01,Y,0.6132641832320006,0.6097826507756604,0.6097826507756604,0.6063011183193202,0.0049236304175984
TMRWI000D4A,PH063022036,2019-01-01,Y,0.6613172637482644,0.6534057855656175,0.659521261917278,0.6332633546796492,0.0134656837614161
TMRWI000D4B,PH063022167,2019-01-01,Y,0.6566915507734921,0.6062745011576399,0.5916826916087657,0.5704492610906619,0.0449346615862105
TMRWI000D4C,PH063022031,2019-01-01,Y,0.6566915507734921,0.6233282967891216,0.6289205654683694,0.5704492610906619,0.0318218807649686
TMRWI000D4D,PH063022155,2019-01-01,Y,0.6399532429846285,0.585601601581849,0.5734513271067339,0.5555505091293002,0.0395477755001306
TMRWI000D4E,PH063022166,2019-01-01,Y,0.6352372085431762,0.6113590568503916,0.6112838978655776,0.5875560641424211,0.0238406610540933
TMRWI000D4F,PH063022165,2019-01-01,Y,0.6337989956285031,0.5998622537932049,0.5935115033756027,0.575722157416275,0.0222728252855824
TMRWI000D50,PH063022022,2019-01-01,Y,0.6349550400226118,0.619499548886417,0.618371018601868,0.6063011183193202,0.0124870262258022
TMRWI000D51,PH063022164,2019-01-01,Y,0.6576031012105075,0.6070511755077098,0.6075255458455158,0.5555505091293002,0.0474135648067582
TMRWI000D52,PH063022023,2019-01-01,Y,0.6576031012105075,0.6248278355899373,0.6270760885034101,0.5875560641424211,0.0294772229937378
TMRWI000D53,PH063022163,2019-01-01,Y,0.602151943130533,0.5752958232788229,0.580510553826902,0.5380102423309547,0.0271270671125374
TMRWI000D54,PH063022024,2019-01-01,Y,0.6412850675954428,0.6016102515522744,0.6176937604994435,0.5302304873215246,0.0408466593473986
TMRWI000D55,PH063022161,2019-01-01,Y,0.6149827710271312,0.580661869756167,0.580661869756167,0.5463409684852027,0.0485370840502655
TMRWI000D56,PH063022154,2019-01-01,Y,0.6025593055535019,0.5938202294762461,0.5938202294762461,0.5850811533989904,0.0123589199110653
TMRWI000D57,PH063022025,2019-01-01,Y,0.602151943130533,0.5783521935605704,0.5829660336282382,0.5380102423309547,0.0216519045626941
TMRWI000D58,PH063022159,2019-01-01,Y,0.6412816392276368,0.6219204723905694,0.6219204723905694,0.6025593055535019,0.0273808247243489
TMRWI000D59,PH063022026,2019-01-01,Y,0.7065617031074352,0.5883169375354969,0.5793618855344749,0.5298664280055729,0.0589949026871656
TMRWI000D5A,PH063022158,2019-01-01,Y,0.6675241397729195,0.6438584055516094,0.6394870846027699,0.6289353132279785,0.0175735460650874
TMRWI000D5B,PH063022028,2019-01-01,Y,0.5380102423309547,0.5380102423309547,0.5380102423309547,0.5380102423309547,
TMRWI000D5C,PH063022157,2019-01-01,Y,0.6025593055535019,0.5900533523579555,0.5888805693821073,0.5798929651141057,0.0098531601989174
TMRWI000D5D,PH063022029,2019-01-01,Y,0.6649737863339221,0.6496716701740889,0.6480808390407594,0.6375512162809145,0.011448678978826
TMRWI000D5E,PH063022156,2019-01-01,Y,0.6613172637482644,0.6464553114083854,0.6472245018969213,0.6283658724016408,0.0141565799381227
TMRWI000D5F,PH063022030,2019-01-01,Y,0.6848234664805618,0.6205638392110029,0.6255811997502961,0.5554008777449586,0.0409258025959393
TMRWI000D60,PH063022160,2019-01-01,Y,0.6353818607237762,0.6045400254980184,0.5921415421735179,0.575722157416275,0.0221503915429005
TMRWI000D61,PH083747077,2019-01-01,Y,0.5690937277732906,0.5560143281739514,0.5657875342399209,0.5331617225086427,0.0198598569529239
TMRWI000D62,PH063022086,2019-01-01,Y,0.6286492991603307,0.559480511896582,0.5456464161832963,0.5195009613647773,0.0332750306490642
TMRWI000D63,PH083747102,2019-01-01,Y,0.6498537502426445,0.606279021432074,0.6005712223887556,0.5652495226951005,0.0276656048375214
TMRWI000D64,PH034919004,2019-01-01,Y,0.585250932189076,0.4863356392308015,0.5047108288740086,0.3866095041437917,0.0736435425239614
TMRWI000D65,PH083747117,2019-01-01,Y,0.6582264191113317,0.6197701257853685,0.6250098720072711,0.5571201870301283,0.0347780705414603
TMRWI000D66,PH015518011,2019-01-01,Y,0.5967426020700229,0.5699798884736373,0.5761804909716152,0.5360242750656808,0.0229702472757035
TMRWI000D67,PH083747086,2019-01-01,Y,0.6118511624711411,0.6118511624711411,0.6118511624711411,0.6118511624711411,
TMRWI000D68,PH083747116,2019-01-01,Y,0.6524037619825893,0.6120669200421661,0.6171692897335213,0.5615253387190325,0.046209823065289
TMRWI000D69,PH034919003,2019-01-01,Y,0.6414809117075159,0.4746107826857165,0.4828194444831125,0.3387888207030951,0.0720393053970012
TMRWI000D6A,PH015518012,2019-01-01,Y,0.7093238734311115,0.6378687345136964,0.6478440171132314,0.543801223936237,0.0539203030656463
TMRWI000D6B,PH083747087,2019-01-01,Y,0.6709922250334697,0.6276209553576265,0.6118511624711411,0.6000194785682686,0.0380236434467478
TMRWI000D6C,PH083747115,2019-01-01,Y,0.6524037619825893,0.6005100991381523,0.600711804296693,0.5571201870301283,0.0388451467478026
TMRWI000D6D,PH034919001,2019-01-01,Y,0.4996215601876063,0.4159999245817645,0.4105808774931033,0.3632302045304917,0.0301422734610734
TMRWI000D6E,PH083747114,2019-01-01,Y,0.6616523952560877,0.6246962681817116,0.6242691459922649,0.5885943854862289,0.0404222727377535
TMRWI000D6F,PH015518013,2019-01-01,Y,0.6819415347738645,0.6610898563411144,0.6673941295875001,0.6276296314155928,0.0236177330241332
TMRWI000D70,PH083747113,2019-01-01,Y,0.6616523952560877,0.6361577332845494,0.6582264191113317,0.5885943854862289,0.0412266705965217
TMRWI000D71,PH015518014,2019-01-01,Y,0.7008300651929257,0.6570906223916799,0.6909333417290191,0.579508460253095,0.067370098674438
TMRWI000D72,PH083747089,2019-01-01,Y,0.6709922250334697,0.6354565827500563,0.6354073136992435,0.6000194785682686,0.034777193683633
TMRWI000D73,PH015518010,2019-01-01,Y,0.5856078256373819,0.5617147414098638,0.5567176229820981,0.5482769518575752,0.0144239993122241
TMRWI000D74,PH083747085,2019-01-01,Y,0.6118511624711411,0.6059353205197049,0.6059353205197049,0.6000194785682686,0.0083662639205768
TMRWI000D75,PH083747118,2019-01-01,Y,0.6172123423888314,0.6172123423888314,0.6172123423888314,0.6172123423888314,
TMRWI000D76,PH034919005,2019-01-01,Y,0.4725074674521594,0.4284470033757147,0.4281360523685258,0.3939744605798643,0.0212866487006984
TMRWI000D77,PH034919008,2019-01-01,Y,0.4833833920113409,0.4492781201431893,0.4487103036543888,0.3946323914460282,0.0249230026459072
TMRWI000D78,PH083747123,2019-01-01,Y,0.6554424475229884,0.5900220596219142,0.5741239874000823,0.5563978161645037,0.0450907855637932
TMRWI000D79,PH083747081,2019-01-01,Y,0.5690937277732906,0.5690937277732906,0.5690937277732906,0.5690937277732906,
TMRWI000D7A,PH015518006,2019-01-01,Y,0.6595070674319801,0.6026671890922157,0.6093449758672931,0.5161388966526506,0.0454190631315537
TMRWI000D7B,PH034919007,2019-01-01,Y,0.4230075355131507,0.3898867170078028,0.3855379498969614,0.365497697243362,0.0162228340940013
TMRWI000D7C,PH083747122,2019-01-01,Y,0.6554424475229884,0.5964472406247333,0.5876298559877212,0.5563978161645037,0.035639696944354
TMRWI000D7D,PH083747082,2019-01-01,Y,0.5690937277732906,0.5674406310066058,0.5674406310066058,0.5657875342399209,0.0023378318673607
TMRWI000D7E,PH015518032,2019-01-01,Y,0.6499264095132805,0.5925826292079076,0.5912449028472113,0.543801223936237,0.0454187055540377
TMRWI000D7F,PH015518007,2019-01-01,Y,0.6825305611072021,0.5536816054186348,0.5343216592167918,0.5027653363728084,0.0544111861659336
TMRWI000D80,PH034919006,2019-01-01,Y,0.5025192234543219,0.4410508043837557,0.4383731913845641,0.3872388869015223,0.0456617388761933
TMRWI000D81,PH015518008,2019-01-01,Y,0.6862693238179197,0.6030966881252977,0.5905604844262159,0.5242055314277176,0.0495912333913528
TMRWI000D82,PH083747083,2019-01-01,Y,0.6118511624711411,0.5866879757631553,0.5845566031707796,0.5657875342399209,0.0227837731038173
TMRWI000D83,PH083747120,2019-01-01,Y,0.6554424475229884,0.6113427372110726,0.6099207434936267,0.5656795866372607,0.0318548043055283
TMRWI000D84,PH083747119,2019-01-01,Y,0.6172123423888314,0.5914459645130461,0.5914459645130461,0.5656795866372607,0.0364391610451657
TMRWI000D85,PH083747084,2019-01-01,Y,0.6118511624711411,0.5888193483555311,0.5888193483555311,0.5657875342399209,0.0325719038883518
TMRWI000D86,PH015518009,2019-01-01,Y,0.6862693238179197,0.5984232687016445,0.5895829581653396,0.5180754554358101,0.0533186220751617
TMRWI000D87,PH083747121,2019-01-01,Y,0.6648288559191894,0.5779975624762207,0.5656795866372607,0.5016878515914582,0.0452037512595209
TMRWI000D88,PH015518004,2019-01-01,Y,0.733501164666773,0.691941722021315,0.7134267567808064,0.6288972446163654,0.055513062079482
TMRWI000D89,PH083747112,2019-01-01,Y,0.6667857835279151,0.6390108547567439,0.6616523952560877,0.5885943854862289,0.0437373204376527
TMRWI000D8A,PH083747090,2019-01-01,Y,0.6709922250334697,0.6355058518008692,0.6355058518008692,0.6000194785682686,0.0501853103049772
TMRWI000D8B,PH083747095,2019-01-01,Y,0.6139817054137887,0.6102367239818898,0.6102367239818898,0.6064917425499909,0.0052962035318268
TMRWI000D8C,PH083747103,2019-01-01,Y,0.6498537502426445,0.6264635924029581,0.6289658045774744,0.6005712223887556,0.0247363636624718
TMRWI000D8D,PH015518027,2019-01-01,Y,0.6034788320756678,0.554720086925737,0.5432968335311744,0.523115344601582,0.0281604781468646
TMRWI000D8E,PH015518021,2019-01-01,Y,0.6819415347738645,0.6288558177160276,0.6387780204644367,0.543801223936237,0.049994819269282
TMRWI000D8F,PH083747096,2019-01-01,Y,0.6139817054137887,0.6015197203220458,0.6064917425499909,0.5840857130023577,0.0155558138437842
TMRWI000D90,PH015518022,2019-01-01,Y,0.6819415347738645,0.5996194898143166,0.601502538533885,0.5482769518575752,0.0404398580679564
TMRWI000D91,PH015518026,2019-01-01,Y,0.6367203342687635,0.6361349784698638,0.6361349784698638,0.635549622670964,0.0008278181096177
TMRWI000D92,PH083747101,2019-01-01,Y,0.5833966676452191,0.5790250816133135,0.5790250816133135,0.5746534955814078,0.0061823562554017
TMRWI000D93,PH083747097,2019-01-01,Y,0.6139817054137887,0.5982924501754376,0.5975511911428022,0.5840857130023577,0.0142472214820433
TMRWI000D94,PH015518023,2019-01-01,Y,0.733501164666773,0.6476387552460113,0.6506529354576547,0.5519909134757974,0.0716401439048684
TMRWI000D95,PH083747100,2019-01-01,Y,0.6005712223887556,0.5860486453662459,0.5833966676452191,0.5746534955814078,0.0095338547861789
TMRWI000D96,PH015518025,2019-01-01,Y,0.733501164666773,0.6686691281193652,0.6542799856183268,0.6276296314155928,0.0458328677876953
TMRWI000D97,PH083747098,2019-01-01,Y,0.6139817054137887,0.5955593527172532,0.5886106397356133,0.5840857130023577,0.0161138465191273
TMRWI000D98,PH015518024,2019-01-01,Y,0.6819415347738645,0.6420000331001539,0.6288972446163654,0.5991231283960029,0.0344115771358852
TMRWI000D99,PH083747099,2019-01-01,Y,0.5886106397356133,0.5824499494397929,0.5840857130023577,0.5746534955814078,0.007120903036819
TMRWI000D9A,PH083747104,2019-01-01,Y,0.6498537502426445,0.6394097774100594,0.6394097774100594,0.6289658045774744,0.0147700080248978
TMRWI000D9B,PH015518020,2019-01-01,Y,0.6595070674319801,0.5963044247344421,0.5803414767194686,0.5581353796667397,0.0391319988837773
TMRWI000D9C,PH015518028,2019-01-01,Y,0.6034788320756678,0.550306502048741,0.5438112048566568,0.523115344601582,0.0232783182020967
TMRWI000D9D,PH083747094,2019-01-01,Y,0.6601850863938765,0.6384853517111297,0.6509653052452531,0.5918257099601364,0.0320822326645185
TMRWI000D9E,PH083747110,2019-01-01,Y,0.6667857835279151,0.6402927125207334,0.6582264191113317,0.5842112662045547,0.0343476804457301
TMRWI000D9F,PH015518031,2019-01-01,Y,0.7421917988784318,0.648407608838111,0.6466744540549055,0.5519909134757974,0.0681841261509171
TMRWI000DA0,PH015518016,2019-01-01,Y,0.5665976351736889,0.5503635340637116,0.5482769518575752,0.5331900608178634,0.0112781687522981
TMRWI000DA1,PH083747109,2019-01-01,Y,0.6703909729685043,0.635273465984903,0.6324954317096599,0.5842112662045547,0.0335365365544258
TMRWI000DA2,PH083747091,2019-01-01,Y,0.6709922250334697,0.6569739270627268,0.6569739270627268,0.6429556290919841,0.0198248671116116
TMRWI000DA3,PH015518030,2019-01-01,Y,0.6499264095132805,0.5946505586916828,0.6002081667056994,0.5441066865924619,0.0372611693009305
TMRWI000DA4,PH083747108,2019-01-01,Y,0.6589749813985221,0.6314522481438061,0.641311372486074,0.5842112662045547,0.0333619419375531
TMRWI000DA5,PH015518015,2019-01-01,Y,0.7008300651929257,0.661842111476578,0.6617123944651186,0.635549622670964,0.0252026650956434
TMRWI000DA6,PH015518017,2019-01-01,Y,0.7421917988784318,0.62203424815997,0.6245688113854118,0.5360242750656808,0.0549579033248638
TMRWI000DA7,PH083747107,2019-01-01,Y,0.6589749813985221,0.654551147330505,0.654551147330505,0.6501273132624878,0.0062562461366779
TMRWI000DA8,PH015518018,2019-01-01,Y,0.7421917988784318,0.6744086207414469,0.6775325863119724,0.6245688113854118,0.0386232757200469
TMRWI000DA9,PH015518029,2019-01-01,Y,0.6053755836484089,0.5689878801155208,0.5778697140940934,0.5207454838235184,0.0317773428208901
TMRWI000DAA,PH083747093,2019-01-01,Y,0.6589749813985221,0.6506859745843313,0.6501273132624878,0.6429556290919841,0.0080242749787528
TMRWI000DAB,PH083747106,2019-01-01,Y,0.6589749813985221,0.6235425444600141,0.6501273132624878,0.5615253387190325,0.0538903577998957
TMRWI000DAC,PH015518019,2019-01-01,Y,0.6184934586310638,0.5712665420056904,0.5625125313596882,0.5161388966526506,0.0341958320392862
TMRWI000DAD,PH083747105,2019-01-01,Y,0.6883744307836805,0.6123247555886063,0.605886068154273,0.5652495226951005,0.0382820892322231
TMRWI000DAE,PH083747092,2019-01-01,Y,0.6709922250334697,0.6582741013616691,0.6595742756606111,0.6429556290919841,0.0115547010393652
TMRWI000DAF,PH083747124,2019-01-01,Y,0.6305925020781812,0.602703392141472,0.6064917425499909,0.5652495226951005,0.0171367496121188
TMRWI000DB0,PH083747088,2019-01-01,Y,0.6601850863938765,0.6483278134592487,0.655595328007248,0.6219355114286226,0.017939442168565
TMRWI000DB1,PH034919011,2019-01-01,Y,0.4833833920113409,0.4527935635944283,0.4487885884340042,0.4150001619527978,0.0195107190212562
TMRWI000DB2,PH083747080,2019-01-01,Y,0.5690937277732906,0.5690937277732906,0.5690937277732906,0.5690937277732906,
TMRWI000DB3,PH083747125,2019-01-01,Y,0.670536037224543,0.6263379668298507,0.6224869343668461,0.5800831851132024,0.0300562960930677
TMRWI000DB4,PH083747078,2019-01-01,Y,0.5657875342399209,0.5657875342399209,0.5657875342399209,0.5657875342399209,
TMRWI000DB5,PH034919010,2019-01-01,Y,0.585250932189076,0.4526198817994454,0.4177210538920814,0.3798146290319045,0.0750155460927186
TMRWI000DB6,PH015518001,2019-01-01,Y,0.733501164666773,0.6676048571115292,0.6686687477788176,0.635549622670964,0.0332191880426148
TMRWI000DB7,PH083747127,2019-01-01,Y,0.6083451376741513,0.5515123027330887,0.5534761707967223,0.4918078507205587,0.0288021495118314
TMRWI000DB8,PH015518003,2019-01-01,Y,0.6288972446163654,0.6282634380159791,0.6282634380159791,0.6276296314155928,0.0008963378901878
TMRWI000DB9,PH083747128,2019-01-01,Y,0.6302090259045624,0.5698686334861497,0.5651170367284479,0.5414228216857162,0.0294258734795494
TMRWI000DBA,PH083747079,2019-01-01,Y,0.6118603304274921,0.5964996757128515,0.6118511624711411,0.5657875342399209,0.026597495115195
TMRWI000DBB,PH015518002,2019-01-01,Y,0.7093238734311115,0.6710202919503412,0.6827305997627982,0.579508460253095,0.0471996511330053
TMRWI000DBC,PH137503007,2020-01-01,Y,0.7003161329458558,0.668256125567644,0.668256125567644,0.6361961181894321,0.0453396972440487
TMRWI000DBD,PH112402115,2020-01-01,Y,0.5554494931188071,0.4827618757555222,0.4883476186410778,0.4166774936754018,0.0389576301074991
TMRWI000DBE,PH112402026,2020-01-01,Y,0.7078436186848718,0.5861411050496409,0.570402071547402,0.4963057557254244,0.0543497096380589
TMRWI000DBF,PH112402036,2020-01-01,Y,0.6744539596490371,0.6544021239265551,0.659354544831636,0.6232866806508947,0.018939302309105
TMRWI000DC0,PH063022015,2020-01-01,Y,0.7067800895857403,0.678267796156448,0.6825016812219673,0.6412877325961174,0.0294488972045143
TMRWI000DC1,PH063022080,2020-01-01,Y,0.681725622398358,0.681725622398358,0.681725622398358,0.681725622398358,
TMRWI000DC2,PH063022174,2020-01-01,Y,0.717522254342764,0.6899172192408318,0.7061018678532448,0.629942886914074,0.0412064582058857
TMRWI000DC3,PH063022014,2020-01-01,Y,0.6227583182253232,0.6211607298020847,0.6211607298020847,0.6195631413788463,0.002259331215234
TMRWI000DC4,PH104305039,2020-01-01,Y,0.3736274027340813,0.3034354309361655,0.3060365321555183,0.2548494030497732,0.0302296495916548
TMRWI000DC5,PH063022173,2020-01-01,Y,0.6806301287830238,0.6386606136617612,0.6484531248180461,0.577106076227929,0.0458812296425248
TMRWI000DC6,PH137603008,2020-01-01,Y,0.7857297188925433,0.6904782412767752,0.6878045291590911,0.5897589937843106,0.0494790487050223
TMRWI000DC7,PH104305040,2020-01-01,Y,0.6570807593866764,0.5886908742673616,0.6138975640769349,0.5014270367958688,0.0579433208333372
TMRWI000DC8,PH112402114,2020-01-01,Y,0.4863740792516365,0.4121998054407432,0.411855376529889,0.3459708083482012,0.0404248611469893
TMRWI000DC9,PH063022016,2020-01-01,Y,0.6647762241665588,0.6210590587155117,0.6187201664907284,0.579015413411081,0.0417937394749252
TMRWI000DCA,PH063022172,2020-01-01,Y,0.6558813908062732,0.6554565545750051,0.6554565545750051,0.6550317183437369,0.0006008091600469
TMRWI000DCB,PH083747107,2020-01-01,Y,0.6986490594144521,0.6887055762632113,0.6887055762632113,0.6787620931119706,0.014062208729713
TMRWI000DCC,PH104305041,2020-01-01,Y,0.635333404667369,0.4977638957115914,0.4706428196170288,0.4160358928208167,0.0736305427202682
TMRWI000DCD,PH112402113,2020-01-01,Y,0.5420966734004431,0.4747408319984042,0.4837874633799162,0.3709503073123049,0.0510068310904134
TMRWI000DCE,PH063022171,2020-01-01,Y,0.6521113381587961,0.6076960798555017,0.6021212694539044,0.5617728230952252,0.0376030477261473
TMRWI000DCF,PH104305042,2020-01-01,Y,0.6988195930311147,0.6168422631393204,0.6279371252144701,0.5287197096279977,0.0502001172453998
TMRWI000DD0,PH063022017,2020-01-01,Y,0.717522254342764,0.6698878384671172,0.6558813908062732,0.6362598702523145,0.0424031743985389
TMRWI000DD1,PH063022091,2020-01-01,Y,0.6551031613837448,0.6081500904270365,0.6081500904270365,0.5611970194703282,0.0664016697420431
TMRWI000DD2,PH112402112,2020-01-01,Y,0.5345356868891078,0.4859263943984653,0.4844286661042454,0.434057376392556,0.030991369344008
TMRWI000DD3,PH083747150,2020-01-01,Y,0.6979904982962373,0.6568786822893151,0.6492555070858503,0.625238536060333,0.0223777498179683
TMRWI000DD4,PH015518018,2020-01-01,Y,0.7499183192414991,0.7126384441424101,0.7304098342490097,0.6566620202746586,0.0369196103046208
TMRWI000DD5,PH063022012,2020-01-01,Y,0.7043545624936884,0.6558207426605687,0.6663436734097241,0.5862410613291379,0.0537501664451462
TMRWI000DD6,PH063022175,2020-01-01,Y,0.6830755986562429,0.642809076667999,0.6381571099247714,0.5611970194703282,0.0367194946892705
TMRWI000DD7,PH063022181,2020-01-01,Y,0.681725622398358,0.6743970469173768,0.6743970469173768,0.6670684714363955,0.0103641708380786
TMRWI000DD8,PH104305033,2020-01-01,Y,0.7044386997176716,0.6927545419346001,0.6927545419346001,0.6810703841515285,0.0165238944017269
TMRWI000DD9,PH083747105,2020-01-01,Y,0.6757280906909796,0.6279758799662708,0.6353267862255608,0.573080670260154,0.0372471838474431
TMRWI000DDA,PH063022009,2020-01-01,Y,0.6551031613837448,0.630597173131291,0.625202726428501,0.6114856315816275,0.0223035259080617
TMRWI000DDB,PH063022179,2020-01-01,Y,0.6813097816884764,0.6216625616363441,0.6427741862224521,0.5363106534322397,0.0425163253806294
TMRWI000DDC,PH015518019,2020-01-01,Y,0.6860500807932243,0.591413493410835,0.5910730712591663,0.5185219435999319,0.0566299196201626
TMRWI000DDD,PH104305034,2020-01-01,Y,0.7044386997176716,0.6927545419346001,0.6927545419346001,0.6810703841515285,0.0165238944017269
TMRWI000DDE,PH112402119,2020-01-01,Y,0.4445216291431431,0.3812117944531345,0.3740068928991596,0.3376704623943838,0.0324140699276159
TMRWI000DDF,PH112402037,2020-01-01,Y,0.5766773051274686,0.5058216924265697,0.5124669501229439,0.4332149246853005,0.0341025803154185
TMRWI000DE0,PH063022010,2020-01-01,Y,0.6645715437903803,0.6199278039847125,0.6298312646612143,0.5539769476342503,0.0332202195701484
TMRWI000DE1,PH063022178,2020-01-01,Y,0.6915806602005697,0.6698248401333757,0.6827568863744135,0.6114856315816275,0.0331657885008554
TMRWI000DE2,PH137503006,2020-01-01,Y,0.7003161329458558,0.7003161329458558,0.7003161329458558,0.7003161329458558,
TMRWI000DE3,PH104305038,2020-01-01,Y,0.534107036785085,0.3806188736018632,0.3581577775804381,0.2436160842808249,0.0631740914969306
TMRWI000DE4,PH104305035,2020-01-01,Y,0.7044386997176716,0.6811147744370659,0.6876191253698425,0.6447821472909072,0.026041316345629
TMRWI000DE5,PH063022011,2020-01-01,Y,0.6813097816884764,0.6222382907845693,0.6333603278529205,0.5363106534322397,0.0406910553000126
TMRWI000DE6,PH063022177,2020-01-01,Y,0.6660147186753248,0.6128995976578219,0.6200557812574625,0.5357500484873928,0.0419651077279659
TMRWI000DE7,PH083747151,2020-01-01,Y,0.6485678670999548,0.6446723507285612,0.6459951043812288,0.6394540807045,0.0046986735931247
TMRWI000DE8,PH104305036,2020-01-01,Y,0.7044386997176716,0.6927545419346001,0.6927545419346001,0.6810703841515285,0.0165238944017269
TMRWI000DE9,PH112402117,2020-01-01,Y,0.6688392834600141,0.5516961154796989,0.5406473933723125,0.4962905088238555,0.045551180586434
TMRWI000DEA,PH083747130,2020-01-01,Y,0.6986490594144521,0.6463962669346247,0.6545213102148698,0.5774252150162233,0.0401823472103993
TMRWI000DEB,PH063022176,2020-01-01,Y,0.7163749489681386,0.6633598190993875,0.6670684714363955,0.6206535832941168,0.0386620608720453
TMRWI000DEC,PH083747106,2020-01-01,Y,0.6986490594144521,0.646800436469816,0.6787620931119706,0.5629901568830253,0.073259778053793
TMRWI000DED,PH104305037,2020-01-01,Y,0.6714568358231581,0.5943175522874368,0.607769374977635,0.5014270367958688,0.055408693214703
TMRWI000DEE,PH063022090,2020-01-01,Y,0.641022505056503,0.6377469174133229,0.6377469174133229,0.6344713297701428,0.004632380469727
TMRWI000DEF,PH063022170,2020-01-01,Y,0.6830755986562429,0.6274765760171142,0.6381571099247714,0.5611970194703282,0.0616372644551068
TMRWI000DF0,PH112402116,2020-01-01,Y,0.7165320882789564,0.646864753740262,0.6494018049073144,0.575524735367628,0.0351603865606498
TMRWI000DF1,PH112402118,2020-01-01,Y,0.5100361632192996,0.4339509633960124,0.4313851331437133,0.3546689466545379,0.0328611901439324
TMRWI000DF2,PH015518017,2020-01-01,Y,0.7453132094643331,0.6557756564406374,0.6499041730797223,0.5673810237277028,0.0574370990828638
TMRWI000DF3,PH063022018,2020-01-01,Y,0.6551031613837448,0.6195771551861644,0.6310042199452924,0.5611970194703282,0.0409626685763417
TMRWI000DF4,PH112402045,2020-01-01,Y,0.4170492867502783,0.3509194403368363,0.3565994642763739,0.2736703256033329,0.0322117933260313
TMRWI000DF5,PH063022023,2020-01-01,Y,0.6853854302716921,0.6600952605577249,0.6544145946849723,0.6461664225892632,0.0178198403957583
TMRWI000DF6,PH063022163,2020-01-01,Y,0.6551031613837448,0.6283852066969001,0.6245270281971573,0.6093836090095412,0.0191971702445261
TMRWI000DF7,PH137503009,2020-01-01,Y,0.7279807416791891,0.6574305721141387,0.6617234760720576,0.5991720131213674,0.0387334358663763
TMRWI000DF8,PH104305050,2020-01-01,Y,0.6368419822983152,0.5430397315917405,0.5340358807196539,0.4899941427847072,0.0368919278838292
TMRWI000DF9,PH112402047,2020-01-01,Y,0.5279525575462743,0.4384156051368401,0.4424908160593043,0.3610691250397994,0.0392694540994216
TMRWI000DFA,PH112402104,2020-01-01,Y,0.6119282419552191,0.5393436333529139,0.5294520890518819,0.4609037497830361,0.037593535599177
TMRWI000DFB,PH063022024,2020-01-01,Y,0.6651369197660452,0.6185987395954614,0.6342329148145647,0.5357500484873928,0.0456651549876442
TMRWI000DFC,PH063022161,2020-01-01,Y,0.6830755986562429,0.6221363090632855,0.6221363090632855,0.5611970194703282,0.0861811698237419
TMRWI000DFD,PH104305051,2020-01-01,Y,0.7050016283872925,0.6272051749104818,0.627831751293169,0.5127207968828561,0.051890440805917
TMRWI000DFE,PH112402102,2020-01-01,Y,0.4251644835184628,0.3775783590672971,0.3750441254683319,0.3331159122812008,0.0277283652401794
TMRWI000DFF,PH083747147,2020-01-01,Y,0.6928793247422926,0.6512053062556646,0.6901634014759713,0.57057319254873,0.069842661607596
TMRWI000E00,PH063022160,2020-01-01,Y,0.7163749489681386,0.6767863459111031,0.6868589406826452,0.6114856315816275,0.0286272400964501
TMRWI000E01,PH112402034,2020-01-01,Y,0.4215758136833215,0.3057279377919118,0.3178196226251162,0.1744617272609835,0.051574186813637
TMRWI000E02,PH015518002,2020-01-01,Y,0.7499183192414991,0.7128638540503381,0.7157054680157915,0.6804569835611349,0.0283757747707951
TMRWI000E03,PH104305052,2020-01-01,Y,0.722493586710851,0.6592239611040409,0.6694333708293927,0.5122146966666792,0.047871481121787
TMRWI000E04,PH083747127,2020-01-01,Y,0.6292741062303121,0.5634415704908732,0.5605341062188467,0.5304637753153465,0.0273154853927323
TMRWI000E05,PH112402101,2020-01-01,Y,0.7212420980569944,0.6311315781372097,0.6282892323798362,0.5539652222029781,0.0325268431991274
TMRWI000E06,PH063022159,2020-01-01,Y,0.6841509156601066,0.6791050908121669,0.6791050908121669,0.6740592659642272,0.0071358739333154
TMRWI000E07,PH083747110,2020-01-01,Y,0.6979904982962373,0.6619788126415893,0.6556683795730072,0.6394540807045,0.0227087435369222
TMRWI000E08,PH104305053,2020-01-01,Y,0.6953655680651487,0.6553989407074077,0.6595163615017274,0.5844525985657786,0.0313097180327115
TMRWI000E09,PH015518015,2020-01-01,Y,0.733918555803712,0.6841968723996276,0.6805988281716617,0.6566620202746586,0.0261317559149635
TMRWI000E0A,PH063022026,2020-01-01,Y,0.6813097816884764,0.614826572518369,0.6275243243234501,0.5281835219103002,0.0504890615819765
TMRWI000E0B,PH063022158,2020-01-01,Y,0.7163749489681386,0.6737779824292415,0.6743970469173768,0.629942886914074,0.0357966463791493
TMRWI000E0C,PH063022093,2020-01-01,Y,0.6830755986562429,0.6312682101355191,0.6404001112077529,0.5611970194703282,0.0589654523162178
TMRWI000E0D,PH104305054,2020-01-01,Y,0.6954134135606357,0.5202920536073901,0.5082260374424676,0.4225038143198608,0.0658561529913594
TMRWI000E0E,PH112402100,2020-01-01,Y,0.5495600966202869,0.4704290023174857,0.471940769987842,0.4012142874975255,0.0411613065840313
TMRWI000E0F,PH137503010,2020-01-01,Y,0.7257404130358769,0.674455408379511,0.6825989190912826,0.6050359211554397,0.0459242849752588
TMRWI000E10,PH063022028,2020-01-01,Y,0.6551031613837448,0.6551031613837448,0.6551031613837448,0.6551031613837448,
TMRWI000E11,PH063022025,2020-01-01,Y,0.6912770106665268,0.6475117682730474,0.6401529439061229,0.6114856315816275,0.0360679379344179
TMRWI000E12,PH104305043,2020-01-01,Y,0.7268007957258782,0.6162398319903406,0.6312513516341763,0.5083900713844736,0.0632033790686349
TMRWI000E13,PH112402105,2020-01-01,Y,0.5648360622682378,0.4555024861592566,0.4544047424263921,0.3580953058711633,0.0366092315911168
TMRWI000E14,PH083747109,2020-01-01,Y,0.6718932805127189,0.6529162444208899,0.6556683795730072,0.6173268083266656,0.0197338460880422
TMRWI000E15,PH112402120,2020-01-01,Y,0.5256907591951192,0.4243810930630655,0.4150635954538685,0.3376704623943838,0.0451805102420704
TMRWI000E16,PH063022169,2020-01-01,Y,0.6813420911231468,0.6761505460596832,0.67957267882268,0.6675368682332228,0.0075119431071995
TMRWI000E17,PH083747149,2020-01-01,Y,0.6901634014759713,0.6335638765931492,0.6381605782161767,0.5774252150162233,0.0454161358490532
TMRWI000E18,PH104305044,2020-01-01,Y,0.7165349452092419,0.6539654605803141,0.6593631242716462,0.5624413064617204,0.0393987905487298
TMRWI000E19,PH112402110,2020-01-01,Y,0.6724229873111469,0.5869115175974321,0.5781162168414348,0.5287817703260795,0.0429246428462796
TMRWI000E1A,PH063022079,2020-01-01,Y,0.681725622398358,0.6555667425520563,0.6550317183437369,0.629942886914074,0.0258955133514755
TMRWI000E1B,PH112402035,2020-01-01,Y,0.7276836412514117,0.6227473027972799,0.6277503800950168,0.5541733190614786,0.0466867113314391
TMRWI000E1C,PH063022019,2020-01-01,Y,0.6813097816884764,0.622025541326874,0.6423176526906644,0.5499940301636448,0.0436496335894495
TMRWI000E1D,PH063022168,2020-01-01,Y,0.6853854302716921,0.6508714481552854,0.6548382853501141,0.5933097120395114,0.0274946533159342
TMRWI000E1E,PH083747108,2020-01-01,Y,0.6986490594144521,0.6715388226065147,0.6740260751535533,0.6394540807045,0.0246416191660352
TMRWI000E1F,PH104305045,2020-01-01,Y,0.7032959353965366,0.6699478942342765,0.676988342246539,0.627488730464806,0.0286447087862719
TMRWI000E20,PH112402108,2020-01-01,Y,0.4703223173672525,0.3673527305123066,0.3688995033142631,0.2943590547988745,0.0373563360788471
TMRWI000E21,PH137503008,2020-01-01,Y,0.7279807416791891,0.6542623234445775,0.6531513840134977,0.5827657840721251,0.0608922293357104
TMRWI000E22,PH104305049,2020-01-01,Y,0.719450060213928,0.599734096589532,0.6184323656175656,0.5109374093439125,0.0614641033966805
TMRWI000E23,PH063022020,2020-01-01,Y,0.6813420911231468,0.6783932772543733,0.6783932772543733,0.6754444633855996,0.0041702525661335
TMRWI000E24,PH104305046,2020-01-01,Y,0.6675438252468945,0.5517512183446371,0.5335268771576824,0.4649718915665733,0.05956734566246
TMRWI000E25,PH112402107,2020-01-01,Y,0.5673338569442206,0.5093396307188762,0.5150403616221918,0.4235779078208334,0.0336534713873444
TMRWI000E26,PH063022166,2020-01-01,Y,0.6491946811625917,0.6394717590789537,0.6461664225892632,0.6230541734850062,0.0142984413502898
TMRWI000E27,PH015518016,2020-01-01,Y,0.5779388997629912,0.5494966089313719,0.5605812948823896,0.5027549343955157,0.0271867012099936
TMRWI000E28,PH104305047,2020-01-01,Y,0.4399988313638973,0.3200353168166293,0.3133506096014802,0.1965804441338446,0.0569761902342108
TMRWI000E29,PH063022021,2020-01-01,Y,0.6912770106665268,0.6430969667002833,0.6412877325961174,0.6114856315816275,0.030223736790968
TMRWI000E2A,PH112402106,2020-01-01,Y,0.452166413406977,0.3522398679433774,0.3516551666941417,0.2302335007346649,0.039956596817906
TMRWI000E2B,PH063022165,2020-01-01,Y,0.6878217482200009,0.6420015781450369,0.636680222849229,0.6038623690798682,0.0365381725494902
TMRWI000E2C,PH083747148,2020-01-01,Y,0.6763792768821544,0.6306550233715181,0.6381605782161767,0.5774252150162233,0.0499021703444475
TMRWI000E2D,PH104305048,2020-01-01,Y,0.6310292834205613,0.4950494735305087,0.4905240606324463,0.4313150032118914,0.04070104058776
TMRWI000E2E,PH063022092,2020-01-01,Y,0.6754444633855996,0.6702273124099187,0.6702273124099187,0.6650101614342379,0.0073781656667559
TMRWI000E2F,PH063022022,2020-01-01,Y,0.717522254342764,0.6610337112928736,0.6460706305292938,0.6344713297701428,0.0388878953504299
TMRWI000E30,PH063022164,2020-01-01,Y,0.6853854302716921,0.6431185545882819,0.6499488776464122,0.5871910327886113,0.040972743107929
TMRWI000E31,PH063022167,2020-01-01,Y,0.6928784076097381,0.6579611711876727,0.6512958833349134,0.6297092226183668,0.0321077253902954
TMRWI000E32,PH063022008,2020-01-01,Y,0.681725622398358,0.6735530745778682,0.6735530745778682,0.6653805267573784,0.0115577279668793
TMRWI000E33,PH083747152,2020-01-01,Y,0.676888547768261,0.6263649838529423,0.6354716507023401,0.5672801973432606,0.0373566265677381
TMRWI000E34,PH104305032,2020-01-01,Y,0.6941678665881564,0.6694750069395319,0.6694750069395319,0.6447821472909072,0.0349209770088602
TMRWI000E35,PH015518023,2020-01-01,Y,0.7312537112119264,0.6724359110772703,0.6936778208889891,0.6012860065366642,0.0556498406929361
TMRWI000E36,PH050506067,2020-01-01,Y,0.6662896129114186,0.6277538947154055,0.6448731391246015,0.5549796877010004,0.0510179868407703
TMRWI000E37,PH063022201,2020-01-01,Y,0.7183234690084978,0.6767959682829277,0.6787543154302098,0.6187201664907284,0.027395616188163
TMRWI000E38,PH104305015,2020-01-01,Y,0.7032959353965366,0.6653923329306712,0.6653923329306712,0.627488730464806,0.0536037886700249
TMRWI000E39,PH112402136,2020-01-01,Y,0.6791501493872366,0.621828887700232,0.6228413244760586,0.5624827524615745,0.0573172694498053
TMRWI000E3A,PH137503002,2020-01-01,Y,0.7279807416791891,0.6881643309381591,0.7003161329458558,0.6361961181894321,0.047083479016687
TMRWI000E3B,PH050506069,2020-01-01,Y,0.6583171882603555,0.6263959533766831,0.6309379097322024,0.5876545895702897,0.0264124732681061
TMRWI000E3C,PH063022200,2020-01-01,Y,0.641022505056503,0.6377469174133229,0.6377469174133229,0.6344713297701428,0.004632380469727
TMRWI000E3D,PH112402042,2020-01-01,Y,0.5071664198345455,0.4167127015492689,0.3992635070749966,0.3775554920437953,0.0390548410978578
TMRWI000E3E,PH104305016,2020-01-01,Y,0.6810703841515285,0.6810703841515285,0.6810703841515285,0.6810703841515285,
TMRWI000E3F,PH112402135,2020-01-01,Y,0.6618673879845626,0.6027218004712306,0.5838152609675545,0.5624827524615745,0.0523203533198347
TMRWI000E40,PH097332001,2020-01-01,Y,0.5460059257925765,0.4758132252519231,0.4742759712906964,0.4054544156446888,0.0424519718322611
TMRWI000E41,PH063022199,2020-01-01,Y,0.6834493648961923,0.6181824881488309,0.6080635994529227,0.5657267275133083,0.0487311772092921
TMRWI000E42,PH112402039,2020-01-01,Y,0.4752316730188904,0.4023247575971124,0.392147618158419,0.354626494985239,0.0386441161764255
TMRWI000E43,PH104305017,2020-01-01,Y,0.689395676575747,0.6869694951197162,0.6869694951197162,0.6845433136636854,0.0034311387198968
TMRWI000E44,PH050506070,2020-01-01,Y,0.7171533566376306,0.5749474990212684,0.553386512998822,0.4783144136636175,0.0685509088425916
TMRWI000E45,PH112402134,2020-01-01,Y,0.6618673879845626,0.6075051204382728,0.602835170653477,0.5624827524615745,0.0449981285558543
TMRWI000E46,PH063022198,2020-01-01,Y,0.6686203070705018,0.6686203070705018,0.6686203070705018,0.6686203070705018,
TMRWI000E47,PH083747101,2020-01-01,Y,0.5922152312225193,0.5812831064185885,0.5812831064185885,0.5703509816146577,0.0154603591632742
TMRWI000E48,PH104305018,2020-01-01,Y,0.689395676575747,0.6790577557215343,0.6790577557215343,0.6687198348673217,0.0146200278787672
TMRWI000E49,PH015518001,2020-01-01,Y,0.7312537112119264,0.6923997499166553,0.6807406727821885,0.6566620202746586,0.0269087662086741
TMRWI000E4A,PH050506071,2020-01-01,Y,0.561708705851285,0.4728935525330054,0.4687996373301412,0.4108674012024973,0.0507460837765641
TMRWI000E4B,PH063022197,2020-01-01,Y,0.6362598702523145,0.6353656000112287,0.6353656000112287,0.6344713297701428,0.0012646891033702
TMRWI000E4C,PH015518022,2020-01-01,Y,0.7285393146275516,0.638854490633038,0.6337889976483154,0.5502780038255518,0.0624535823467853
TMRWI000E4D,PH104305019,2020-01-01,Y,0.689395676575747,0.66753688889289,0.6766315742655036,0.627488730464806,0.0281204518521559
TMRWI000E4E,PH112402133,2020-01-01,Y,0.5332190974578759,0.456083461020322,0.4527258600048071,0.3751504009576664,0.0378607400362428
TMRWI000E4F,PH063022088,2020-01-01,Y,0.6650101614342379,0.6422866514065421,0.6422866514065421,0.6195631413788463,0.0321358960658884
TMRWI000E50,PH112402137,2020-01-01,Y,0.6955061216618941,0.655084730000312,0.6705087686858996,0.5838152609675545,0.0494583157135719
TMRWI000E51,PH104305014,2020-01-01,Y,0.7032959353965366,0.6653923329306712,0.6653923329306712,0.627488730464806,0.0536037886700249
TMRWI000E52,PH083747100,2020-01-01,Y,0.6684407240320235,0.6043277434882828,0.5922152312225193,0.5703509816146577,0.0388718280712511
TMRWI000E53,PH063022202,2020-01-01,Y,0.6963830553734327,0.661522167940927,0.6686203070705018,0.6195631413788463,0.0388987465204345
TMRWI000E54,PH050506062,2020-01-01,Y,0.7042473178111177,0.6028727339647076,0.6098269946065173,0.5093754319298058,0.049315207916734
TMRWI000E55,PH072230005,2020-01-01,Y,0.7704153934609822,0.7019909381892692,0.6979012841276955,0.6383742668125111,0.0410586119909105
TMRWI000E56,PH097332004,2020-01-01,Y,0.7031926899463639,0.6246651551746939,0.6195351446246287,0.5371247587226988,0.0490952047393003
TMRWI000E57,PH104305009,2020-01-01,Y,0.7044386997176716,0.7038673175571041,0.7038673175571041,0.7032959353965366,0.0008080564007726
TMRWI000E58,PH112402141,2020-01-01,Y,0.7374456558028655,0.6922919038021601,0.6955752672014267,0.6072382352901995,0.0407121225308687
TMRWI000E59,PH112402041,2020-01-01,Y,0.4861967890717613,0.4143556108894214,0.4109515050782238,0.3492328080502288,0.0382616633739819
TMRWI000E5A,PH050506063,2020-01-01,Y,0.6746126027597952,0.5886862252526541,0.5670611699312691,0.5454658831543802,0.049892610762599
TMRWI000E5B,PH072230004,2020-01-01,Y,0.6927858545391641,0.6428311478748141,0.6468842519060106,0.57029744028126,0.041781692685294
TMRWI000E5C,PH083747099,2020-01-01,Y,0.6684407240320235,0.6305299242925461,0.6309338176230952,0.5922152312225193,0.0381143514424657
TMRWI000E5D,PH104305010,2020-01-01,Y,0.7044386997176716,0.7006341672341215,0.7032959353965366,0.6941678665881564,0.0056290550367198
TMRWI000E5E,PH112402140,2020-01-01,Y,0.6955752672014267,0.6511894943500657,0.6791501493872366,0.5838152609675545,0.0518224445391224
TMRWI000E5F,PH063022085,2020-01-01,Y,0.6963830553734327,0.661522167940927,0.6686203070705018,0.6195631413788463,0.0388987465204345
TMRWI000E60,PH050506064,2020-01-01,Y,0.6727060404743105,0.6343323495092825,0.6493255096731102,0.5576681130356045,0.0351721625503809
TMRWI000E61,PH050506072,2020-01-01,Y,0.7048315853969538,0.6928329947140993,0.6925901621268938,0.6813200692056557,0.0096510709661586
TMRWI000E62,PH072230003,2020-01-01,Y,0.7414750213423155,0.708046187733797,0.7120057651764999,0.6507509948785932,0.0287272406638781
TMRWI000E63,PH137503001,2020-01-01,Y,0.7257404130358769,0.7130282729908664,0.7130282729908664,0.7003161329458558,0.01797768085844
TMRWI000E64,PH104305011,2020-01-01,Y,0.7044386997176716,0.7038673175571041,0.7038673175571041,0.7032959353965366,0.0008080564007726
TMRWI000E65,PH112402139,2020-01-01,Y,0.6072382352901995,0.5955267481288771,0.5955267481288771,0.5838152609675545,0.0165625439791005
TMRWI000E66,PH072230002,2020-01-01,Y,0.6968704635192493,0.6764283641301096,0.6844084795558425,0.6400260338895043,0.0256222173615201
TMRWI000E67,PH104305012,2020-01-01,Y,0.7044386997176716,0.6823478080417926,0.6987319009923465,0.627488730464806,0.0368603839342606
TMRWI000E68,PH050506065,2020-01-01,Y,0.4429277694507653,0.3618436421027907,0.3543483687720656,0.2965571897206756,0.041727606551462
TMRWI000E69,PH112402138,2020-01-01,Y,0.7291486826105242,0.6156801724127535,0.595715930733915,0.5624827524615745,0.0655558504741687
TMRWI000E6A,PH137603009,2020-01-01,Y,0.7826462892978941,0.7258291412639213,0.7310093649745418,0.6015246318913181,0.0372684651683409
TMRWI000E6B,PH072230001,2020-01-01,Y,0.6929982660888779,0.6499631316458091,0.6452230467381374,0.6184507225070758,0.0277913410025433
TMRWI000E6C,PH097332002,2020-01-01,Y,0.5806243111482071,0.5086866162674938,0.4966948146945706,0.4403124959472247,0.0500121301348011
TMRWI000E6D,PH104305013,2020-01-01,Y,0.7032959353965366,0.6653923329306712,0.6653923329306712,0.627488730464806,0.0536037886700249
TMRWI000E6E,PH063022087,2020-01-01,Y,0.6813420911231468,0.6435665062785476,0.6395866503149621,0.611268098589485,0.0276183086245417
TMRWI000E6F,PH050506066,2020-01-01,Y,0.6583171882603555,0.5919557796730193,0.6057231737267166,0.5202529603167936,0.0510684267822527
TMRWI000E70,PH112402040,2020-01-01,Y,0.7174665097466922,0.6609954917313597,0.6691709680209087,0.5669369626281486,0.043675642570472
TMRWI000E71,PH063022196,2020-01-01,Y,0.6915806602005697,0.6709346546003694,0.6747268268065384,0.6436538617394423,0.0174019592458614
TMRWI000E72,PH137503003,2020-01-01,Y,0.7279807416791891,0.6820884299343106,0.6820884299343106,0.6361961181894321,0.0649015296782612
TMRWI000E73,PH104305020,2020-01-01,Y,0.6828465420694865,0.6644998362231685,0.6687198348673217,0.627488730464806,0.0226379183054571
TMRWI000E74,PH112402125,2020-01-01,Y,0.7118041088658285,0.6294343177406568,0.62325885827556,0.5476782779858215,0.0511786144976201
TMRWI000E75,PH063022188,2020-01-01,Y,0.6813420911231468,0.6526817111078957,0.6590583273594754,0.611268098589485,0.0303402838087093
TMRWI000E76,PH104305027,2020-01-01,Y,0.6941678665881564,0.6697322783801235,0.6699895498207152,0.6447821472909072,0.0227328242049527
TMRWI000E77,PH083747128,2020-01-01,Y,0.6626003494667292,0.6168129290801704,0.6254246557851113,0.5460651691688222,0.0403616952712871
TMRWI000E78,PH063022004,2020-01-01,Y,0.6878217482200009,0.6537865415693124,0.647283424377772,0.6206535832941168,0.0256638548749799
TMRWI000E79,PH112402124,2020-01-01,Y,0.620295313557677,0.5421939019460372,0.5425601111635338,0.4600984804299026,0.0426873677651266
TMRWI000E7A,PH063022187,2020-01-01,Y,0.6597989153925341,0.6146656693499589,0.6126540031377098,0.5586172022617614,0.044483891135965
TMRWI000E7B,PH015518020,2020-01-01,Y,0.6778240122571834,0.622824928019706,0.6139831411880625,0.5940404488372216,0.027612933167551
TMRWI000E7C,PH104305028,2020-01-01,Y,0.6828465420694865,0.6699895498207152,0.6699895498207152,0.657132557571944,0.018182532809538
TMRWI000E7D,PH083747153,2020-01-01,Y,0.6798176272766095,0.6191968191544384,0.6191968191544384,0.5585760110322673,0.0857307690083915
TMRWI000E7E,PH063022005,2020-01-01,Y,0.6227583182253232,0.6211607298020847,0.6211607298020847,0.6195631413788463,0.002259331215234
TMRWI000E7F,PH063022186,2020-01-01,Y,0.717522254342764,0.717522254342764,0.717522254342764,0.717522254342764,
TMRWI000E80,PH063022089,2020-01-01,Y,0.6813420911231468,0.6783932772543733,0.6783932772543733,0.6754444633855996,0.0041702525661335
TMRWI000E81,PH104305026,2020-01-01,Y,0.6941678665881564,0.6739321853161834,0.6828465420694865,0.6447821472909072,0.0258715410223384
TMRWI000E82,PH104305029,2020-01-01,Y,0.657132557571944,0.6509573524314256,0.6509573524314256,0.6447821472909072,0.0087330588601571
TMRWI000E83,PH083747104,2020-01-01,Y,0.6694209052390916,0.656044194301062,0.656044194301062,0.6426674833630325,0.0189175260285059
TMRWI000E84,PH063022006,2020-01-01,Y,0.6551031613837448,0.6067208499779805,0.6038623690798682,0.5611970194703282,0.0470182842844072
TMRWI000E85,PH063022185,2020-01-01,Y,0.717522254342764,0.6867018225745185,0.6867018225745185,0.6558813908062732,0.0435866726048471
TMRWI000E86,PH063022081,2020-01-01,Y,0.641022505056503,0.641022505056503,0.641022505056503,0.641022505056503,
TMRWI000E87,PH104305030,2020-01-01,Y,0.6447821472909072,0.6447821472909072,0.6447821472909072,0.6447821472909072,
TMRWI000E88,PH112402122,2020-01-01,Y,0.5020523331141336,0.4245170572992741,0.4186147424271306,0.3484243387550936,0.0319698899816863
TMRWI000E89,PH137503005,2020-01-01,Y,0.6585856556691,0.6266857666283399,0.6233179968989393,0.601521417046381,0.0279404112566875
TMRWI000E8A,PH063022007,2020-01-01,Y,0.5920519136821814,0.5920519136821814,0.5920519136821814,0.5920519136821814,
TMRWI000E8B,PH063022183,2020-01-01,Y,0.7043545624936884,0.627144511586862,0.6136477789682038,0.5657267275133083,0.0508758517994752
TMRWI000E8C,PH104305031,2020-01-01,Y,0.6810703841515285,0.6810703841515285,0.6810703841515285,0.6810703841515285,
TMRWI000E8D,PH112402121,2020-01-01,Y,0.4041781612644351,0.2709296109339825,0.2622783763595528,0.2034583029463698,0.0524128583031286
TMRWI000E8E,PH063022182,2020-01-01,Y,0.6551031613837448,0.6346417463708138,0.6346417463708138,0.614180331357883,0.0289368106166313
TMRWI000E8F,PH063022157,2020-01-01,Y,0.6963830553734327,0.6552784157358296,0.6576734992801723,0.6093836090095412,0.0380542780520925
TMRWI000E90,PH112402123,2020-01-01,Y,0.6405472604960444,0.4743183195528439,0.4731920894582901,0.3715488969600182,0.0488764337501388
TMRWI000E91,PH112402044,2020-01-01,Y,0.4868134424753166,0.4399686976238389,0.4499182708201822,0.3723111283713439,0.0351656645888455
TMRWI000E92,PH137503004,2020-01-01,Y,0.7279807416791891,0.669522731592995,0.6620371642718603,0.6361961181894321,0.0350595938389356
TMRWI000E93,PH063022003,2020-01-01,Y,0.6450309294006037,0.632297035389725,0.632297035389725,0.6195631413788463,0.0180084456120062
TMRWI000E94,PH112402131,2020-01-01,Y,0.7078436186848718,0.5303784572593119,0.5194277971742716,0.4831807549183205,0.0367094398232395
TMRWI000E95,PH083747155,2020-01-01,Y,0.6228632224821333,0.5747298499832937,0.5710617199082637,0.5222551515200459,0.0331194314316031
TMRWI000E96,PH050506073,2020-01-01,Y,0.7060720362660278,0.6876441833009416,0.6886591341074363,0.6596608734004447,0.0195182837007143
TMRWI000E97,PH063022084,2020-01-01,Y,0.6841509156601066,0.6478612801499222,0.6489552979650204,0.6093836090095412,0.0367889521025866
TMRWI000E98,PH063022195,2020-01-01,Y,0.6813420911231468,0.6551258879653077,0.6735547735279515,0.5920519136821814,0.0424942880644612
TMRWI000E99,PH083747077,2020-01-01,Y,0.6418853561690356,0.6243914517183082,0.6357640249366218,0.5955249740492674,0.0251857662932291
TMRWI000E9A,PH104305021,2020-01-01,Y,0.6687198348673217,0.6481042826660639,0.6481042826660639,0.627488730464806,0.0291547935188292
TMRWI000E9B,PH112402129,2020-01-01,Y,0.6724229873111469,0.5577396584904649,0.5469958861439843,0.50164836873213,0.0396879262132522
TMRWI000E9C,PH083747102,2020-01-01,Y,0.6694209052390916,0.6399216023970481,0.649923961676536,0.5844387689738593,0.0314173190817656
TMRWI000E9D,PH063022194,2020-01-01,Y,0.6928784076097381,0.6643164442791172,0.6633148609199964,0.6297092226183668,0.0237174074596446
TMRWI000E9E,PH104305022,2020-01-01,Y,0.6941678665881564,0.6683057434974427,0.675783188468404,0.627488730464806,0.0291346543852334
TMRWI000E9F,PH050506074,2020-01-01,Y,0.7025102383899848,0.6427879995148583,0.6627845610166858,0.5345658403575481,0.0571463897404749
TMRWI000EA0,PH112402128,2020-01-01,Y,0.5221816145440925,0.4114442902284248,0.4048195615798902,0.3386829861291939,0.0484492810259303
TMRWI000EA1,PH063022189,2020-01-01,Y,0.6373259539746923,0.6358986418724175,0.6358986418724175,0.6344713297701428,0.0020185241327762
TMRWI000EA2,PH063022193,2020-01-01,Y,0.5920519136821814,0.5920519136821814,0.5920519136821814,0.5920519136821814,
TMRWI000EA3,PH015518021,2020-01-01,Y,0.7285393146275516,0.6809107188150092,0.6865593228995978,0.6055832605787917,0.0404668866522784
TMRWI000EA4,PH050506077,2020-01-01,Y,0.5665906136251082,0.5194668235475953,0.5454658831543802,0.4197601417912786,0.0527454198786371
TMRWI000EA5,PH063022192,2020-01-01,Y,0.717522254342764,0.673732570628419,0.673732570628419,0.629942886914074,0.0619279646008549
TMRWI000EA6,PH112402043,2020-01-01,Y,0.6943485250262249,0.6440804072046445,0.6538825589784898,0.5585165847031249,0.036444315212031
TMRWI000EA7,PH104305024,2020-01-01,Y,0.6810703841515285,0.6629262657212178,0.6629262657212178,0.6447821472909072,0.0256596583614489
TMRWI000EA8,PH112402127,2020-01-01,Y,0.6724229873111469,0.5771969272853695,0.5611723822443774,0.4960840920178184,0.0477312147901425
TMRWI000EA9,PH083747154,2020-01-01,Y,0.5955249740492674,0.5770504925407673,0.5770504925407673,0.5585760110322673,0.0261268623071317
TMRWI000EAA,PH063022001,2020-01-01,Y,0.6596345082073529,0.6449243835236139,0.6485044262010483,0.6230541734850062,0.0155056997080895
TMRWI000EAB,PH063022191,2020-01-01,Y,0.6674424154838333,0.661237066913785,0.661237066913785,0.6550317183437369,0.0087756881070147
TMRWI000EAC,PH112402038,2020-01-01,Y,0.3344832100534337,0.2838759408494358,0.2911654834653658,0.2123229016848095,0.0351450778284888
TMRWI000EAD,PH104305025,2020-01-01,Y,0.6941678665881564,0.6885072043288214,0.6885072043288214,0.6828465420694865,0.008005385339165
TMRWI000EAE,PH112402126,2020-01-01,Y,0.7174665097466922,0.6521985359595445,0.6570816722872874,0.5872372010864797,0.0356254290767232
TMRWI000EAF,PH083747103,2020-01-01,Y,0.6694209052390916,0.6409115551220302,0.6426674833630325,0.6106462767639669,0.0294266325135564
TMRWI000EB0,PH104305023,2020-01-01,Y,0.6828465420694865,0.675783188468404,0.675783188468404,0.6687198348673217,0.0099890904584875
TMRWI000EB1,PH104305055,2020-01-01,Y,0.6689556675578536,0.5987900213424299,0.6021962759162391,0.5326780511222605,0.048749167357381
TMRWI000EB2,PH063022029,2020-01-01,Y,0.7183234690084978,0.6993650501457318,0.6978436833391185,0.6834493648961923,0.0152986153119581
TMRWI000EB3,PH083747146,2020-01-01,Y,0.6901634014759713,0.6482502447744805,0.6840141402987401,0.57057319254873,0.0673405278054599
TMRWI000EB4,PH112402006,2020-01-01,Y,0.7027323977872064,0.6055425658316284,0.615409019829094,0.5295422121049853,0.0414198884624951
TMRWI000EB5,PH112402067,2020-01-01,Y,0.4973282923630861,0.3536540952792572,0.3599226044345401,0.1744617272609835,0.0547205071806893
TMRWI000EB6,PH083747137,2020-01-01,Y,0.6798176272766095,0.6029200042893922,0.586643189424346,0.5585760110322673,0.0533958526948269
TMRWI000EB7,PH063022118,2020-01-01,Y,0.6558813908062732,0.6554565545750051,0.6554565545750051,0.6550317183437369,0.0006008091600469
TMRWI000EB8,PH112402029,2020-01-01,Y,0.4989099926702583,0.4079236472028775,0.4141759273951816,0.3452168350140634,0.0370613314642174
TMRWI000EB9,PH112402007,2020-01-01,Y,0.5805706287317208,0.4791350379565848,0.4811946636067264,0.3751504009576664,0.0501623635773021
TMRWI000EBA,PH063022056,2020-01-01,Y,0.6551031613837448,0.6067208499779805,0.6038623690798682,0.5611970194703282,0.0470182842844072
TMRWI000EBB,PH112402066,2020-01-01,Y,0.639388280134477,0.5247740013368697,0.517231495751993,0.4769254977544754,0.0375738775997161
TMRWI000EBC,PH063022117,2020-01-01,Y,0.6806301287830238,0.6318195305270382,0.6561031877621905,0.5755072535078906,0.047146522376935
TMRWI000EBD,PH083747120,2020-01-01,Y,0.7043413359848598,0.6452169362050078,0.6517973899453351,0.5661584274392928,0.0407878357762158
TMRWI000EBE,PH112402009,2020-01-01,Y,0.5673338569442206,0.5180566462965986,0.5154986334098755,0.470836155544192,0.0246594608329465
TMRWI000EBF,PH083747132,2020-01-01,Y,0.5330511300008104,0.4652451430089576,0.4802953107140403,0.3934124975055955,0.0430639732083377
TMRWI000EC0,PH063022098,2020-01-01,Y,0.657807167615983,0.6269489974960348,0.6444610700060528,0.5499937448796891,0.0395708290987526
TMRWI000EC1,PH063022057,2020-01-01,Y,0.641022505056503,0.6338499775573194,0.6353656000112287,0.6236462051503175,0.0073429281950778
TMRWI000EC2,PH063022116,2020-01-01,Y,0.67957267882268,0.6340733256779205,0.6323343551034103,0.5920519136821814,0.0364829007401186
TMRWI000EC3,PH137603003,2020-01-01,Y,0.6932469934697388,0.6559820401717175,0.6775257131373933,0.5752804724286239,0.0467063354594815
TMRWI000EC4,PH112402010,2020-01-01,Y,0.6943485250262249,0.6319951726558882,0.6355912304747607,0.5560453765747541,0.0434508272758502
TMRWI000EC5,PH112402065,2020-01-01,Y,0.4710938604111065,0.3254904992555505,0.3220800777753548,0.1977820463787996,0.0484928225180482
TMRWI000EC6,PH063022060,2020-01-01,Y,0.6806301287830238,0.6539046036588847,0.6623857429533808,0.5755072535078906,0.0330271292925973
TMRWI000EC7,PH063022074,2020-01-01,Y,0.6344713297701428,0.6344713297701428,0.6344713297701428,0.6344713297701428,
TMRWI000EC8,PH063022115,2020-01-01,Y,0.6542180474641387,0.6178889823443513,0.6260896530864153,0.5755072535078906,0.0278319741359846
TMRWI000EC9,PH112402012,2020-01-01,Y,0.6756305663397164,0.5815983779083446,0.5834920679180176,0.5091661150642425,0.0568516346274027
TMRWI000ECA,PH112402064,2020-01-01,Y,0.5588189054300153,0.4743462062495969,0.4678818760633155,0.4011603595809865,0.0434355151879084
TMRWI000ECB,PH083747136,2020-01-01,Y,0.6945309691072401,0.6363905014098573,0.6488653804268034,0.57057319254873,0.0456305551780679
TMRWI000ECC,PH063022061,2020-01-01,Y,0.67957267882268,0.6735547735279515,0.6735547735279515,0.6675368682332228,0.008510603284882
TMRWI000ECD,PH063022114,2020-01-01,Y,0.7067800895857403,0.6658758709661561,0.6574260196495726,0.6373259539746923,0.0275138057823224
TMRWI000ECE,PH015518003,2020-01-01,Y,0.7285393146275516,0.7087114516755169,0.7087114516755169,0.6888835887234821,0.0280408326996425
TMRWI000ECF,PH015518008,2020-01-01,Y,0.7308167504387564,0.6460730431300257,0.6475586243832469,0.5185219435999319,0.0534310729529035
TMRWI000ED0,PH063022119,2020-01-01,Y,0.681725622398358,0.6614250858677114,0.6662244990968869,0.6315257228787139,0.0212412884408992
TMRWI000ED1,PH063022055,2020-01-01,Y,0.717522254342764,0.6759967920564534,0.6759967920564534,0.6344713297701428,0.0587258719491129
TMRWI000ED2,PH112402068,2020-01-01,Y,0.5820844070221132,0.5097968612040179,0.5212458016486545,0.4322284993283625,0.0346607077074161
TMRWI000ED3,PH063022125,2020-01-01,Y,0.6362598702523145,0.6362598702523145,0.6362598702523145,0.6362598702523145,
TMRWI000ED4,PH083747118,2020-01-01,Y,0.6350061577672025,0.6350061577672025,0.6350061577672025,0.6350061577672025,
TMRWI000ED5,PH104305081,2020-01-01,Y,0.657132557571944,0.657132557571944,0.657132557571944,0.657132557571944,
TMRWI000ED6,PH112402072,2020-01-01,Y,0.6713074263365745,0.5704255919677936,0.5701826413664748,0.4592408393215943,0.0573896565417479
TMRWI000ED7,PH063022051,2020-01-01,Y,0.6775241689140824,0.6457276073164301,0.6514169880400087,0.6038623690798682,0.0315614994627842
TMRWI000ED8,PH063022124,2020-01-01,Y,0.6462317322286434,0.6291914260457233,0.625202726428501,0.6093836090095412,0.014777251380811
TMRWI000ED9,PH112402001,2020-01-01,Y,0.5604406506594649,0.4756220708683021,0.4784940380246731,0.398773529674204,0.0366625840838788
TMRWI000EDA,PH112402071,2020-01-01,Y,0.4041781612644351,0.297108315340311,0.2948217017982145,0.2005725220063419,0.0525854630447144
TMRWI000EDB,PH015518009,2020-01-01,Y,0.7308167504387564,0.6229634781346245,0.6329841021950449,0.5042485297918504,0.0650796257858782
TMRWI000EDC,PH083747125,2020-01-01,Y,0.6901634014759713,0.6412511619956964,0.6631354731863259,0.57057319254873,0.0453738264959026
TMRWI000EDD,PH063022123,2020-01-01,Y,0.641022505056503,0.6323343551034103,0.6323343551034103,0.6236462051503175,0.0122868994955949
TMRWI000EDE,PH063022097,2020-01-01,Y,0.6551031613837448,0.6394772456747791,0.6394772456747791,0.6238513299658135,0.022098381920118
TMRWI000EDF,PH112402002,2020-01-01,Y,0.7223567981548764,0.6570119909357797,0.6402411845736606,0.625208796440921,0.0454964563798341
TMRWI000EE0,PH112402013,2020-01-01,Y,0.5283561905165027,0.4461727629980009,0.4488532458446214,0.3796259802659426,0.0385665449388156
TMRWI000EE1,PH063022052,2020-01-01,Y,0.6550317183437369,0.6424873026289054,0.6424873026289054,0.629942886914074,0.0177404828359608
TMRWI000EE2,PH063022122,2020-01-01,Y,0.67957267882268,0.6358122962524306,0.6358122962524306,0.5920519136821814,0.0618865265254817
TMRWI000EE3,PH083747138,2020-01-01,Y,0.676888547768261,0.676888547768261,0.676888547768261,0.676888547768261,
TMRWI000EE4,PH112402003,2020-01-01,Y,0.5887182845892504,0.5361377941714084,0.5330665318711733,0.4894800103576054,0.022525964916959
TMRWI000EE5,PH112402051,2020-01-01,Y,0.5397121955080578,0.4527455245878072,0.4432422230960321,0.3709503073123049,0.0485206594309677
TMRWI000EE6,PH063022053,2020-01-01,Y,0.717522254342764,0.673732570628419,0.673732570628419,0.629942886914074,0.0619279646008549
TMRWI000EE7,PH063022121,2020-01-01,Y,0.6505797864857281,0.627053758922449,0.6221551334579847,0.6133249822880987,0.0170572744539039
TMRWI000EE8,PH083747119,2020-01-01,Y,0.6350061577672025,0.6271950448947549,0.6271950448947549,0.6193839320223072,0.0110465817614424
TMRWI000EE9,PH112402004,2020-01-01,Y,0.4765393185154443,0.415352516052617,0.4195496117539597,0.3661159160296631,0.0350298798785865
TMRWI000EEA,PH112402069,2020-01-01,Y,0.6979714465262515,0.5429505672109115,0.5446989099545767,0.4281834281849411,0.0655192102443991
TMRWI000EEB,PH137603002,2020-01-01,Y,0.7706307936475304,0.7005512331396443,0.6916922068904545,0.65912459434205,0.0335922742447425
TMRWI000EEC,PH063022054,2020-01-01,Y,0.641022505056503,0.6165372093693422,0.6165372093693422,0.5920519136821814,0.0346274372394983
TMRWI000EED,PH063022120,2020-01-01,Y,0.6827568863744135,0.6526641975480496,0.647283424377772,0.6333071496121292,0.0190869886116792
TMRWI000EEE,PH112402005,2020-01-01,Y,0.6859006802676788,0.6381364588218887,0.635192680575979,0.5785022564330515,0.0284926390197767
TMRWI000EEF,PH112402070,2020-01-01,Y,0.5391365174989111,0.467260493779909,0.4597597905907504,0.402018513778982,0.0376252153484606
TMRWI000EF0,PH063022050,2020-01-01,Y,0.6769378533356374,0.6385401670284909,0.636680222849229,0.6038623690798682,0.0351014767175216
TMRWI000EF1,PH112402063,2020-01-01,Y,0.670168496295388,0.5616032013516259,0.5469615357703588,0.4823525285713509,0.0523656085084888
TMRWI000EF2,PH063022113,2020-01-01,Y,0.6813420911231468,0.6509888945426694,0.67957267882268,0.5920519136821814,0.0510485894975014
TMRWI000EF3,PH137603005,2020-01-01,Y,0.7857297188925433,0.6843811555053327,0.6869647752705716,0.54225368474759,0.0519102787631719
TMRWI000EF4,PH112402020,2020-01-01,Y,0.7144338227860395,0.6395166179950303,0.6390793965797482,0.5624827524615745,0.0465180068469981
TMRWI000EF5,PH112402027,2020-01-01,Y,0.5182649442839076,0.4353970735762933,0.4335884927651836,0.3678375371070865,0.0345061445442953
TMRWI000EF6,PH083747134,2020-01-01,Y,0.676888547768261,0.6313824708315044,0.6264974730944863,0.5774252150162233,0.0349266408286276
TMRWI000EF7,PH063022068,2020-01-01,Y,0.6187201664907284,0.5792269940127844,0.5853787127009721,0.5462951713716223,0.0210037323784153
TMRWI000EF8,PH063022105,2020-01-01,Y,0.6505797864857281,0.6265405071818667,0.6157167527717733,0.6133249822880987,0.0208529459213425
TMRWI000EF9,PH137603006,2020-01-01,Y,0.7857297188925433,0.7184033894017671,0.7174132418822127,0.6593064584290801,0.031005699774206
TMRWI000EFA,PH112402021,2020-01-01,Y,0.7292026858649353,0.6675863526075637,0.673333737033259,0.5748600740750411,0.0412773641250605
TMRWI000EFB,PH112402057,2020-01-01,Y,0.6936153511174316,0.6133923379989158,0.6119282419552191,0.5294520890518819,0.0529060376250712
TMRWI000EFC,PH083747123,2020-01-01,Y,0.7043413359848598,0.6053974838068834,0.5846824719158947,0.5478836554108845,0.0698623175095404
TMRWI000EFD,PH063022069,2020-01-01,Y,0.6344713297701428,0.6344713297701428,0.6344713297701428,0.6344713297701428,
TMRWI000EFE,PH063022104,2020-01-01,Y,0.717522254342764,0.6759967920564534,0.6759967920564534,0.6344713297701428,0.0587258719491129
TMRWI000EFF,PH112402022,2020-01-01,Y,0.5544482605726249,0.4894608328355473,0.4808304043985248,0.4199273542250104,0.0397559665947825
TMRWI000F00,PH112402056,2020-01-01,Y,0.6168720729033036,0.4956591505693097,0.4889294218836819,0.4315141183420489,0.0412339802932653
TMRWI000F01,PH063022070,2020-01-01,Y,0.695828786738351,0.6665773703565216,0.6665773703565216,0.6373259539746923,0.0413677497658056
TMRWI000F02,PH063022103,2020-01-01,Y,0.7067800895857403,0.663458621641208,0.6688353939847751,0.6093836090095412,0.0461028677113164
TMRWI000F03,PH015518004,2020-01-01,Y,0.7312537112119264,0.7062031176633016,0.6984720530544962,0.6888835887234821,0.0222178720833158
TMRWI000F04,PH112402023,2020-01-01,Y,0.7292026858649353,0.6394039076631037,0.6474599045919127,0.5541733190614786,0.040856214409114
TMRWI000F05,PH063022100,2020-01-01,Y,0.6963830553734327,0.6573993583058462,0.6568256182355527,0.6195631413788463,0.0328135930835957
TMRWI000F06,PH112402055,2020-01-01,Y,0.670168496295388,0.5819132902920906,0.5770697228006179,0.5347501098936209,0.0321990255172898
TMRWI000F07,PH063022072,2020-01-01,Y,0.6812283357978628,0.5880477059929148,0.5862410613291379,0.5462951713716223,0.0349146363403819
TMRWI000F08,PH063022102,2020-01-01,Y,0.641022505056503,0.6165372093693422,0.6165372093693422,0.5920519136821814,0.0346274372394983
TMRWI000F09,PH083747133,2020-01-01,Y,0.6626003494667292,0.59497245566341,0.5863631537779603,0.5443648328719491,0.0346628695174643
TMRWI000F0A,PH112402024,2020-01-01,Y,0.5020523331141336,0.4392216069828488,0.4363813261917352,0.4014090374857202,0.0262604617680326
TMRWI000F0B,PH063022071,2020-01-01,Y,0.717522254342764,0.6761451211642581,0.6558813908062732,0.6550317183437369,0.0358361667645586
TMRWI000F0C,PH112402054,2020-01-01,Y,0.4986668922847558,0.4252651644036258,0.4198223044313587,0.3570917672890834,0.0356875814271014
TMRWI000F0D,PH063022101,2020-01-01,Y,0.6963830553734327,0.6852211606688299,0.6852211606688299,0.6740592659642272,0.0157853028730297
TMRWI000F0E,PH063022106,2020-01-01,Y,0.6841509156601066,0.6502120087735556,0.6549134660208225,0.6093836090095412,0.0306207218412571
TMRWI000F0F,PH112402058,2020-01-01,Y,0.6089927984514051,0.5457429741622299,0.540117231547745,0.4935266706617169,0.034823855372927
TMRWI000F10,PH063022067,2020-01-01,Y,0.6892462958668402,0.6368356693260334,0.6498760846053496,0.5458082494942881,0.0436209249773941
TMRWI000F11,PH112402019,2020-01-01,Y,0.6405472604960444,0.544938199018457,0.5396312096002112,0.4641611376746053,0.0533215184719191
TMRWI000F12,PH015518007,2020-01-01,Y,0.652357993454941,0.577215288423211,0.566007807558071,0.509049056347778,0.0515596876138736
TMRWI000F13,PH112402014,2020-01-01,Y,0.6654071317463314,0.5515761840470175,0.534969211804807,0.4569283280565691,0.0524060574994322
TMRWI000F14,PH063022062,2020-01-01,Y,0.6344713297701428,0.6344713297701428,0.6344713297701428,0.6344713297701428,
TMRWI000F15,PH112402062,2020-01-01,Y,0.463907760912842,0.3625920148502681,0.3568743126909323,0.2811851117736685,0.0467708150068296
TMRWI000F16,PH063022112,2020-01-01,Y,0.6462317322286434,0.632301024611434,0.6412877325961174,0.6093836090095412,0.0200004184079737
TMRWI000F17,PH112402052,2020-01-01,Y,0.5628965865135119,0.5094001715401435,0.5066678967747299,0.4734396358018056,0.0227979785741976
TMRWI000F18,PH112402028,2020-01-01,Y,0.5855313736444474,0.4758150236967324,0.4677462945358703,0.3974304052607437,0.0554219028538189
TMRWI000F19,PH112402015,2020-01-01,Y,0.5635470906251003,0.4780101146739335,0.474932108859819,0.3926001852847935,0.0477004695042546
TMRWI000F1A,PH137603004,2020-01-01,Y,0.8580183755923695,0.7151570785842943,0.6913125901574452,0.6015246318913181,0.0679052832223112
TMRWI000F1B,PH063022063,2020-01-01,Y,0.7183234690084978,0.6816771992045507,0.6816771992045507,0.6450309294006037,0.0518256517671255
TMRWI000F1C,PH063022110,2020-01-01,Y,0.6674424154838333,0.6573618315004021,0.6555188065404477,0.6529348263277194,0.0057496613209101
TMRWI000F1D,PH112402016,2020-01-01,Y,0.5647771810990055,0.497665787201422,0.4990367909450959,0.4415623550259518,0.0299175139580264
TMRWI000F1E,PH112402061,2020-01-01,Y,0.747156568322182,0.6623349166582909,0.6759280925950577,0.5624827524615745,0.046729986736442
TMRWI000F1F,PH083747121,2020-01-01,Y,0.6780130316057302,0.59195491955289,0.5867237511355046,0.5236460862558557,0.0433632534910096
TMRWI000F20,PH083747135,2020-01-01,Y,0.6718932805127189,0.6415394824037538,0.6447791159358921,0.6089752828496902,0.0231953718340927
TMRWI000F21,PH063022109,2020-01-01,Y,0.6230541734850062,0.6230541734850062,0.6230541734850062,0.6230541734850062,
TMRWI000F22,PH063022099,2020-01-01,Y,0.7183234690084978,0.6834491799366903,0.6852211606688299,0.6450309294006037,0.0313455665697768
TMRWI000F23,PH112402017,2020-01-01,Y,0.5870189724664585,0.5251025296780311,0.5202604992549589,0.4889234368815498,0.0224315896241412
TMRWI000F24,PH112402060,2020-01-01,Y,0.378679602831735,0.3097092433899777,0.3159711657046761,0.2013152759001786,0.0463866377476431
TMRWI000F25,PH083747122,2020-01-01,Y,0.7043413359848598,0.618954422242362,0.6193839320223072,0.5478836554108845,0.0497539407144025
TMRWI000F26,PH063022073,2020-01-01,Y,0.6754444633855996,0.6456940211060017,0.6438842398297806,0.6195631413788463,0.0286767701282043
TMRWI000F27,PH063022065,2020-01-01,Y,0.681725622398358,0.6585356607850006,0.661237066913785,0.629942886914074,0.0219615491952017
TMRWI000F28,PH063022108,2020-01-01,Y,0.5611970194703282,0.5611970194703282,0.5611970194703282,0.5611970194703282,
TMRWI000F29,PH112402018,2020-01-01,Y,0.5554494931188071,0.5224600636435389,0.5214284981444621,0.4900748599000736,0.0175590052625015
TMRWI000F2A,PH112402059,2020-01-01,Y,0.6756305663397164,0.621998304813278,0.6316287938106533,0.5358134520328921,0.050857582230572
TMRWI000F2B,PH015518006,2020-01-01,Y,0.6860500807932243,0.6314950345817922,0.6150919812957027,0.6037564995140834,0.0323680759358712
TMRWI000F2C,PH063022107,2020-01-01,Y,0.67957267882268,0.6317569325517263,0.6236462051503175,0.5920519136821814,0.0443205257970791
TMRWI000F2D,PH112402053,2020-01-01,Y,0.5196019107328105,0.4568516487873604,0.4616204868093986,0.3701015886608351,0.0413802431063071
TMRWI000F2E,PH063022064,2020-01-01,Y,0.6813960037373714,0.6611304435886989,0.658162865674714,0.6418106617012193,0.016016179267092
TMRWI000F2F,PH112402099,2020-01-01,Y,0.4214509564831818,0.3285361465224621,0.3274900558754899,0.2396364379059738,0.0356395215217267
TMRWI000F30,PH112402030,2020-01-01,Y,0.7057575014689543,0.6161042658516267,0.611060069582798,0.5287817703260795,0.0404245068596977
TMRWI000F31,PH104305080,2020-01-01,Y,0.6592810155951119,0.6582067865835279,0.6582067865835279,0.657132557571944,0.0015191892372766
TMRWI000F32,PH015518013,2020-01-01,Y,0.7285393146275516,0.7133957521173007,0.716080030632589,0.6928836325764732,0.0148827463711196
TMRWI000F33,PH104305062,2020-01-01,Y,0.3486871132583415,0.2722512811152219,0.2768147352549016,0.1724347283009569,0.049073440125966
TMRWI000F34,PH063022034,2020-01-01,Y,0.6551031613837448,0.6551031613837448,0.6551031613837448,0.6551031613837448,
TMRWI000F35,PH112402089,2020-01-01,Y,0.467710486375023,0.3510090971101057,0.353159286160953,0.2593601826777035,0.0451439514783374
TMRWI000F36,PH063022148,2020-01-01,Y,0.6440734248525573,0.6392233034134738,0.6391742295155977,0.6344713297701428,0.0042008726444987
TMRWI000F37,PH063022094,2020-01-01,Y,0.6913328041845486,0.6331443156485239,0.6227583182253232,0.5812727757241176,0.039641740427407
TMRWI000F38,PH015518024,2020-01-01,Y,0.7285393146275516,0.6921223492269615,0.7100843911250487,0.617064313299075,0.044342669298552
TMRWI000F39,PH104305063,2020-01-01,Y,0.6139776908640656,0.4793065890967679,0.4839008868118447,0.3589735344138888,0.0534862283268626
TMRWI000F3A,PH083747143,2020-01-01,Y,0.678184737300943,0.6569743811187824,0.6569743811187824,0.6357640249366218,0.0299959733755755
TMRWI000F3B,PH063022035,2020-01-01,Y,0.717522254342764,0.664594562601712,0.6554565545750051,0.629942886914074,0.0372802294969517
TMRWI000F3C,PH063022146,2020-01-01,Y,0.6686203070705018,0.6512387456598541,0.6440734248525573,0.641022505056503,0.0151299714376656
TMRWI000F3D,PH063022077,2020-01-01,Y,0.7183234690084978,0.6921778835442772,0.6841509156601066,0.6740592659642272,0.0231981481555367
TMRWI000F3E,PH104305064,2020-01-01,Y,0.6953655680651487,0.6252953024643764,0.6666476584992682,0.5122146966666792,0.067238430994095
TMRWI000F3F,PH112402049,2020-01-01,Y,0.6595263681233489,0.5825783223838361,0.5832407558532486,0.5163295975554243,0.0347356327585556
TMRWI000F40,PH112402088,2020-01-01,Y,0.4678376549005033,0.3856946861511606,0.3849931515424948,0.2970457113582433,0.0404119928982588
TMRWI000F41,PH083747114,2020-01-01,Y,0.6682132375342469,0.6441222366336747,0.649650213075381,0.6089752828496902,0.0253262505874155
TMRWI000F42,PH063022036,2020-01-01,Y,0.6731459972113063,0.6664147595996098,0.6682049267124713,0.6561031877621905,0.0072849231722079
TMRWI000F43,PH063022144,2020-01-01,Y,0.6892462958668402,0.6428439827685278,0.6560144640061135,0.5586172022617614,0.0409519929388533
TMRWI000F44,PH137503012,2020-01-01,Y,0.6416000726424389,0.6221038091568726,0.6226468734693352,0.601521417046381,0.0217915906975466
TMRWI000F45,PH104305065,2020-01-01,Y,0.5300372344756561,0.4628274467480759,0.4615215543206081,0.3834285478816339,0.0450309237023437
TMRWI000F46,PH112402087,2020-01-01,Y,0.6660711548916454,0.5942986693269434,0.5935073805900188,0.511867964326825,0.0414831633754315
TMRWI000F47,PH063022038,2020-01-01,Y,0.6813420911231468,0.6526817111078957,0.6590583273594754,0.611268098589485,0.0303402838087093
TMRWI000F48,PH063022140,2020-01-01,Y,0.641022505056503,0.641022505056503,0.641022505056503,0.641022505056503,
TMRWI000F49,PH104305067,2020-01-01,Y,0.6705789533763888,0.5123613141460478,0.5160044347694813,0.3550588155277967,0.0726619576828628
TMRWI000F4A,PH112402086,2020-01-01,Y,0.6959128083572164,0.6376143938169911,0.637321789371722,0.5539652222029781,0.0379026788377992
TMRWI000F4B,PH015518012,2020-01-01,Y,0.7245988131942805,0.6730413223168763,0.6761908279365532,0.6099433190944633,0.0376670961742105
TMRWI000F4C,PH063022139,2020-01-01,Y,0.6963830553734327,0.670011430614846,0.6686203070705018,0.6450309294006037,0.0257043114869674
TMRWI000F4D,PH063022149,2020-01-01,Y,0.681725622398358,0.66766293810044,0.6664114711206058,0.6561031877621905,0.010593157371765
TMRWI000F4E,PH112402090,2020-01-01,Y,0.5303306058958457,0.4700960543065487,0.4767039816958909,0.3700206112256339,0.0478106792713516
TMRWI000F4F,PH104305061,2020-01-01,Y,0.722493586710851,0.6644890846637218,0.6780254630558384,0.5624413064617204,0.0496743614488222
TMRWI000F50,PH063022150,2020-01-01,Y,0.717522254342764,0.6712870812064875,0.6665773703565216,0.6344713297701428,0.0418279980476836
TMRWI000F51,PH083747124,2020-01-01,Y,0.6945309691072401,0.6301137810260694,0.649923961676536,0.573080670260154,0.0418386756629287
TMRWI000F52,PH063022156,2020-01-01,Y,0.6674424154838333,0.6574061908915855,0.6555188065404477,0.6529348263277194,0.0057362239725637
TMRWI000F53,PH063022078,2020-01-01,Y,0.6551031613837448,0.6346417463708138,0.6346417463708138,0.614180331357883,0.0289368106166313
TMRWI000F54,PH104305056,2020-01-01,Y,0.7208967575028048,0.6320355111874123,0.6431712153653433,0.5182879458489729,0.055592884801128
TMRWI000F55,PH112402098,2020-01-01,Y,0.3685987900910421,0.2633195405677495,0.2592932880749852,0.1949284807378728,0.0477302867823359
TMRWI000F56,PH083747112,2020-01-01,Y,0.6682132375342469,0.6562202443477153,0.6556683795730072,0.6447791159358921,0.0117268039046789
TMRWI000F57,PH063022155,2020-01-01,Y,0.6519212573795586,0.5909930795658354,0.5751391188942787,0.5617728230952252,0.0422660605959133
TMRWI000F58,PH104305057,2020-01-01,Y,0.4823485953544361,0.3809321481074565,0.3712292549456305,0.3103099934534576,0.0501410651190187
TMRWI000F59,PH063022030,2020-01-01,Y,0.6729331121651836,0.6477880706223507,0.65035974151642,0.6093789954682599,0.0177496622478785
TMRWI000F5A,PH112402097,2020-01-01,Y,0.6592266627704104,0.5450071882360451,0.5313105646279019,0.4935266706617169,0.0468996379058462
TMRWI000F5B,PH112402048,2020-01-01,Y,0.5624537086007284,0.4830610098672095,0.4911048154479466,0.4085864453578745,0.0337788012038648
TMRWI000F5C,PH063022154,2020-01-01,Y,0.6740592659642272,0.6417214374868843,0.6417214374868843,0.6093836090095412,0.0457325956103533
TMRWI000F5D,PH015518014,2020-01-01,Y,0.7499183192414991,0.7127362572476338,0.7068121228373024,0.6814783296640998,0.0346024503427486
TMRWI000F5E,PH083747142,2020-01-01,Y,0.6357640249366218,0.6357640249366218,0.6357640249366218,0.6357640249366218,
TMRWI000F5F,PH104305058,2020-01-01,Y,0.6988195930311147,0.6567341570221977,0.6531558194065448,0.6094211788465469,0.0309904572682397
TMRWI000F60,PH063022031,2020-01-01,Y,0.6928784076097381,0.6519720401766868,0.6457169530000377,0.6297092226183668,0.0252638279157048
TMRWI000F61,PH063022152,2020-01-01,Y,0.626003017493112,0.599226954196736,0.5969637279957862,0.5769773433022596,0.0212721700263965
TMRWI000F62,PH137503011,2020-01-01,Y,0.7066329397552624,0.6646927252997358,0.6712847611731552,0.6161604749707896,0.0455950427542485
TMRWI000F63,PH104305059,2020-01-01,Y,0.5211209963880333,0.404709664484397,0.4097784608912524,0.3194012191160308,0.0585430947003269
TMRWI000F64,PH112402092,2020-01-01,Y,0.4911022047905929,0.3871130182580301,0.3866342578234308,0.2593601826777035,0.0460175709372933
TMRWI000F65,PH083747145,2020-01-01,Y,0.678184737300943,0.6243789649248365,0.6243789649248365,0.57057319254873,0.0760928530282494
TMRWI000F66,PH063022032,2020-01-01,Y,0.6689674379411094,0.6540064124356607,0.6574378297352921,0.6265865315592613,0.0159688895850485
TMRWI000F67,PH063022151,2020-01-01,Y,0.6884472796111367,0.63835016203334,0.6511024643156297,0.5586172022617614,0.0451570167853523
TMRWI000F68,PH083747131,2020-01-01,Y,0.5935373668833003,0.5297634222735804,0.5275201125406962,0.4817970794086346,0.0351348199452257
TMRWI000F69,PH104305060,2020-01-01,Y,0.6640371951714714,0.5529536471234079,0.5383703882954585,0.5026243543617369,0.0412755885187996
TMRWI000F6A,PH112402091,2020-01-01,Y,0.4859205469541461,0.3421709584918661,0.331243935241763,0.2359860675228272,0.0444481900047416
TMRWI000F6B,PH083747113,2020-01-01,Y,0.6979904982962373,0.6703276172554588,0.6682132375342469,0.6447791159358921,0.0266686286557599
TMRWI000F6C,PH063022033,2020-01-01,Y,0.646029579285973,0.5856055255711273,0.5748681322777047,0.5357500484873928,0.0446560755250911
TMRWI000F6D,PH112402033,2020-01-01,Y,0.5387847134736742,0.4984888695733863,0.4963131523987033,0.4553511804153829,0.0198051576667788
TMRWI000F6E,PH112402073,2020-01-01,Y,0.4883696552024589,0.3670233158824693,0.3586292160549464,0.2570883417304449,0.039064196138028
TMRWI000F6F,PH104305068,2020-01-01,Y,0.392976132970243,0.3285523513038998,0.3262674895748811,0.2715562662606336,0.0248138167695992
TMRWI000F70,PH112402083,2020-01-01,Y,0.5339544775045373,0.4433705514593001,0.4419907457322691,0.3678375371070865,0.0338681015424637
TMRWI000F71,PH137503014,2020-01-01,Y,0.6781533042217808,0.6198190736218631,0.6113975353232337,0.5561440704891765,0.0340910002462855
TMRWI000F72,PH104305075,2020-01-01,Y,0.627488730464806,0.627488730464806,0.627488730464806,0.627488730464806,
TMRWI000F73,PH112402078,2020-01-01,Y,0.5647771810990055,0.5179143068533053,0.5206386883387848,0.4714383900991419,0.0228653987560596
TMRWI000F74,PH063022046,2020-01-01,Y,0.6450309294006037,0.632297035389725,0.632297035389725,0.6195631413788463,0.0180084456120062
TMRWI000F75,PH063022131,2020-01-01,Y,0.6686203070705018,0.6378637896836649,0.6440734248525573,0.5920519136821814,0.0322299943417223
TMRWI000F76,PH083747140,2020-01-01,Y,0.6357640249366218,0.5913113766836435,0.5913113766836435,0.5468587284306653,0.0628655380427624
TMRWI000F77,PH104305076,2020-01-01,Y,0.6845433136636854,0.6602506263319378,0.6687198348673217,0.627488730464806,0.0294550842115809
TMRWI000F78,PH112402077,2020-01-01,Y,0.7227104438429488,0.6349754421390015,0.6491443046597862,0.5649469124638953,0.0460770693905595
TMRWI000F79,PH063022096,2020-01-01,Y,0.6913328041845486,0.6446712982973304,0.6338946238129635,0.6195631413788463,0.0331060100569505
TMRWI000F7A,PH063022047,2020-01-01,Y,0.6913328041845486,0.6536162728140748,0.6628290255031293,0.6157167527717733,0.0330623215881563
TMRWI000F7B,PH063022129,2020-01-01,Y,0.681725622398358,0.6558342546562159,0.6558342546562159,0.629942886914074,0.0366159234093264
TMRWI000F7C,PH112402050,2020-01-01,Y,0.6979714465262515,0.5557746960543021,0.5537574777406775,0.4393704351278354,0.0608592681066923
TMRWI000F7D,PH083747117,2020-01-01,Y,0.7043413359848598,0.6590196384852154,0.6517973899453351,0.625238536060333,0.0258366182338738
TMRWI000F7E,PH104305077,2020-01-01,Y,0.7044386997176716,0.6753650989235447,0.6941678665881564,0.627488730464806,0.0417789719343507
TMRWI000F7F,PH112402075,2020-01-01,Y,0.7241650336595553,0.6567019280447388,0.6654726318720704,0.583660569120785,0.0458566225352329
TMRWI000F80,PH063022128,2020-01-01,Y,0.6915806602005697,0.6832722736217501,0.6827568863744135,0.6754792742902671,0.0080630561866553
TMRWI000F81,PH015518010,2020-01-01,Y,0.6046357158120041,0.5873659333940778,0.588192843551916,0.5710313318810576,0.0131689442884208
TMRWI000F82,PH104305078,2020-01-01,Y,0.6828465420694865,0.6825443876491664,0.6825443876491664,0.6822422332288463,0.0004273108791476
TMRWI000F83,PH063022048,2020-01-01,Y,0.6928784076097381,0.6446877489121197,0.6520162977691774,0.5755072535078906,0.0397347206613316
TMRWI000F84,PH112402074,2020-01-01,Y,0.7241650336595553,0.6503827675161438,0.664521290242994,0.5598505870055649,0.0465593210228526
TMRWI000F85,PH063022127,2020-01-01,Y,0.6915806602005697,0.6674734776427136,0.667329694315421,0.6436538617394423,0.0206672285473115
TMRWI000F86,PH063022075,2020-01-01,Y,0.6344713297701428,0.6344713297701428,0.6344713297701428,0.6344713297701428,
TMRWI000F87,PH104305079,2020-01-01,Y,0.6828465420694865,0.6740737776234256,0.6822422332288463,0.657132557571944,0.0146746379825282
TMRWI000F88,PH137603001,2020-01-01,Y,0.7706307936475304,0.701178058163409,0.6939622116743631,0.6015246318913181,0.0474477000063129
TMRWI000F89,PH063022049,2020-01-01,Y,0.6915806602005697,0.6520771373162023,0.659180114340575,0.5458082494942881,0.0441220085343965
TMRWI000F8A,PH063022126,2020-01-01,Y,0.6362598702523145,0.629953037701316,0.629953037701316,0.6236462051503175,0.0089192081292381
TMRWI000F8B,PH083747139,2020-01-01,Y,0.6790868166678204,0.6231746513040477,0.6275178887580515,0.5585760110322673,0.0559284518139606
TMRWI000F8C,PH063022132,2020-01-01,Y,0.6813420911231468,0.6534621574062914,0.6702273124099187,0.5920519136821814,0.0414933203921958
TMRWI000F8D,PH063022045,2020-01-01,Y,0.6551031613837448,0.6551031613837448,0.6551031613837448,0.6551031613837448,
TMRWI000F8E,PH104305074,2020-01-01,Y,0.7044386997176716,0.7044386997176716,0.7044386997176716,0.7044386997176716,
TMRWI000F8F,PH112402031,2020-01-01,Y,0.7057575014689543,0.6348863138975469,0.6411977987029893,0.5728677071378928,0.0325184838886596
TMRWI000F90,PH063022138,2020-01-01,Y,0.6236462051503175,0.6236462051503175,0.6236462051503175,0.6236462051503175,
TMRWI000F91,PH112402032,2020-01-01,Y,0.5259146980144517,0.431912231202077,0.4303177736345602,0.3368065574824901,0.0445933503894048
TMRWI000F92,PH104305069,2020-01-01,Y,0.4284682349728381,0.3489655507739806,0.3399665792226367,0.304573882673343,0.0320116600767226
TMRWI000F93,PH063022095,2020-01-01,Y,0.7183234690084978,0.6897604412718346,0.6978436833391185,0.6450309294006037,0.031791175322152
TMRWI000F94,PH083747115,2020-01-01,Y,0.6485678670999548,0.6262086504827075,0.6372301192358513,0.5629901568830253,0.0320680368491804
TMRWI000F95,PH063022041,2020-01-01,Y,0.6935279808880734,0.664393825624864,0.6666146262904125,0.632389334357439,0.0208002487309351
TMRWI000F96,PH063022137,2020-01-01,Y,0.6362598702523145,0.6353656000112287,0.6353656000112287,0.6344713297701428,0.0012646891033702
TMRWI000F97,PH104305070,2020-01-01,Y,0.4229805351223667,0.3084752764223579,0.3007058999229644,0.1965804441338446,0.0460805701596509
TMRWI000F98,PH112402082,2020-01-01,Y,0.6029490925676981,0.5035767174542871,0.4959521870773056,0.4253709172711624,0.0409396428057935
TMRWI000F99,PH137503013,2020-01-01,Y,0.6781533042217808,0.6359732709373879,0.6410181059091575,0.601521417046381,0.0278510668787308
TMRWI000F9A,PH063022042,2020-01-01,Y,0.6686203070705018,0.6421556624191963,0.6440734248525573,0.5920519136821814,0.0305698096069053
TMRWI000F9B,PH063022136,2020-01-01,Y,0.6236462051503175,0.6236462051503175,0.6236462051503175,0.6236462051503175,
TMRWI000F9C,PH063022076,2020-01-01,Y,0.6740592659642272,0.6417214374868843,0.6417214374868843,0.6093836090095412,0.0457325956103533
TMRWI000F9D,PH063022040,2020-01-01,Y,0.6551031613837448,0.6085857203229561,0.6090213502188756,0.5611970194703282,0.0385710211209638
TMRWI000F9E,PH104305071,2020-01-01,Y,0.3707654007004908,0.3075299559477513,0.3082944787362384,0.213056293749339,0.0317296476286489
TMRWI000F9F,PH063022043,2020-01-01,Y,0.717522254342764,0.6631065126958663,0.6373259539746923,0.6344713297701428,0.0471470245516483
TMRWI000FA0,PH063022135,2020-01-01,Y,0.6686577087904445,0.6408724930110172,0.6394893723125193,0.5961485627845293,0.0211652230859644
TMRWI000FA1,PH083747141,2020-01-01,Y,0.6357640249366218,0.5913113766836435,0.5913113766836435,0.5468587284306653,0.0628655380427624
TMRWI000FA2,PH104305072,2020-01-01,Y,0.3933082348135807,0.2714809549722698,0.2567879519447033,0.2017975907896318,0.0573845034303024
TMRWI000FA3,PH112402080,2020-01-01,Y,0.6045513214162977,0.5311921909971041,0.5274776249733674,0.4816689763136025,0.0282345768491229
TMRWI000FA4,PH137603007,2020-01-01,Y,0.7412388076023099,0.6863940665549789,0.6885586367906672,0.6030922466893558,0.032380491641974
TMRWI000FA5,PH063022134,2020-01-01,Y,0.6928784076097381,0.6464305076203674,0.65282629504156,0.5871910327886113,0.0437804110365137
TMRWI000FA6,PH083747116,2020-01-01,Y,0.6787620931119706,0.6318003587701811,0.6427245925428644,0.5629901568830253,0.0489908788740318
TMRWI000FA7,PH104305073,2020-01-01,Y,0.6810703841515285,0.6810703841515285,0.6810703841515285,0.6810703841515285,
TMRWI000FA8,PH063022044,2020-01-01,Y,0.6381571099247714,0.5996770646975498,0.5996770646975498,0.5611970194703282,0.0544190018410668
TMRWI000FA9,PH112402079,2020-01-01,Y,0.7027590693596657,0.5820257184025487,0.5688984458632363,0.5001501556978364,0.0580702819207088
TMRWI000FAA,PH063022133,2020-01-01,Y,0.6650101614342379,0.6422866514065421,0.6422866514065421,0.6195631413788463,0.0321358960658884
TMRWI000FAB,PH015518011,2020-01-01,Y,0.654250329915667,0.6013367244882591,0.5981684652618598,0.5673810237277028,0.0233260738885506
TMRWI000FAC,PH112402081,2020-01-01,Y,0.7027323977872064,0.5509408577731338,0.533326741402532,0.5001501556978364,0.0463299343371514
TMRWI000FAD,PH104305008,2020-01-01,Y,0.7044386997176716,0.699303283152914,0.699303283152914,0.6941678665881564,0.0072625757543156
TMRWI000FAE,PH097332031,2020-01-01,Y,0.7007984239008436,0.6366655177058497,0.6233479113589009,0.5151806514868736,0.0552939351765028
TMRWI000FAF,PH072230006,2020-01-01,Y,0.6809269748576213,0.659498522932605,0.6517988853936142,0.6424094822066855,0.01820237283657
TMRWI000FB0,PH050506021,2020-01-01,Y,0.7060720362660278,0.6899479233296764,0.6970293918261166,0.6596608734004447,0.0217386693251633
TMRWI000FB1,PH083747041,2020-01-01,Y,0.5955249740492674,0.5770504925407673,0.5770504925407673,0.5585760110322673,0.0261268623071317
TMRWI000FB2,PH034919003,2020-01-01,Y,0.6258682430394867,0.5041659860733011,0.5096726495723629,0.3782090001488213,0.058935342359314
TMRWI000FB3,PH097332067,2020-01-01,Y,0.5806243111482071,0.4989233075993319,0.4887537631605946,0.4095139229052468,0.051867654902964
TMRWI000FB4,PH112402180,2020-01-01,Y,0.4947995045178766,0.4178185238873819,0.4224368496037449,0.3248214127664443,0.0435837436737311
TMRWI000FB5,PH050506022,2020-01-01,Y,0.6886591341074363,0.6741600037539405,0.6741600037539405,0.6596608734004447,0.0205048667885291
TMRWI000FB6,PH083747040,2020-01-01,Y,0.5585760110322673,0.5585760110322673,0.5585760110322673,0.5585760110322673,
TMRWI000FB7,PH137401018,2020-01-01,Y,0.8073000130070939,0.7757381502135097,0.7745581559309604,0.7465362759850236,0.0296227868095718
TMRWI000FB8,PH097332068,2020-01-01,Y,0.6786248199715561,0.652206964512878,0.6498155886155282,0.6305718608488994,0.0227360564670771
TMRWI000FB9,PH112402179,2020-01-01,Y,0.6699415403645662,0.6562684675850597,0.6603294825663965,0.6233585429381275,0.0191315222651805
TMRWI000FBA,PH097332020,2020-01-01,Y,0.6567237676549817,0.6234454082067986,0.6195351446246287,0.5773748415018737,0.0312899151701666
TMRWI000FBB,PH083747039,2020-01-01,Y,0.6798176272766095,0.6133381778536374,0.6133381778536374,0.5468587284306653,0.0940161389930634
TMRWI000FBC,PH097332069,2020-01-01,Y,0.5472760357156136,0.4020697999965341,0.3822408962990459,0.3077024890966933,0.059954925577929
TMRWI000FBD,PH050506023,2020-01-01,Y,0.6886591341074363,0.6740357357834115,0.6740357357834115,0.6594123374593867,0.0206806082378198
TMRWI000FBE,PH112402178,2020-01-01,Y,0.4031873398463145,0.3730927500595167,0.3734923275676614,0.3241589271990339,0.0230567599020522
TMRWI000FBF,PH083747038,2020-01-01,Y,0.6798176272766095,0.6191968191544384,0.6191968191544384,0.5585760110322673,0.0857307690083915
TMRWI000FC0,PH083747087,2020-01-01,Y,0.6928793247422926,0.6472124181973219,0.678184737300943,0.57057319254873,0.0667769489122534
TMRWI000FC1,PH097332070,2020-01-01,Y,0.7031926899463639,0.6623397603412773,0.6519594981174036,0.6171988707270141,0.0292517640334137
TMRWI000FC2,PH050506024,2020-01-01,Y,0.6784292231860023,0.6658341446819446,0.6596608734004447,0.6594123374593867,0.0109083657997443
TMRWI000FC3,PH083747037,2020-01-01,Y,0.5585760110322673,0.5585760110322673,0.5585760110322673,0.5585760110322673,
TMRWI000FC4,PH097332071,2020-01-01,Y,0.6642841832443642,0.62245843080413,0.6175148787438689,0.5371247587226988,0.0363522319556077
TMRWI000FC5,PH112402177,2020-01-01,Y,0.4973282923630861,0.3579915795701956,0.3540248110928912,0.2651935780162531,0.0455974024192006
TMRWI000FC6,PH034919001,2020-01-01,Y,0.5072771694103335,0.4377641915770763,0.432777642707062,0.3738265493059802,0.0361314931723266
TMRWI000FC7,PH050506025,2020-01-01,Y,0.6886591341074363,0.6715403920383175,0.6690450482932235,0.6594123374593867,0.0144766478111868
TMRWI000FC8,PH083747036,2020-01-01,Y,0.6798176272766095,0.6798176272766095,0.6798176272766095,0.6798176272766095,
TMRWI000FC9,PH097332072,2020-01-01,Y,0.6708647905692796,0.5754159973509385,0.5963394327619885,0.4497493524297668,0.0646203383589293
TMRWI000FCA,PH112402176,2020-01-01,Y,0.6841228778714874,0.635078027071555,0.6307273317354514,0.5978719092000662,0.0214264963777101
TMRWI000FCB,PH112402181,2020-01-01,Y,0.697098899333623,0.6409365434839628,0.6400974196310175,0.5935902131440972,0.0296317476743709
TMRWI000FCC,PH097332066,2020-01-01,Y,0.4320678291072709,0.3405410829514081,0.3393502281965419,0.2618280706477989,0.0506290342103009
TMRWI000FCD,PH083747086,2020-01-01,Y,0.57057319254873,0.57057319254873,0.57057319254873,0.57057319254873,
TMRWI000FCE,PH083747042,2020-01-01,Y,0.6798176272766095,0.5951943351972024,0.5770504925407673,0.5468587284306653,0.0601066924464176
TMRWI000FCF,PH050506015,2020-01-01,Y,0.7060720362660278,0.6891278006310372,0.7025102383899848,0.6596608734004447,0.0217529376119488
TMRWI000FD0,PH112402186,2020-01-01,Y,0.7083671527438848,0.6676725098507542,0.6699415403645662,0.5817430700670447,0.0423728299826423
TMRWI000FD1,PH083747048,2020-01-01,Y,0.6798176272766095,0.6133381778536374,0.6133381778536374,0.5468587284306653,0.0940161389930634
TMRWI000FD2,PH097332060,2020-01-01,Y,0.4897972508371593,0.3982448121939942,0.3883592286866694,0.341807233235478,0.0418142439337819
TMRWI000FD3,PH050506016,2020-01-01,Y,0.7055040052780838,0.6898371445053497,0.6937729437874335,0.6702344844505318,0.0179611431106964
TMRWI000FD4,PH083747047,2020-01-01,Y,0.6818467315845779,0.6288942686039982,0.643435807200375,0.5468587284306653,0.0648176404508809
TMRWI000FD5,PH097332022,2020-01-01,Y,0.5397636809772652,0.4739554537670312,0.4791065638047888,0.40572801562227,0.0382483342111307
TMRWI000FD6,PH097332061,2020-01-01,Y,0.6908127527887552,0.6375205757925032,0.6810930989946482,0.5406558755941061,0.0840279449103887
TMRWI000FD7,PH112402185,2020-01-01,Y,0.7223567981548764,0.6948948984270097,0.7017280792761929,0.6537666370007765,0.0291103343074445
TMRWI000FD8,PH050506017,2020-01-01,Y,0.7171533566376306,0.7015891971786375,0.7057358429054124,0.6719962055539318,0.0156350248538579
TMRWI000FD9,PH083747046,2020-01-01,Y,0.5955249740492674,0.5711918512399663,0.5711918512399663,0.5468587284306653,0.0344122322918036
TMRWI000FDA,PH083747085,2020-01-01,Y,0.678184737300943,0.6243789649248365,0.6243789649248365,0.57057319254873,0.0760928530282494
TMRWI000FDB,PH097332062,2020-01-01,Y,0.6908127527887552,0.667739159862653,0.6814725079674213,0.6171988707270141,0.0339814121695189
TMRWI000FDC,PH097332019,2020-01-01,Y,0.6567237676549817,0.5954427129212201,0.6080317847973812,0.5282560457778909,0.0374266688327143
TMRWI000FDD,PH112402184,2020-01-01,Y,0.4892859335551516,0.3947897492476567,0.3954703397990045,0.297439564043304,0.0391735073059504
TMRWI000FDE,PH050506018,2020-01-01,Y,0.7053996495447968,0.6891902537784088,0.7025102383899848,0.6596608734004447,0.02561396891025
TMRWI000FDF,PH083747045,2020-01-01,Y,0.5955249740492674,0.5770504925407673,0.5770504925407673,0.5585760110322673,0.0261268623071317
TMRWI000FE0,PH097332063,2020-01-01,Y,0.6908127527887552,0.6494174122498872,0.6626178431757064,0.5406558755941061,0.0503998804738215
TMRWI000FE1,PH112402183,2020-01-01,Y,0.3978265240932427,0.3220170470443281,0.3302076140404846,0.2064906350125079,0.048443625090651
TMRWI000FE2,PH137401017,2020-01-01,Y,0.7678248368556099,0.7450018049433025,0.7475158324947404,0.7206696370562442,0.0188202496084535
TMRWI000FE3,PH083747044,2020-01-01,Y,0.5585760110322673,0.5585760110322673,0.5585760110322673,0.5585760110322673,
TMRWI000FE4,PH097332064,2020-01-01,Y,0.6818519169401944,0.6690292010972024,0.6810930989946482,0.6441425873567646,0.0215557790109272
TMRWI000FE5,PH050506019,2020-01-01,Y,0.7025102383899848,0.6810855558952147,0.6810855558952147,0.6596608734004447,0.0302990765536413
TMRWI000FE6,PH112402182,2020-01-01,Y,0.669442066915728,0.6494336973270822,0.6603294825663965,0.6233585429381275,0.0225559729753164
TMRWI000FE7,PH083747043,2020-01-01,Y,0.5955249740492674,0.5711918512399663,0.5711918512399663,0.5468587284306653,0.0344122322918036
TMRWI000FE8,PH097332021,2020-01-01,Y,0.7031926899463639,0.6507595557006298,0.6519594981174036,0.5371247587226988,0.0503604687493806
TMRWI000FE9,PH097332065,2020-01-01,Y,0.6812370679568653,0.6123397844616713,0.6199850439777351,0.5308129326015892,0.0421800552154608
TMRWI000FEA,PH050506020,2020-01-01,Y,0.6596608734004447,0.6596608734004447,0.6596608734004447,0.6596608734004447,
TMRWI000FEB,PH034919004,2020-01-01,Y,0.6459662821112276,0.5405175077975963,0.5442016175558296,0.3943808354940832,0.0936431938025478
TMRWI000FEC,PH050506026,2020-01-01,Y,0.6886591341074363,0.6740357357834115,0.6740357357834115,0.6594123374593867,0.0206806082378198
TMRWI000FED,PH083747035,2020-01-01,Y,0.6798176272766095,0.6191968191544384,0.6191968191544384,0.5585760110322673,0.0857307690083915
TMRWI000FEE,PH112402175,2020-01-01,Y,0.5220993583743985,0.4116992669237695,0.412566619790498,0.3330006225042626,0.0438989452619465
TMRWI000FEF,PH083747022,2020-01-01,Y,0.4657228893313276,0.4155479612498545,0.4101447874586958,0.400777736107775,0.0205658014281404
TMRWI000FF0,PH097332081,2020-01-01,Y,0.4716704338332874,0.3520260421550689,0.3431796850506863,0.3107797785101117,0.0299362000170801
TMRWI000FF1,PH112402169,2020-01-01,Y,0.5642158296111776,0.5642158296111776,0.5642158296111776,0.5642158296111776,
TMRWI000FF2,PH083747090,2020-01-01,Y,0.6928793247422926,0.6855320310216177,0.6855320310216177,0.678184737300943,0.0103906424265169
TMRWI000FF3,PH050506034,2020-01-01,Y,0.6886591341074363,0.6886591341074363,0.6886591341074363,0.6886591341074363,
TMRWI000FF4,PH083747021,2020-01-01,Y,0.5908086285190342,0.5437316974867727,0.5445124238980317,0.4887994111740788,0.0387799579588705
TMRWI000FF5,PH015518031,2020-01-01,Y,0.7453132094643331,0.6675691601696772,0.6773331679075779,0.6012860065366642,0.059094388813414
TMRWI000FF6,PH097332082,2020-01-01,Y,0.3740359337797118,0.3451426659797837,0.3442826863025545,0.32946743628922,0.0110240286873287
TMRWI000FF7,PH112402168,2020-01-01,Y,0.6618673879845626,0.6130416087978701,0.6130416087978701,0.5642158296111776,0.0690500791192545
TMRWI000FF8,PH050506035,2020-01-01,Y,0.709615368003385,0.6916365425934821,0.700850824917936,0.6597271133758492,0.0200213259447692
TMRWI000FF9,PH083747020,2020-01-01,Y,0.5110816353577754,0.4539126388293316,0.4483079927464199,0.4159755659037391,0.0288818793307581
TMRWI000FFA,PH137401021,2020-01-01,Y,0.791051573128573,0.7730483460364761,0.7815571889958318,0.7465362759850236,0.0234457507093472
TMRWI000FFB,PH097332083,2020-01-01,Y,0.5058605566985296,0.4281435359628841,0.4323575001517894,0.3605425999686976,0.0383332744362542
TMRWI000FFC,PH050506033,2020-01-01,Y,0.6886591341074363,0.670101212365925,0.6619173896144894,0.6597271133758492,0.0161089003977127
TMRWI000FFD,PH112402167,2020-01-01,Y,0.6791501493872366,0.6419973441050296,0.6623116987108522,0.5642158296111776,0.0524596218293654
TMRWI000FFE,PH097332016,2020-01-01,Y,0.6786628204770158,0.5944154217315297,0.5980532376960948,0.4988033615317115,0.0566173820244182
TMRWI000FFF,PH097332084,2020-01-01,Y,0.5735153887436353,0.4412423710842871,0.4343161453098064,0.3694445062896591,0.0538740624008313
TMRWI001000,PH050506037,2020-01-01,Y,0.7160153787901244,0.6386544504016758,0.6597271133758492,0.5549796877010004,0.0604605306219176
TMRWI001001,PH112402166,2020-01-01,Y,0.6627560094371416,0.6134859195241595,0.6134859195241595,0.5642158296111776,0.069678429374281
TMRWI001002,PH083747018,2020-01-01,Y,0.5766753220556202,0.5265347718141359,0.5304717257499724,0.464702552844502,0.0360499096747264
TMRWI001003,PH097332085,2020-01-01,Y,0.6757967852499097,0.5577521952135139,0.5505289938640837,0.4607574180205065,0.060198124928817
TMRWI001004,PH083747091,2020-01-01,Y,0.6928793247422926,0.6846293008122235,0.6846293008122235,0.6763792768821544,0.0116672957318063
TMRWI001005,PH050506038,2020-01-01,Y,0.7055040052780838,0.6986352793790691,0.69662888907169,0.6937729437874335,0.0061174874314143
TMRWI001006,PH083747015,2020-01-01,Y,0.6798176272766095,0.6191968191544384,0.6191968191544384,0.5585760110322673,0.0857307690083915
TMRWI001007,PH097332086,2020-01-01,Y,0.5009953964243583,0.4210076018387733,0.4133847850196994,0.3591304825285265,0.0490521703056701
TMRWI001008,PH112402165,2020-01-01,Y,0.6955061216618941,0.6499205337148758,0.6709530794121892,0.5642158296111776,0.0530218742559515
TMRWI001009,PH015518030,2020-01-01,Y,0.6860500807932243,0.6167978811545982,0.6280484712881738,0.5195671270902039,0.0667924489000382
TMRWI00100A,PH050506039,2020-01-01,Y,0.6937729437874335,0.6937729437874335,0.6937729437874335,0.6937729437874335,
TMRWI00100B,PH083747019,2020-01-01,Y,0.5374418944126651,0.4870944296225266,0.4631760594706132,0.4443189043785455,0.0375950225732206
TMRWI00100C,PH097332059,2020-01-01,Y,0.6875747840784934,0.5206461757182617,0.5168873564873483,0.3394094239736613,0.1045556826586864
TMRWI00100D,PH097332017,2020-01-01,Y,0.4611323432355549,0.393524465418498,0.3953132067898529,0.3154214448834816,0.0281672239487344
TMRWI00100E,PH083747023,2020-01-01,Y,0.5903975771460973,0.541137606541423,0.5463813390119195,0.4795113239028712,0.0341910116837093
TMRWI00100F,PH083747088,2020-01-01,Y,0.6901634014759713,0.6684704075304151,0.6727788252147562,0.6381605782161767,0.0236562977896548
TMRWI001010,PH083747034,2020-01-01,Y,0.5585760110322673,0.5585760110322673,0.5585760110322673,0.5585760110322673,
TMRWI001011,PH137401019,2020-01-01,Y,0.7943172434684074,0.7582691695035471,0.791051573128573,0.6894386919136609,0.0596313016345525
TMRWI001012,PH097332074,2020-01-01,Y,0.6786248199715561,0.5195938775522142,0.4712646998247326,0.4433735982213108,0.0938244900712138
TMRWI001013,PH050506027,2020-01-01,Y,0.7055040052780838,0.6915350806469347,0.6952009164295617,0.6702344844505318,0.0150532518012626
TMRWI001014,PH112402174,2020-01-01,Y,0.579170917943366,0.5268403116854029,0.5269487431364407,0.4952728348415312,0.0189046982156211
TMRWI001015,PH083747032,2020-01-01,Y,0.6115493148468514,0.5603443328430998,0.553786432502751,0.5222551515200459,0.0379945719843142
TMRWI001016,PH097332075,2020-01-01,Y,0.6979801586902997,0.670522528613281,0.6786248199715561,0.6441425873567646,0.0193288131405635
TMRWI001017,PH050506028,2020-01-01,Y,0.7060720362660278,0.697365585186732,0.697365585186732,0.6886591341074363,0.0123127811964779
TMRWI001018,PH083747027,2020-01-01,Y,0.523193603835401,0.4733507849736655,0.4699472813957944,0.3711629614229188,0.0409609843221466
TMRWI001019,PH015518032,2020-01-01,Y,0.6863877116334639,0.6405580999940315,0.6318051482001432,0.6055832605787917,0.0340671277693852
TMRWI00101A,PH097332076,2020-01-01,Y,0.6875747840784934,0.653531497253557,0.6585754692308927,0.5371247587226988,0.0342201133350748
TMRWI00101B,PH112402173,2020-01-01,Y,0.6257328573008105,0.6060843453746144,0.6125826948168893,0.5799374840061435,0.023579131937052
TMRWI00101C,PH097332080,2020-01-01,Y,0.614562393017025,0.5030930403988562,0.5177438780630276,0.4057333973113994,0.0551978994700735
TMRWI00101D,PH097332018,2020-01-01,Y,0.4002367371893265,0.3150450934389499,0.3143943781251076,0.2112491036085739,0.0489195442384655
TMRWI00101E,PH083747026,2020-01-01,Y,0.4687013754692257,0.4249757992311637,0.4443189043785455,0.3433324150160609,0.0456833389022009
TMRWI00101F,PH097332077,2020-01-01,Y,0.7031926899463639,0.674724940276168,0.6892541002156471,0.6171988707270141,0.0389303361653448
TMRWI001020,PH112402172,2020-01-01,Y,0.6618673879845626,0.6392262766612092,0.6300785846982544,0.6257328573008105,0.0197278046959256
TMRWI001021,PH083747089,2020-01-01,Y,0.6928793247422926,0.6579501640169843,0.6841740693884572,0.57057319254873,0.0586000911134432
TMRWI001022,PH050506030,2020-01-01,Y,0.6886591341074363,0.6594544374540066,0.6595697254176179,0.6300191648733539,0.0239403822239333
TMRWI001023,PH083747025,2020-01-01,Y,0.6065620202400113,0.4847623818943108,0.4947773187014661,0.3433324150160609,0.0744017188572256
TMRWI001024,PH097332078,2020-01-01,Y,0.4364560309127006,0.3421298878303188,0.3470725507365167,0.2189354628767616,0.0441458655792837
TMRWI001025,PH112402171,2020-01-01,Y,0.6618673879845626,0.6172720249655169,0.6257328573008105,0.5642158296111776,0.0493725224800406
TMRWI001026,PH137401020,2020-01-01,Y,0.7943172434684074,0.7543112721759087,0.7547990683935136,0.684852199904026,0.0442594020659378
TMRWI001027,PH083747024,2020-01-01,Y,0.6065620202400113,0.5041090825638662,0.4992595082709582,0.3934124975055955,0.0541460646594468
TMRWI001028,PH097332079,2020-01-01,Y,0.5051191390146168,0.3981804913391237,0.3927989738704843,0.3422463000638343,0.0359999949738354
TMRWI001029,PH050506032,2020-01-01,Y,0.7160153787901244,0.6759873736729705,0.664103501262954,0.6597271133758492,0.0268244184390717
TMRWI00102A,PH112402170,2020-01-01,Y,0.6618673879845626,0.6204736648987013,0.6279057209995325,0.5642158296111776,0.0408178797882552
TMRWI00102B,PH050506029,2020-01-01,Y,0.6886591341074363,0.6740357357834115,0.6740357357834115,0.6594123374593867,0.0206806082378198
TMRWI00102C,PH083747014,2020-01-01,Y,0.6798176272766095,0.5950841222465141,0.5585760110322673,0.5468587284306653,0.0736148682937446
TMRWI00102D,PH137401016,2020-01-01,Y,0.7678248368556099,0.7462121771243011,0.745959557140086,0.7192555228466864,0.0166207319896446
TMRWI00102E,PH112402187,2020-01-01,Y,0.7223567981548764,0.6774682707075367,0.6804002762643628,0.6267157321465447,0.0424800615947399
TMRWI00102F,PH137401004,2020-01-01,Y,0.745959557140086,0.7415041305016321,0.742902601153333,0.7356502332114774,0.0052950288090808
TMRWI001030,PH083747079,2020-01-01,Y,0.6418853561690356,0.6152976556143993,0.6334344181254324,0.57057319254873,0.0389623252108819
TMRWI001031,PH083747069,2020-01-01,Y,0.6595108034668354,0.6325888879526427,0.6376598871472341,0.5955249740492674,0.0269917425111313
TMRWI001032,PH097332039,2020-01-01,Y,0.3628153039959971,0.2997661450165909,0.3033815342607046,0.2280648814380032,0.0360622802189022
TMRWI001033,PH034919018,2020-01-01,Y,0.3873011876334169,0.3460026540916869,0.3419862592532791,0.3141665389516367,0.0246803457405163
TMRWI001034,PH137401003,2020-01-01,Y,0.745959557140086,0.7368347567372249,0.7392764171824051,0.722826635444003,0.0102909551937419
TMRWI001035,PH083747068,2020-01-01,Y,0.6595108034668354,0.6275178887580515,0.6275178887580515,0.5955249740492674,0.045244813881008
TMRWI001036,PH137401012,2020-01-01,Y,0.7815571889958318,0.7815571889958318,0.7815571889958318,0.7815571889958318,
TMRWI001037,PH097332040,2020-01-01,Y,0.458074714924814,0.3601451828051889,0.3539348689402362,0.3318026673706489,0.0216364731036969
TMRWI001038,PH034919020,2020-01-01,Y,0.6179741208929193,0.4608981251598051,0.4253509696035715,0.3738265493059802,0.0702505257441672
TMRWI001039,PH083747067,2020-01-01,Y,0.5955249740492674,0.5770504925407673,0.5770504925407673,0.5585760110322673,0.0261268623071317
TMRWI00103A,PH097332041,2020-01-01,Y,0.4224401598545112,0.3591056673210675,0.3562522555192302,0.3452250490674733,0.0158748869422629
TMRWI00103B,PH137401002,2020-01-01,Y,0.7815571889958318,0.7815571889958318,0.7815571889958318,0.7815571889958318,
TMRWI00103C,PH097332027,2020-01-01,Y,0.3649059557391326,0.298171535269453,0.2993169759717768,0.1843808164118346,0.0413110186546939
TMRWI00103D,PH034919021,2020-01-01,Y,0.5525481558001012,0.4648795616541978,0.4729986993334115,0.3863415199307083,0.0493504166814878
TMRWI00103E,PH083747066,2020-01-01,Y,0.6790868166678204,0.6110626005831183,0.5955249740492674,0.5585760110322673,0.0617395897901953
TMRWI00103F,PH097332042,2020-01-01,Y,0.3968473248197446,0.3529694315525127,0.3581459727323555,0.2618280706477989,0.0350637725515071
TMRWI001040,PH137401001,2020-01-01,Y,0.7771591618597141,0.7324073883025205,0.7210181186918365,0.6894386919136609,0.029323137701442
TMRWI001041,PH083747080,2020-01-01,Y,0.6357640249366218,0.6357640249366218,0.6357640249366218,0.6357640249366218,
TMRWI001042,PH034919022,2020-01-01,Y,0.498391436272259,0.4364671797148283,0.4315298642153694,0.3788761306594739,0.0442226669383174
TMRWI001043,PH083747065,2020-01-01,Y,0.5585760110322673,0.5585760110322673,0.5585760110322673,0.5585760110322673,
TMRWI001044,PH034919008,2020-01-01,Y,0.5133458210951634,0.4647960307970148,0.4654581699832415,0.4119515344301726,0.0283930611236342
TMRWI001045,PH097332043,2020-01-01,Y,0.4957467737456905,0.4155353668417726,0.4168571016192881,0.3579627813091627,0.0428340388916244
TMRWI001046,PH112402901,2020-01-01,Y,0.4989099926702583,0.3757329045374118,0.3728970974777292,0.2302335007346649,0.0489715867367601
TMRWI001047,PH083747064,2020-01-01,Y,0.5585760110322673,0.5585760110322673,0.5585760110322673,0.5585760110322673,
TMRWI001048,PH137401013,2020-01-01,Y,0.7732828571459018,0.7528131753378292,0.7475158324947404,0.7362632553590533,0.0127012754592661
TMRWI001049,PH097332044,2020-01-01,Y,0.6222139634570849,0.5211670990068001,0.5206843800157689,0.4572787952716025,0.0413182824102144
TMRWI00104A,PH097332038,2020-01-01,Y,0.4752545915365099,0.3833448051982316,0.3882403235738353,0.3092050365680393,0.0333616246889808
TMRWI00104B,PH083747070,2020-01-01,Y,0.5955249740492674,0.5955249740492674,0.5955249740492674,0.5955249740492674,
TMRWI00104C,PH034919017,2020-01-01,Y,0.5065296286863571,0.4287674145906737,0.4331208576874604,0.3796546942751766,0.0361384828316028
TMRWI00104D,PH097332028,2020-01-01,Y,0.5256974918054967,0.4477192305554003,0.458724682593298,0.3555244261966905,0.0523376343789607
TMRWI00104E,PH137401010,2020-01-01,Y,0.791051573128573,0.7540158180126886,0.7815571889958318,0.6894386919136609,0.0561265511493651
TMRWI00104F,PH034919012,2020-01-01,Y,0.5917295413097924,0.4816057680709791,0.4779037846224681,0.4105340905614338,0.0449411559013839
TMRWI001050,PH083747076,2020-01-01,Y,0.6418853561690356,0.6187051651091515,0.6187051651091515,0.5955249740492674,0.0327817405752876
TMRWI001051,PH097332032,2020-01-01,Y,0.5600164611737073,0.3728672697491502,0.3678926761870287,0.2221272930544855,0.0550927591836875
TMRWI001052,PH137401009,2020-01-01,Y,0.7815571889958318,0.7815571889958318,0.7815571889958318,0.7815571889958318,
TMRWI001053,PH034919011,2020-01-01,Y,0.5050096015400376,0.4657766440231459,0.4543633279652151,0.4434255540132333,0.0260838205733722
TMRWI001054,PH034919013,2020-01-01,Y,0.5917295413097924,0.4741533744702716,0.4722057784581588,0.3937474539781815,0.0474460326798351
TMRWI001055,PH083747075,2020-01-01,Y,0.6357640249366218,0.5913113766836435,0.5913113766836435,0.5468587284306653,0.0628655380427624
TMRWI001056,PH097332033,2020-01-01,Y,0.5198488839669122,0.3852466899881475,0.3579216238880319,0.3436381286097392,0.0541966001006486
TMRWI001057,PH137401008,2020-01-01,Y,0.7462597455931065,0.7412615004760799,0.7412615004760799,0.7362632553590533,0.007068586032564
TMRWI001058,PH097332030,2020-01-01,Y,0.5018988742794687,0.4259982991324884,0.4193619070169647,0.382446657537937,0.0331436050174788
TMRWI001059,PH083747074,2020-01-01,Y,0.6418853561690356,0.6050082708963975,0.6156444994929446,0.5468587284306653,0.0438829429006038
TMRWI00105A,PH097332034,2020-01-01,Y,0.4224122076982518,0.3709669181373263,0.372223478026515,0.2634899849259822,0.0324854850478537
TMRWI00105B,PH050506001,2020-01-01,Y,0.6217586696836974,0.5783133337723709,0.5799077049708046,0.5158858354457736,0.0418925403232856
TMRWI00105C,PH034919014,2020-01-01,Y,0.6459662821112276,0.4536722275064511,0.4339731142528341,0.3793141177455195,0.065103802698017
TMRWI00105D,PH083747073,2020-01-01,Y,0.5955249740492674,0.5711918512399663,0.5711918512399663,0.5468587284306653,0.0344122322918036
TMRWI00105E,PH083747078,2020-01-01,Y,0.6418853561690356,0.6418853561690356,0.6418853561690356,0.6418853561690356,
TMRWI00105F,PH097332035,2020-01-01,Y,0.4158793118271,0.3676363958710967,0.3752085706420648,0.3268725638908541,0.0263466659911385
TMRWI001060,PH137401011,2020-01-01,Y,0.7210181186918365,0.7052284053027487,0.7052284053027487,0.6894386919136609,0.0223300268208319
TMRWI001061,PH034919015,2020-01-01,Y,0.6459662821112276,0.5589592144432438,0.5598122457988839,0.4987489408260655,0.0565643899923163
TMRWI001062,PH083747072,2020-01-01,Y,0.5955249740492674,0.5711918512399663,0.5711918512399663,0.5468587284306653,0.0344122322918036
TMRWI001063,PH097332036,2020-01-01,Y,0.4158793118271,0.3549442158708126,0.3486660679115527,0.3039022517256503,0.0255084388909187
TMRWI001064,PH137401006,2020-01-01,Y,0.7650197209222332,0.7432843505155846,0.7444310791467095,0.7192555228466864,0.018771550716578
TMRWI001065,PH034919016,2020-01-01,Y,0.5776578405388553,0.4463042411803821,0.4313213767335989,0.3782090001488213,0.0586032914677567
TMRWI001066,PH083747071,2020-01-01,Y,0.5955249740492674,0.5770504925407673,0.5770504925407673,0.5585760110322673,0.0261268623071317
TMRWI001067,PH034919010,2020-01-01,Y,0.6179741208929193,0.4830970514675822,0.4808519068519697,0.38066539800686,0.0867617713482654
TMRWI001068,PH097332037,2020-01-01,Y,0.4824406364510294,0.4289119348426276,0.4215560436846632,0.3859518950739238,0.0301879570905695
TMRWI001069,PH137401005,2020-01-01,Y,0.7650197209222332,0.7416995611802699,0.7412615004760799,0.7192555228466864,0.0191303720992816
TMRWI00106A,PH137401007,2020-01-01,Y,0.791051573128573,0.7863043810622024,0.7863043810622024,0.7815571889958318,0.0067135434034512
TMRWI00106B,PH112402198,2020-01-01,Y,0.7298402758642546,0.6626085909187109,0.6609466775938226,0.5825802296223621,0.0414114943739594
TMRWI00106C,PH083747063,2020-01-01,Y,0.6790868166678204,0.6323912103889744,0.6595108034668354,0.5585760110322673,0.0646708420794417
TMRWI00106D,PH097332045,2020-01-01,Y,0.6812370679568653,0.5738909597985987,0.5731260724169523,0.4808449781187217,0.0697839413983282
TMRWI00106E,PH112402192,2020-01-01,Y,0.7187497758558173,0.6693917647704998,0.6638260723175053,0.6267157321465447,0.0277744769533923
TMRWI00106F,PH050506009,2020-01-01,Y,0.7048315853969538,0.6981194829316539,0.6981194829316539,0.6914073804663542,0.0094923463384648
TMRWI001070,PH083747055,2020-01-01,Y,0.5468587284306653,0.5468587284306653,0.5468587284306653,0.5468587284306653,
TMRWI001071,PH097332024,2020-01-01,Y,0.433084069543776,0.3149885190419972,0.3120179248708327,0.1532914046179216,0.0637378045568964
TMRWI001072,PH097332053,2020-01-01,Y,0.580386482082546,0.4857874765885462,0.4928936385149647,0.3968299239655911,0.0455843520766079
TMRWI001073,PH112402191,2020-01-01,Y,0.4174876137119891,0.336799875924039,0.3378097599526657,0.2386796057008321,0.0394599684443151
TMRWI001074,PH083747054,2020-01-01,Y,0.5955249740492674,0.5711918512399663,0.5711918512399663,0.5468587284306653,0.0344122322918036
TMRWI001075,PH083747083,2020-01-01,Y,0.678184737300943,0.6316018277388326,0.6388246905528288,0.57057319254873,0.0447866669851883
TMRWI001076,PH097332054,2020-01-01,Y,0.4076879476996899,0.3319370979514331,0.3327261674844307,0.1988128624754488,0.0502413225285842
TMRWI001077,PH050506010,2020-01-01,Y,0.7171533566376306,0.7044641075003129,0.7048315853969538,0.6914073804663542,0.0128769213034938
TMRWI001078,PH112402190,2020-01-01,Y,0.7187497758558173,0.6864931606176192,0.6827005260491044,0.6582707051404805,0.0231642279486108
TMRWI001079,PH083747053,2020-01-01,Y,0.5468587284306653,0.5468587284306653,0.5468587284306653,0.5468587284306653,
TMRWI00107A,PH137401015,2020-01-01,Y,0.7547990683935136,0.7506676721892687,0.7506676721892687,0.7465362759850236,0.0058426765435799
TMRWI00107B,PH097332052,2020-01-01,Y,0.6786248199715561,0.5638325263196348,0.5469654850061344,0.4880687737215592,0.0704924993098803
TMRWI00107C,PH097332055,2020-01-01,Y,0.4761465883585905,0.3970310883850906,0.3877509989464563,0.3402312009497118,0.0339088378506935
TMRWI00107D,PH083747052,2020-01-01,Y,0.5468587284306653,0.5468587284306653,0.5468587284306653,0.5468587284306653,
TMRWI00107E,PH097332056,2020-01-01,Y,0.3858072932086178,0.3858072932086178,0.3858072932086178,0.3858072932086178,
TMRWI00107F,PH112402189,2020-01-01,Y,0.4321895758922581,0.345999103902453,0.3497704272602913,0.2934740320400208,0.0355971277868622
TMRWI001080,PH034919005,2020-01-01,Y,0.5651014954407324,0.4708599015839722,0.4517618252654209,0.4020781861924896,0.0451269725329774
TMRWI001081,PH050506012,2020-01-01,Y,0.7153072484022889,0.7026046986102971,0.6992985670660526,0.6914073804663542,0.0096689760855594
TMRWI001082,PH083747051,2020-01-01,Y,0.5468587284306653,0.5468587284306653,0.5468587284306653,0.5468587284306653,
TMRWI001083,PH097332023,2020-01-01,Y,0.580386482082546,0.4775544840937022,0.4753985823232557,0.3827842935097464,0.044313365127792
TMRWI001084,PH097332057,2020-01-01,Y,0.3934143190817004,0.3548662665290542,0.3581459727323555,0.2903322585650578,0.0288480118777505
TMRWI001085,PH112402188,2020-01-01,Y,0.4823962469230198,0.3514102129103,0.3471441864353667,0.2941397697313795,0.0348340567046757
TMRWI001086,PH050506013,2020-01-01,Y,0.709615368003385,0.7001071051785973,0.6992985670660526,0.6914073804663542,0.0091308818274438
TMRWI001087,PH083747050,2020-01-01,Y,0.5468587284306653,0.5468587284306653,0.5468587284306653,0.5468587284306653,
TMRWI001088,PH083747084,2020-01-01,Y,0.6418853561690356,0.6062292743588829,0.6062292743588829,0.57057319254873,0.0504253144770028
TMRWI001089,PH097332058,2020-01-01,Y,0.389642539002778,0.3555686464479679,0.3601576790388039,0.3039022517256503,0.0230947405875877
TMRWI00108A,PH050506011,2020-01-01,Y,0.7171533566376306,0.6969374190241846,0.6992985670660526,0.6719962055539318,0.0168019528047123
TMRWI00108B,PH083747049,2020-01-01,Y,0.5468587284306653,0.5468587284306653,0.5468587284306653,0.5468587284306653,
TMRWI00108C,PH034919006,2020-01-01,Y,0.5525481558001012,0.4545177324400996,0.466596413595701,0.3863415199307083,0.0465111183972474
TMRWI00108D,PH050506008,2020-01-01,Y,0.7048315853969538,0.6774813806928015,0.6776092813164389,0.6498753747413744,0.0226399195567315
TMRWI00108E,PH097332026,2020-01-01,Y,0.6420968527797609,0.5738015377966088,0.5733074420006458,0.4963266379534397,0.0459919978909877
TMRWI00108F,PH050506002,2020-01-01,Y,0.5282556870869444,0.4320663542037012,0.4185711182404116,0.3945793206875672,0.0420652306328545
TMRWI001090,PH083747062,2020-01-01,Y,0.6790868166678204,0.6188314138500439,0.6188314138500439,0.5585760110322673,0.0852140078711536
TMRWI001091,PH097332046,2020-01-01,Y,0.5523547001841613,0.4928696061406109,0.4954529202471353,0.4280107331439241,0.0334771799032157
TMRWI001092,PH112402197,2020-01-01,Y,0.7298402758642546,0.6734995814608149,0.6752470638016019,0.6147398939511267,0.034169892975416
TMRWI001093,PH083747081,2020-01-01,Y,0.6357640249366218,0.6357640249366218,0.6357640249366218,0.6357640249366218,
TMRWI001094,PH050506003,2020-01-01,Y,0.5561537764820165,0.5381519619249198,0.5420020649106388,0.5192770664137455,0.0128752160668561
TMRWI001095,PH083747061,2020-01-01,Y,0.6115493148468514,0.5775188736596517,0.5720776408732687,0.5445124238980317,0.0251616908588351
TMRWI001096,PH097332047,2020-01-01,Y,0.6311306233493865,0.5507270608008411,0.5410939397741138,0.4920302798165434,0.0425777868806563
TMRWI001097,PH112402196,2020-01-01,Y,0.697098899333623,0.6524192359568558,0.6490846628757161,0.625208796440921,0.0271575449351055
TMRWI001098,PH034919007,2020-01-01,Y,0.4729513797087659,0.4069677731603791,0.3944733967272993,0.3787455243496895,0.0296519851702236
TMRWI001099,PH050506004,2020-01-01,Y,0.4850822266504267,0.3912778833417711,0.3871802134514381,0.283624455478593,0.0456540939618158
TMRWI00109A,PH083747060,2020-01-01,Y,0.6790868166678204,0.622865548441061,0.6309338176230952,0.5585760110322673,0.0606591814520096
TMRWI00109B,PH083747056,2020-01-01,Y,0.5468587284306653,0.5468587284306653,0.5468587284306653,0.5468587284306653,
TMRWI00109C,PH097332048,2020-01-01,Y,0.6358418948969128,0.5260331523816381,0.521499794530712,0.4054544156446888,0.0600169137365478
TMRWI00109D,PH137401014,2020-01-01,Y,0.745959557140086,0.722322156424898,0.7292384343277403,0.684852199904026,0.0267121475746902
TMRWI00109E,PH083747059,2020-01-01,Y,0.6790868166678204,0.6790868166678204,0.6790868166678204,0.6790868166678204,
TMRWI00109F,PH097332025,2020-01-01,Y,0.4140686964669866,0.3163069174844675,0.3365499331673402,0.1845728562555067,0.0616065307392577
TMRWI0010A0,PH097332049,2020-01-01,Y,0.414691285536155,0.3921826686296522,0.3890567794050454,0.375925830172363,0.0166593745158041
TMRWI0010A1,PH050506005,2020-01-01,Y,0.7143743986526083,0.6966854443632284,0.7010664471748869,0.6702344844505318,0.0190641251155573
TMRWI0010A2,PH112402194,2020-01-01,Y,0.7083671527438848,0.6799983939725491,0.6766778590029157,0.6582707051404805,0.0216305664545689
TMRWI0010A3,PH083747058,2020-01-01,Y,0.5468587284306653,0.5468587284306653,0.5468587284306653,0.5468587284306653,
TMRWI0010A4,PH097332050,2020-01-01,Y,0.5017654380455026,0.422569225827047,0.4197874070119016,0.3637406807235914,0.0337139496142534
TMRWI0010A5,PH083747082,2020-01-01,Y,0.6418853561690356,0.6388246905528288,0.6388246905528288,0.6357640249366218,0.0043284348243288
TMRWI0010A6,PH050506007,2020-01-01,Y,0.6813200692056557,0.648870840275979,0.6498753747413744,0.6154170768809067,0.0329629779670784
TMRWI0010A7,PH083747057,2020-01-01,Y,0.5468587284306653,0.5468587284306653,0.5468587284306653,0.5468587284306653,
TMRWI0010A8,PH097332051,2020-01-01,Y,0.4757682484848624,0.4202331895275579,0.4171492790321961,0.3744445850718007,0.0271489719755702
TMRWI0010A9,PH112402193,2020-01-01,Y,0.6778590437519825,0.6395937693886193,0.6409785234028313,0.6081113294270417,0.0214820474366968
TMRWI0010AA,PH112402195,2020-01-01,Y,0.684816730256911,0.5809305926491073,0.5656757532061464,0.5043514339565344,0.0523372425238734
TMRWI0010AB,PH097332087,2020-01-01,Y,0.7007984239008436,0.6675832343897761,0.6776716763920789,0.618564578121504,0.0271715982625532
TMRWI0010AC,PH097332073,2020-01-01,Y,0.4715597063024317,0.3982055967631107,0.3990040499156247,0.3350476038472096,0.0297252697541159
TMRWI0010AD,PH112402164,2020-01-01,Y,0.6064490735650705,0.585332451588124,0.585332451588124,0.5642158296111776,0.0298634131913034
TMRWI0010AE,PH097332099,2020-01-01,Y,0.6855942394094516,0.6714387229779474,0.6827204332512056,0.6171988707270141,0.0267608847732068
TMRWI0010AF,PH050506049,2020-01-01,Y,0.5607251371916786,0.4898268961682165,0.4836222642833603,0.4108674012024973,0.0495960404801217
TMRWI0010B0,PH112402154,2020-01-01,Y,0.6064490735650705,0.603994019116548,0.603994019116548,0.6015389646680255,0.0034719712974649
TMRWI0010B1,PH072230021,2020-01-01,Y,0.6847967186926863,0.6510724421196796,0.660907135267002,0.57029744028126,0.0335132441264672
TMRWI0010B2,PH097332012,2020-01-01,Y,0.4220091798263597,0.3712475608911233,0.3771350142787234,0.2755984272838297,0.0346193743953536
TMRWI0010B3,PH097332100,2020-01-01,Y,0.4939844817376818,0.3507583969245954,0.3514168341880144,0.2726971747887258,0.0375617519465315
TMRWI0010B4,PH050506050,2020-01-01,Y,0.3893140838302609,0.3422369758042777,0.3459660933946175,0.2641909683722026,0.0304840074060183
TMRWI0010B5,PH072230020,2020-01-01,Y,0.6929982660888779,0.6407401610204725,0.6452207007290132,0.5535922565845437,0.0403497037994989
TMRWI0010B6,PH083747095,2020-01-01,Y,0.6790868166678204,0.6645053891721782,0.6645053891721782,0.649923961676536,0.0206212525230971
TMRWI0010B7,PH097332101,2020-01-01,Y,0.6979801586902997,0.6213991479682248,0.6347489274753384,0.4959065612144866,0.0664869925616407
TMRWI0010B8,PH112402153,2020-01-01,Y,0.6509172305437049,0.623299864691028,0.6158508337874131,0.5935902131440972,0.0238358518560285
TMRWI0010B9,PH015518027,2020-01-01,Y,0.6576258500157133,0.5765373270015512,0.5798025782770544,0.5027549343955157,0.0601685954427246
TMRWI0010BA,PH050506051,2020-01-01,Y,0.7153072484022889,0.6931648804843753,0.7033252002904686,0.613013427415861,0.0304195679502828
TMRWI0010BB,PH072230019,2020-01-01,Y,0.6517988853936142,0.6284008727407162,0.6340602319873347,0.5877937895018703,0.0209374172360832
TMRWI0010BC,PH097332102,2020-01-01,Y,0.5672807879701122,0.5084110111640362,0.4994363263237401,0.450125510354782,0.0393851185613585
TMRWI0010BD,PH112402152,2020-01-01,Y,0.717919145908283,0.6628312946128655,0.6792680115429325,0.5935902131440972,0.0410889163880719
TMRWI0010BE,PH137401025,2020-01-01,Y,0.7943172434684074,0.7349769184499065,0.715224883834865,0.684852199904026,0.0539490533453483
TMRWI0010BF,PH050506052,2020-01-01,Y,0.6784292231860023,0.6168609548144696,0.6594123374593867,0.5345658403575481,0.0677899530398132
TMRWI0010C0,PH072230018,2020-01-01,Y,0.6968704635192493,0.6747798379305623,0.6747798379305623,0.6526892123418753,0.0312408623088273
TMRWI0010C1,PH063022086,2020-01-01,Y,0.639371830591275,0.5679472766731155,0.552749745473573,0.5187705371314749,0.0428554534090846
TMRWI0010C2,PH097332103,2020-01-01,Y,0.4404774652036862,0.404473517922324,0.3995238949094476,0.3872991978264199,0.0156080367572616
TMRWI0010C3,PH072230022,2020-01-01,Y,0.708789336464347,0.6731579621463939,0.6857364872629225,0.5989744918252736,0.0376672147854648
TMRWI0010C4,PH112402155,2020-01-01,Y,0.6310291204053751,0.613005719546157,0.6064490735650705,0.6015389646680255,0.0158006179070394
TMRWI0010C5,PH097332098,2020-01-01,Y,0.4920302798165434,0.4441461001044305,0.4448873270127741,0.3833169091790965,0.0303304282091956
TMRWI0010C6,PH137401024,2020-01-01,Y,0.7943172434684074,0.778365570394459,0.7863043810622024,0.7465362759850236,0.0218988656565221
TMRWI0010C7,PH097332093,2020-01-01,Y,0.5600164611737073,0.4753898197174772,0.4765545875248889,0.404307480078019,0.0397114473374667
TMRWI0010C8,PH112402159,2020-01-01,Y,0.7029850885900566,0.6590060609064465,0.6657500951838522,0.6015389646680255,0.0507893630657595
TMRWI0010C9,PH137401023,2020-01-01,Y,0.7771591618597141,0.7503796263282184,0.7516706123806616,0.7210181186918365,0.0230054409207806
TMRWI0010CA,PH072230027,2020-01-01,Y,0.6929982660888779,0.6352792576746685,0.6319321287611207,0.6015805038058057,0.0279630097852979
TMRWI0010CB,PH097332094,2020-01-01,Y,0.7007984239008436,0.6542504267170643,0.6555410143023437,0.6192315965671517,0.0267091298683905
TMRWI0010CC,PH050506045,2020-01-01,Y,0.6182516275127274,0.5602940413401039,0.5561537764820165,0.5058117872112546,0.0324283347303787
TMRWI0010CD,PH112402158,2020-01-01,Y,0.6015389646680255,0.6015389646680255,0.6015389646680255,0.6015389646680255,
TMRWI0010CE,PH072230026,2020-01-01,Y,0.7339056328140388,0.675401182096287,0.6790459891035522,0.6223042193463748,0.0320512500460067
TMRWI0010CF,PH097332095,2020-01-01,Y,0.3917357985597731,0.357007392773732,0.3604488498069577,0.3300488672567496,0.0252562105369424
TMRWI0010D0,PH015518028,2020-01-01,Y,0.6576258500157133,0.5649154763558648,0.5605812948823896,0.5027549343955157,0.0551960981147072
TMRWI0010D1,PH112402151,2020-01-01,Y,0.6545978903665183,0.6360116652551877,0.6374842839033794,0.611850125021415,0.0178204534680572
TMRWI0010D2,PH050506046,2020-01-01,Y,0.7143743986526083,0.6665631815713141,0.6593960111658286,0.613013427415861,0.0384851899455111
TMRWI0010D3,PH097332013,2020-01-01,Y,0.4791398500894187,0.3304881576397784,0.3379202727345695,0.1988463779441591,0.0574500898526783
TMRWI0010D4,PH097332096,2020-01-01,Y,0.3766015949795874,0.3196779691797096,0.3342704260233835,0.2018853820845383,0.0432259057925212
TMRWI0010D5,PH112402157,2020-01-01,Y,0.6627560094371416,0.6087399693203538,0.603994019116548,0.5642158296111776,0.0406498637886406
TMRWI0010D6,PH050506047,2020-01-01,Y,0.5729330427812536,0.4893208976304383,0.4847182771690171,0.4014009973328518,0.0526616225090979
TMRWI0010D7,PH072230024,2020-01-01,Y,0.7420643201734343,0.6934042222712219,0.6935112285435493,0.6386610368169113,0.0373851331302512
TMRWI0010D8,PH083747094,2020-01-01,Y,0.6986490594144521,0.6476535323822517,0.6572699275491656,0.5774252150162233,0.0530655095557317
TMRWI0010D9,PH097332097,2020-01-01,Y,0.5306619350650836,0.4088424583053399,0.4171275716943957,0.2235781456381472,0.0562600697164809
TMRWI0010DA,PH112402156,2020-01-01,Y,0.7004710699623292,0.6443463850119099,0.6310291204053751,0.6015389646680255,0.0507927407898131
TMRWI0010DB,PH050506048,2020-01-01,Y,0.4341864916932458,0.3624642884435123,0.369244931644996,0.266075512458451,0.0472274920476217
TMRWI0010DC,PH072230023,2020-01-01,Y,0.7333642817677339,0.6668440249963064,0.6802749415712945,0.57029744028126,0.0447329171540615
TMRWI0010DD,PH072230025,2020-01-01,Y,0.7704153934609822,0.6884724530138249,0.6776858598516764,0.6383742668125111,0.0434992241886753
TMRWI0010DE,PH083747093,2020-01-01,Y,0.6986490594144521,0.684596809802859,0.6787620931119706,0.6763792768821544,0.0122277856808236
TMRWI0010DF,PH072230017,2020-01-01,Y,0.7333642817677339,0.6768503751725324,0.6831638156709396,0.6334218084837917,0.0305198354123291
TMRWI0010E0,PH097332104,2020-01-01,Y,0.6139154180698119,0.5272326121489704,0.5179942268685687,0.4486794425954549,0.0431560832104004
TMRWI0010E1,PH104305003,2020-01-01,Y,0.722493586710851,0.636591558543032,0.6479268436749912,0.543456631718238,0.0517548103748478
TMRWI0010E2,PH050506058,2020-01-01,Y,0.5535963222184005,0.479135881773722,0.4793462950881461,0.3802846290338695,0.0518474490017909
TMRWI0010E3,PH072230010,2020-01-01,Y,0.7000008622582512,0.6794843701721386,0.6826237030442139,0.6526892123418753,0.0197008927505835
TMRWI0010E4,PH015518025,2020-01-01,Y,0.7312537112119264,0.7033217684662737,0.7072959879800119,0.6566620202746586,0.0282454374799149
TMRWI0010E5,PH104305004,2020-01-01,Y,0.5291255410148284,0.4586378514160164,0.456009381728532,0.3589735344138888,0.0459526388439712
TMRWI0010E6,PH112402145,2020-01-01,Y,0.6955061216618941,0.6697585786396315,0.6730219544966263,0.6374842839033794,0.0283122917623801
TMRWI0010E7,PH050506059,2020-01-01,Y,0.5605263365130312,0.4839406545816896,0.4836149548031698,0.4368597962169971,0.0348557460025077
TMRWI0010E8,PH072230009,2020-01-01,Y,0.6979012841276955,0.6689906420860693,0.6708521257148705,0.6400260338895043,0.0271174179699349
TMRWI0010E9,PH097332005,2020-01-01,Y,0.4825831191192458,0.3855411213197345,0.3824355008832423,0.3221862506575295,0.0311660931143224
TMRWI0010EA,PH104305005,2020-01-01,Y,0.7208967575028048,0.6382302233868015,0.649122640301671,0.5199468218634304,0.0482387057586275
TMRWI0010EB,PH112402144,2020-01-01,Y,0.6955061216618941,0.6748121413973358,0.6914460186267342,0.6374842839033794,0.0323905513688926
TMRWI0010EC,PH050506060,2020-01-01,Y,0.5581062025788536,0.4930897108122159,0.4930919432772612,0.4197601417912786,0.0417960061195202
TMRWI0010ED,PH072230008,2020-01-01,Y,0.7065928268919612,0.6922060383749254,0.6935112285435493,0.6765140596892658,0.0150818002950805
TMRWI0010EE,PH083747098,2020-01-01,Y,0.6684407240320235,0.6497661677772183,0.649923961676536,0.6309338176230952,0.0187539510844521
TMRWI0010EF,PH104305006,2020-01-01,Y,0.7044386997176716,0.7044386997176716,0.7044386997176716,0.7044386997176716,
TMRWI0010F0,PH112402143,2020-01-01,Y,0.7068505985761271,0.6797900230294991,0.6837483987313537,0.6374842839033794,0.0221573188669094
TMRWI0010F1,PH137401027,2020-01-01,Y,0.7771591618597141,0.7471926329496312,0.7475158324947404,0.6819212621887475,0.0253514145161242
TMRWI0010F2,PH072230007,2020-01-01,Y,0.7132106122764158,0.6789926938330065,0.6765140596892658,0.6508699636075942,0.0178452439756372
TMRWI0010F3,PH104305007,2020-01-01,Y,0.7044386997176716,0.7044386997176716,0.7044386997176716,0.7044386997176716,
TMRWI0010F4,PH050506061,2020-01-01,Y,0.6081867476983904,0.4806928851644783,0.4692311075977142,0.3966422772434395,0.0647190524114289
TMRWI0010F5,PH112402142,2020-01-01,Y,0.7068505985761271,0.6728407937657045,0.6877336519585217,0.5838152609675545,0.0401945106151572
TMRWI0010F6,PH072230011,2020-01-01,Y,0.7065928268919612,0.6779172083738928,0.6765140596892658,0.6508699636075942,0.0226342404223483
TMRWI0010F7,PH112402146,2020-01-01,Y,0.6914460186267342,0.6730219544966263,0.6730219544966263,0.6545978903665183,0.0260555613668303
TMRWI0010F8,PH050506057,2020-01-01,Y,0.4850822266504267,0.4408232978181535,0.4430601739858709,0.3804220146810376,0.0295924386424202
TMRWI0010F9,PH104305002,2020-01-01,Y,0.6640371951714714,0.541105261544858,0.5323233321626184,0.5026243543617369,0.0352169400622101
TMRWI0010FA,PH050506053,2020-01-01,Y,0.6583171882603555,0.5707701858115977,0.5662367563186295,0.5093754319298058,0.0551120421266458
TMRWI0010FB,PH112402150,2020-01-01,Y,0.6545978903665183,0.643574639117048,0.6509172305437049,0.625208796440921,0.0160114005348066
TMRWI0010FC,PH072230016,2020-01-01,Y,0.7000008622582512,0.6506082861950492,0.6452230467381374,0.5906195517313344,0.0372450311219932
TMRWI0010FD,PH097332901,2020-01-01,Y,0.517472973832348,0.3364677265708061,0.3355591997651179,0.1988463779441591,0.0854036902833741
TMRWI0010FE,PH083747096,2020-01-01,Y,0.6790868166678204,0.6533148653224838,0.649923961676536,0.6309338176230952,0.0242549273324494
TMRWI0010FF,PH050506054,2020-01-01,Y,0.6813200692056557,0.5791831677705602,0.5699485872623817,0.479464044579136,0.0617030763323473
TMRWI001100,PH072230015,2020-01-01,Y,0.6909973430321124,0.6276857667822549,0.642898540204427,0.5535922565845437,0.0493940137256592
TMRWI001101,PH097332902,2020-01-01,Y,0.3899201891417889,0.2684174968948704,0.2791145555190323,0.1581449272612936,0.0480613523810394
TMRWI001102,PH112402149,2020-01-01,Y,0.6545978903665183,0.6461226385879801,0.6523419337722407,0.625208796440921,0.0140313637947095
TMRWI001103,PH015518026,2020-01-01,Y,0.6807406727821885,0.6687013465284235,0.6687013465284235,0.6566620202746586,0.0170261784699089
TMRWI001104,PH097332011,2020-01-01,Y,0.4447429746648348,0.3711924251156493,0.3777392840125411,0.2477068545581288,0.0385817915657941
TMRWI001105,PH050506055,2020-01-01,Y,0.7160153787901244,0.6717522827292529,0.6779433004381445,0.613013427415861,0.039382153260006
TMRWI001106,PH097332904,2020-01-01,Y,0.3665672158130031,0.3281205955581202,0.3383476607654943,0.2091670915939436,0.034803852864587
TMRWI001107,PH112402148,2020-01-01,Y,0.7029850885900566,0.6591396030995681,0.6541822636836474,0.625208796440921,0.0322656791738603
TMRWI001108,PH137401026,2020-01-01,Y,0.7943172434684074,0.744656170588649,0.7547990683935136,0.684852199904026,0.0554329119075294
TMRWI001109,PH050506056,2020-01-01,Y,0.5494782739824139,0.4635274274232389,0.462156890167412,0.3910123509604306,0.0480936526747052
TMRWI00110A,PH072230013,2020-01-01,Y,0.6968704635192493,0.6680723106332196,0.6814201050812323,0.6184507225070758,0.0294643940089376
TMRWI00110B,PH097332010,2020-01-01,Y,0.6204123163992524,0.5325151769060783,0.5281817336961647,0.4644570859655031,0.0409320018435129
TMRWI00110C,PH104305001,2020-01-01,Y,0.6335397603821681,0.5066962226978504,0.5060634503640271,0.4223715832736456,0.0613538507242642
TMRWI00110D,PH112402147,2020-01-01,Y,0.7029850885900566,0.6756989086460214,0.6730219544966263,0.6537666370007765,0.025290212867403
TMRWI00110E,PH072230012,2020-01-01,Y,0.6968704635192493,0.6720939243870171,0.6694080108434719,0.6526892123418753,0.0194215444926688
TMRWI00110F,PH083747097,2020-01-01,Y,0.6790868166678204,0.6570963299998688,0.6591823428542798,0.6309338176230952,0.0211990306467105
TMRWI001110,PH072230014,2020-01-01,Y,0.6927858545391641,0.6619612640966293,0.662815933054943,0.6298304207615095,0.023339540906846
TMRWI001111,PH083747006,2020-01-01,Y,0.6818467315845779,0.6255538317517648,0.6289900119708802,0.5623885714807209,0.0641593025238137
TMRWI001112,PH083747129,2020-01-01,Y,0.6615435101307723,0.6177893218717537,0.6174199012976741,0.5774252150162233,0.0302916631468744
TMRWI001113,PH112402161,2020-01-01,Y,0.7029850885900566,0.6646815203304894,0.6771010140319379,0.6015389646680255,0.045365888941115
TMRWI001114,PH097332015,2020-01-01,Y,0.51712311958796,0.4301645359286581,0.4334302851625473,0.3682497120755391,0.035253466471277
TMRWI001115,PH083747010,2020-01-01,Y,0.6818467315845779,0.6093192200371446,0.586643189424346,0.5585760110322673,0.0568856340545795
TMRWI001116,PH097332092,2020-01-01,Y,0.6798480328746017,0.5907036558997208,0.5989032408379795,0.4874344695352314,0.0603190426592459
TMRWI001117,PH112402163,2020-01-01,Y,0.7029850885900566,0.6857290388846442,0.6914460186267342,0.6627560094371416,0.0207149123918368
TMRWI001118,PH015518029,2020-01-01,Y,0.6130426211460032,0.5835146990986226,0.597574778037738,0.5020907065414274,0.0462495710267995
TMRWI001119,PH097332090,2020-01-01,Y,0.4144504718272421,0.3922148465977947,0.3864155283484733,0.376813367699125,0.0149266725837183
TMRWI00111A,PH050506042,2020-01-01,Y,0.7153072484022889,0.7014809649156298,0.6970119090925473,0.6914073804663542,0.0105691605203548
TMRWI00111B,PH097332088,2020-01-01,Y,0.4979942331692876,0.3857459981364623,0.3677932757243033,0.3332796400752399,0.0444317344168845
TMRWI00111C,PH050506043,2020-01-01,Y,0.6937729437874335,0.663503363291332,0.6813200692056557,0.6154170768809067,0.042106848930981
TMRWI00111D,PH050506040,2020-01-01,Y,0.7055040052780838,0.6515033223588504,0.6813200692056557,0.5615025166421723,0.0612253933967177
TMRWI00111E,PH097332089,2020-01-01,Y,0.457149325020618,0.3836107731352957,0.3785053813351806,0.3320880964194049,0.0344364876049589
TMRWI00111F,PH112402160,2020-01-01,Y,0.7029850885900566,0.678161759652587,0.7004710699623292,0.6310291204053751,0.0408374134124702
TMRWI001120,PH050506041,2020-01-01,Y,0.6937729437874335,0.6925901621268938,0.6925901621268938,0.6914073804663542,0.0016727058656613
TMRWI001121,PH083747013,2020-01-01,Y,0.6798176272766095,0.6798176272766095,0.6798176272766095,0.6798176272766095,
TMRWI001122,PH050506044,2020-01-01,Y,0.4773816205645921,0.335733743752203,0.3324063981446237,0.2482987990420677,0.0404684694419185
TMRWI001123,PH083747092,2020-01-01,Y,0.6928793247422926,0.6743956453291488,0.6832713391790628,0.6381605782161767,0.0252136432735216
TMRWI001124,PH137401022,2020-01-01,Y,0.7943172434684074,0.7363803013482972,0.7356502332114774,0.684852199904026,0.0313148625098334
TMRWI001125,PH112402162,2020-01-01,Y,0.6914460186267342,0.6771010140319379,0.6771010140319379,0.6627560094371416,0.0202869000502652
TMRWI001126,PH097332014,2020-01-01,Y,0.4231936627030942,0.3620851225915695,0.3649209310319741,0.3039022517256503,0.0340584065650495
TMRWI001127,PH083747008,2020-01-01,Y,0.6757280906909796,0.6213208099804243,0.6197546751437293,0.5700457989432588,0.0518007299803929
TMRWI001128,PH097332091,2020-01-01,Y,0.4094024512224468,0.3384404281547244,0.3423141622012236,0.2478880842361242,0.0375785881903032
TMRWI001129,PH083747011,2020-01-01,Y,0.6798176272766095,0.6798176272766095,0.6798176272766095,0.6798176272766095,
TMRWI00112A,PH083747012,2020-01-01,Y,0.6798176272766095,0.6798176272766095,0.6798176272766095,0.6798176272766095,
TMRWI00112B,PH112402058,2021-01-01,Y,0.6281929279771087,0.5623889346266402,0.5609419423715081,0.5065969142379718,0.0379224298374512
TMRWI00112C,PH050506002,2021-01-01,Y,0.4985409472869251,0.4407699472987173,0.4300844219329308,0.3945556829662217,0.0393753861348714
TMRWI00112D,PH112402057,2021-01-01,Y,0.7110486562151095,0.6400919029323485,0.6728597065678612,0.540895219859204,0.0579059796661582
TMRWI00112E,PH063022068,2021-01-01,Y,0.6517430642596497,0.5924445164905021,0.5819791726077248,0.553638099224343,0.0290860505543632
TMRWI00112F,PH015518022,2021-01-01,Y,0.7544700272498396,0.665776210152635,0.6826555485657443,0.5465018645916142,0.0689938114990697
TMRWI001130,PH112402197,2021-01-01,Y,0.7797327132052878,0.7211951874709094,0.7213069871450629,0.6441131329185624,0.0306701469401611
TMRWI001131,PH063022067,2021-01-01,Y,0.7184904107238169,0.6759025374731706,0.6879903230482121,0.553498935560891,0.0431216193528806
TMRWI001132,PH112402134,2021-01-01,Y,0.7197181531318715,0.7043521516522138,0.7036644748036984,0.6903615038695867,0.0145935678287421
TMRWI001133,PH050506070,2021-01-01,Y,0.7573344347332795,0.5954449310728908,0.5650411289004089,0.496826515261441,0.0735551239839163
TMRWI001134,PH112402148,2021-01-01,Y,0.7319033046116793,0.7214671268549295,0.7203653454325448,0.7132345119429492,0.0078035405995924
TMRWI001135,PH050506035,2021-01-01,Y,0.7348820212889603,0.7191447098009853,0.7153048781023164,0.7063278621597432,0.0120044886244721
TMRWI001136,PH050506003,2021-01-01,Y,0.5722546248369047,0.5462786418542056,0.5383341487311524,0.5176031084619845,0.0212829666517909
TMRWI001137,PH112402167,2021-01-01,Y,0.7442159258913575,0.7140802765857167,0.7092962596415335,0.693512661168442,0.0225633185918836
TMRWI001138,PH063022022,2021-01-01,Y,0.7335997835117155,0.7246893159470587,0.7242966563342627,0.716564167607994,0.0069738019856075
TMRWI001139,PH015518017,2021-01-01,Y,0.7715667180979403,0.6626487196845451,0.6496142974409311,0.5523012482433589,0.0746586003906562
TMRWI00113A,PH063022071,2021-01-01,Y,0.7335997835117155,0.7097116820676664,0.723997564786622,0.6715376979046619,0.0334064432597833
TMRWI00113B,PH063022017,2021-01-01,Y,0.7335997835117155,0.7247205053021105,0.723997564786622,0.716564167607994,0.0085407865297338
TMRWI00113C,PH137503002,2021-01-01,Y,0.7560877540024634,0.715563896034642,0.7432282398828524,0.6473756942186103,0.0594017249415033
TMRWI00113D,PH034919022,2021-01-01,Y,0.5238092679014568,0.4637652164262675,0.4580343781998716,0.3961312564847151,0.0493830832464445
TMRWI00113E,PH112402901,2021-01-01,Y,0.4909587668876042,0.3752795638764782,0.3664291876243674,0.2065258223785434,0.0500115729599358
TMRWI00113F,PH112402055,2021-01-01,Y,0.6837559137234832,0.5813738882217085,0.5730354023188433,0.5164461576337743,0.0388264069772889
TMRWI001140,PH063022070,2021-01-01,Y,0.7436308866424417,0.7270157208600574,0.7270157208600574,0.7104005550776731,0.0234973927905252
TMRWI001141,PH050506069,2021-01-01,Y,0.6848372432651634,0.6472441279616914,0.656851469176141,0.5823741853928396,0.0338337146511455
TMRWI001142,PH112402135,2021-01-01,Y,0.7197181531318715,0.7000405035566178,0.693512661168442,0.6868906963695401,0.0173600122135421
TMRWI001143,PH137401021,2021-01-01,Y,0.8043739996542353,0.79812318250212,0.8012261261436662,0.7887694217084585,0.0082520850485446
TMRWI001144,PH112402147,2021-01-01,Y,0.7319033046116793,0.7219434815972657,0.7213180549172171,0.7132345119429492,0.0076620252546274
TMRWI001145,PH015518004,2021-01-01,Y,0.7436741252200669,0.7380772346906085,0.736430962485529,0.7341266163662299,0.0049821070300062
TMRWI001146,PH050506001,2021-01-01,Y,0.6470733041053497,0.5890146208649157,0.5960121101898754,0.531608392721838,0.0517390566832892
TMRWI001147,PH112402056,2021-01-01,Y,0.610496201243134,0.5062356021117876,0.5020740002824833,0.4640951700312123,0.036092922524548
TMRWI001148,PH112402198,2021-01-01,Y,0.7797327132052878,0.7039833341283852,0.707763390422147,0.6321983723108116,0.0345967028200038
TMRWI001149,PH137603005,2021-01-01,Y,0.81206490792716,0.7355786499373221,0.7480488833031439,0.5856802038256952,0.0655149333481475
TMRWI00114A,PH034919007,2021-01-01,Y,0.4502607114057256,0.40723714899658,0.408193051891607,0.3762079526535822,0.0250029201033255
TMRWI00114B,PH063022069,2021-01-01,Y,0.7245957478819033,0.7245957478819033,0.7245957478819033,0.7245957478819033,
TMRWI00114C,PH112402105,2021-01-01,Y,0.5551769864404436,0.4661880254078399,0.4692477812726703,0.3474045256799257,0.0344578611706172
TMRWI00114D,PH137401013,2021-01-01,Y,0.7915261079172705,0.7686027156224857,0.7727829305350107,0.7425421330764117,0.014686277540088
TMRWI00114E,PH050506056,2021-01-01,Y,0.6041742893697831,0.4763837954291742,0.4754370232351215,0.3921007442049191,0.0508858935660994
TMRWI00114F,PH137503007,2021-01-01,Y,0.7432282398828524,0.6953019670507313,0.6953019670507313,0.6473756942186103,0.0677779850331787
TMRWI001150,PH063022031,2021-01-01,Y,0.6885343317940269,0.6676487179974048,0.6657322680853555,0.6556795440987832,0.012776159175069
TMRWI001151,PH050506071,2021-01-01,Y,0.5705371538873107,0.4870101634554239,0.4708834027266261,0.4151080366806031,0.0568112863293583
TMRWI001152,PH112402062,2021-01-01,Y,0.4785612454069301,0.3687275985223076,0.3686472599656329,0.3071424864852706,0.039217989303853
TMRWI001153,PH063022062,2021-01-01,Y,0.7245957478819033,0.7245957478819033,0.7245957478819033,0.7245957478819033,
TMRWI001154,PH050506007,2021-01-01,Y,0.7156335634350177,0.6686703271104619,0.6880679913454749,0.6023094265508933,0.0590998479986511
TMRWI001155,PH112402193,2021-01-01,Y,0.7118050364598936,0.6744491828339542,0.6886706070738375,0.6157294130973132,0.0305357182033286
TMRWI001156,PH112402162,2021-01-01,Y,0.7209350738307613,0.7107804585755373,0.7107804585755373,0.7006258433203132,0.0143607946146185
TMRWI001157,PH137401014,2021-01-01,Y,0.8030728264170668,0.7911138938579596,0.7920900967199823,0.7772025555748069,0.0108348381628512
TMRWI001158,PH015518015,2021-01-01,Y,0.7447163745944081,0.7296666571897411,0.7356560424683464,0.6947783151257425,0.0188425966242473
TMRWI001159,PH112402150,2021-01-01,Y,0.7216723931548672,0.7179788533197443,0.7190296548614166,0.7132345119429492,0.0043159700817539
TMRWI00115A,PH112402063,2021-01-01,Y,0.7075815872430706,0.5691016293263342,0.544364894151744,0.5004963025662983,0.0589072962241402
TMRWI00115B,PH063022061,2021-01-01,Y,0.7167944642504872,0.7069574586796681,0.7069574586796681,0.6971204531088491,0.013911626691392
TMRWI00115C,PH034919006,2021-01-01,Y,0.6005504670309066,0.4777319487791001,0.4852866202516129,0.3703513409887222,0.0599100010022956
TMRWI00115D,PH050506073,2021-01-01,Y,0.71873888894226,0.7041837743287684,0.707997243284924,0.6880144021745329,0.0119645937254528
TMRWI00115E,PH050506008,2021-01-01,Y,0.7504270471673097,0.7227394599977067,0.7262314007390211,0.6880679913454749,0.0271890224974652
TMRWI00115F,PH112402129,2021-01-01,Y,0.6744025647436505,0.5644079424901983,0.5548807563694581,0.4990564508153137,0.0481471055762683
TMRWI001160,PH050506053,2021-01-01,Y,0.6848372432651634,0.6081499028205727,0.5959616531412277,0.5176031084619845,0.058834980103409
TMRWI001161,PH112402064,2021-01-01,Y,0.5840053944474624,0.4805347766567046,0.4822266843955288,0.3888264620875202,0.0421390349511171
TMRWI001162,PH112402192,2021-01-01,Y,0.7661461755116724,0.7337318820616152,0.7321612298972815,0.6850411718270792,0.022268469262449
TMRWI001163,PH015518007,2021-01-01,Y,0.7225237508195719,0.5972853653237153,0.5855001958964536,0.51259709099531,0.0653989364448276
TMRWI001164,PH063022024,2021-01-01,Y,0.7213918059738786,0.6386954892391281,0.6535009213765215,0.5481949207672085,0.0544227094484497
TMRWI001165,PH063022060,2021-01-01,Y,0.68821016122213,0.6627918097780023,0.669390216779452,0.6013620827855525,0.0280818254950309
TMRWI001166,PH137503003,2021-01-01,Y,0.7560877540024634,0.7017317241105369,0.7017317241105369,0.6473756942186103,0.0768710346699199
TMRWI001167,PH112402168,2021-01-01,Y,0.717966675962754,0.705739668565598,0.705739668565598,0.693512661168442,0.0172915996882941
TMRWI001168,PH137503009,2021-01-01,Y,0.7616069832984858,0.7249693905121429,0.7442442129393743,0.6257907649112233,0.0462823378080829
TMRWI001169,PH050506041,2021-01-01,Y,0.7438312186669479,0.7295788865356414,0.7295788865356414,0.7153265544043349,0.0201558413955394
TMRWI00116A,PH112402131,2021-01-01,Y,0.6788486812509398,0.5263830846788333,0.5157702007287319,0.457517319137668,0.0418524516756019
TMRWI00116B,PH112402059,2021-01-01,Y,0.7272093982979426,0.6341087493721725,0.6624158576726257,0.539559730101182,0.0574586821378318
TMRWI00116C,PH063022065,2021-01-01,Y,0.6984397958784538,0.6815037631178672,0.6819323760771336,0.6637105044387479,0.0165317406509008
TMRWI00116D,PH112402133,2021-01-01,Y,0.5301131035169996,0.4740016797461158,0.4808587450204641,0.4045975343473583,0.0342365660776814
TMRWI00116E,PH112402054,2021-01-01,Y,0.5008929995413688,0.4270297997709301,0.4251325868093174,0.3473846267478411,0.0369891400979501
TMRWI00116F,PH050506055,2021-01-01,Y,0.7587053561105536,0.6959879115289476,0.7053018288601607,0.6240227314316406,0.050209405367227
TMRWI001170,PH063022023,2021-01-01,Y,0.7060514892632868,0.6916302276597037,0.6985856896668922,0.663298042041744,0.0199822669596263
TMRWI001171,PH050506004,2021-01-01,Y,0.4926040165109572,0.3982407003724841,0.3874955712894862,0.3363892159879278,0.0452311389660407
TMRWI001172,PH112402060,2021-01-01,Y,0.3772294273109894,0.3159223413326302,0.3308571177789238,0.2470923715717809,0.0415151991191694
TMRWI001173,PH112402195,2021-01-01,Y,0.6935391943703135,0.5868364822064889,0.5757803206110859,0.5049368009961913,0.0537357041535259
TMRWI001174,PH112402113,2021-01-01,Y,0.5506432893127087,0.4885191497893683,0.4923927698068293,0.3978154752442087,0.0398430408385505
TMRWI001175,PH112402196,2021-01-01,Y,0.7547472913417156,0.7252884240700256,0.7265834105913662,0.6850411718270792,0.0240900905724134
TMRWI001176,PH063022016,2021-01-01,Y,0.6892613436062844,0.6353394299087674,0.6517430642596497,0.578947877955067,0.0435971523534566
TMRWI001177,PH015518026,2021-01-01,Y,0.7447163745944081,0.7338139988332403,0.7338139988332403,0.7229116230720725,0.0154182876635312
TMRWI001178,PH050506072,2021-01-01,Y,0.7504270471673097,0.7313045959184026,0.7297323910509828,0.7153265544043349,0.0184703680614092
TMRWI001179,PH112402104,2021-01-01,Y,0.675057059486292,0.5383592397786222,0.5300140980306207,0.453657983504577,0.0486543855699682
TMRWI00117A,PH112402149,2021-01-01,Y,0.7319033046116793,0.7214599661427281,0.7203510240081419,0.7132345119429492,0.0078032675491166
TMRWI00117B,PH137603004,2021-01-01,Y,0.8529152309280054,0.7779715448598202,0.7758788456728928,0.7361601176023177,0.0303530210414027
TMRWI00117C,PH050506005,2021-01-01,Y,0.7723509767859322,0.7395220918151106,0.7439574141609852,0.6978225621525399,0.0314161124861418
TMRWI00117D,PH112402061,2021-01-01,Y,0.7679583060024582,0.6966962642091551,0.6968688809652538,0.6033403984919689,0.0393562689392232
TMRWI00117E,PH063022063,2021-01-01,Y,0.7150526882109456,0.7136606881076061,0.7136606881076061,0.7122686880042666,0.0019685854249674
TMRWI00117F,PH112402194,2021-01-01,Y,0.7661461755116724,0.744835593530071,0.7421269576347838,0.7289422833390443,0.018089733566111
TMRWI001180,PH050506054,2021-01-01,Y,0.7368292380430245,0.6043320342940974,0.5953680495506828,0.496826515261441,0.0682004577266562
TMRWI001181,PH063022064,2021-01-01,Y,0.7078195344657273,0.6921361439524151,0.7020996777550367,0.6645359563096531,0.0182454637431586
TMRWI001182,PH015518006,2021-01-01,Y,0.6989101585474752,0.6531123671790308,0.6651044005704912,0.5877623481417268,0.0347402065006485
TMRWI001183,PH063022072,2021-01-01,Y,0.6604702402960403,0.6019596214677863,0.5979915018807274,0.553638099224343,0.0336630121297667
TMRWI001184,PH112402166,2021-01-01,Y,0.717966675962754,0.7092962596415335,0.7092962596415335,0.7006258433203132,0.0122618203528908
TMRWI001185,PH034919014,2021-01-01,Y,0.6401228956305108,0.4725458086998735,0.4342349534093117,0.3717732885947489,0.0836766615774275
TMRWI001186,PH112402044,2021-01-01,Y,0.5178837184681657,0.4488390264250093,0.456568987954648,0.3665960335942457,0.0417632249351144
TMRWI001187,PH063022080,2021-01-01,Y,0.6984397958784538,0.6984397958784538,0.6984397958784538,0.6984397958784538,
TMRWI001188,PH137401007,2021-01-01,Y,0.8043739996542353,0.7965717106813469,0.7965717106813469,0.7887694217084585,0.0110341028830127
TMRWI001189,PH137603008,2021-01-01,Y,0.8049120535532254,0.7374221284509144,0.752918616284475,0.5955459221405699,0.064156310842815
TMRWI00118A,PH112402140,2021-01-01,Y,0.7477162536312204,0.7188316447011502,0.7257500886920072,0.6868906963695401,0.0291638581695245
TMRWI00118B,PH063022018,2021-01-01,Y,0.70348074861967,0.6913443560331001,0.6926143872877135,0.6766679009373031,0.0117549589224755
TMRWI00118C,PH015518030,2021-01-01,Y,0.7193526357365618,0.6304237956106818,0.6286924214590901,0.5487383304368787,0.068302562312923
TMRWI00118D,PH112402045,2021-01-01,Y,0.4636190467586281,0.35180871724349,0.3496142041474706,0.2900856812975013,0.0329151520743942
TMRWI00118E,PH063022079,2021-01-01,Y,0.6984397958784538,0.677895999407288,0.6715376979046619,0.6637105044387479,0.0182168032177638
TMRWI00118F,PH137503008,2021-01-01,Y,0.7560877540024634,0.6922869838049152,0.7015107450614473,0.6100386910943026,0.0749815153544726
TMRWI001190,PH034919015,2021-01-01,Y,0.6401228956305108,0.5561180380901131,0.5545358627577406,0.4384659679253954,0.069086427194564
TMRWI001191,PH137401006,2021-01-01,Y,0.7894696187856823,0.7696357299509453,0.7661575107738561,0.7567582794703867,0.0149577211778029
TMRWI001192,PH112402144,2021-01-01,Y,0.7449360540072136,0.7365165109247327,0.7436784049362234,0.7209350738307613,0.0135085641994804
TMRWI001193,PH137401011,2021-01-01,Y,0.7892301137718098,0.7885710301285089,0.7885710301285089,0.7879119464852081,0.0009320850270943
TMRWI001194,PH112402047,2021-01-01,Y,0.5026448868301937,0.4483716724752712,0.4450627878875792,0.3888264620875202,0.0309776120614278
TMRWI001195,PH063022078,2021-01-01,Y,0.70348074861967,0.6865799512259969,0.6865799512259969,0.6696791538323238,0.0239013368890523
TMRWI001196,PH050506064,2021-01-01,Y,0.7000575918071864,0.6556176197186805,0.6630847282513576,0.5651569074340959,0.0432471264372016
TMRWI001197,PH112402139,2021-01-01,Y,0.7257500886920072,0.7063203925307737,0.7063203925307737,0.6868906963695401,0.0274777398240048
TMRWI001198,PH034919010,2021-01-01,Y,0.6147035693203463,0.484693664967643,0.4715451672400275,0.3703513409887222,0.0884188358032655
TMRWI001199,PH112402165,2021-01-01,Y,0.7449360540072136,0.712434315109529,0.7194508748967576,0.6459263176447746,0.0366934802477941
TMRWI00119A,PH050506060,2021-01-01,Y,0.5798420604082369,0.5107280861260531,0.5134876011338321,0.4215761025428767,0.038949761703683
TMRWI00119B,PH034919016,2021-01-01,Y,0.586951506188437,0.4555931038845138,0.4479623832023163,0.3917007176209637,0.054986550801441
TMRWI00119C,PH112402143,2021-01-01,Y,0.7477162536312204,0.7272855763560037,0.7382047582759756,0.6694774178300221,0.0251747252288016
TMRWI00119D,PH050506063,2021-01-01,Y,0.7112763450303078,0.5968350905431051,0.5616914037494949,0.5412435789053632,0.0623630851910911
TMRWI00119E,PH112402041,2021-01-01,Y,0.5030709003928514,0.4169480744486253,0.41687919919888,0.3489495896938275,0.0390867411948413
TMRWI00119F,PH063022085,2021-01-01,Y,0.7277967271763722,0.7114608348857225,0.7212597293384918,0.6853260481423036,0.0228681742554166
TMRWI0011A0,PH137401010,2021-01-01,Y,0.8043739996542353,0.7936851226159672,0.7887694217084585,0.7879119464852081,0.0092667623900708
TMRWI0011A1,PH112402142,2021-01-01,Y,0.7477162536312204,0.7272059953449019,0.7382047582759756,0.6868906963695401,0.0248911122104409
TMRWI0011A2,PH034919012,2021-01-01,Y,0.636572309898539,0.4989407712073836,0.4927317586546466,0.4124947067353415,0.0530506074946735
TMRWI0011A3,PH050506062,2021-01-01,Y,0.694523097112365,0.6156812113997632,0.617590597644919,0.531326474381279,0.0460630901355032
TMRWI0011A4,PH034919011,2021-01-01,Y,0.5410274553847662,0.4813549663295854,0.480359371007827,0.4128271131247093,0.0501463341152816
TMRWI0011A5,PH112402141,2021-01-01,Y,0.7636621944323868,0.727156240419427,0.7278942573863071,0.6893925326563658,0.0264533876004152
TMRWI0011A6,PH112402042,2021-01-01,Y,0.5323799549707077,0.4220918362128945,0.394311511734148,0.3552228164899299,0.0540297089713659
TMRWI0011A7,PH063022084,2021-01-01,Y,0.6989946849289421,0.6857109030852868,0.6845905136031845,0.6746679002058366,0.0103288348311229
TMRWI0011A8,PH137401009,2021-01-01,Y,0.7887694217084585,0.7887694217084585,0.7887694217084585,0.7887694217084585,
TMRWI0011A9,PH050506061,2021-01-01,Y,0.5913850263045702,0.4772236886442773,0.475403482489549,0.3981575128316844,0.0578983203810872
TMRWI0011AA,PH063022019,2021-01-01,Y,0.7098351211771475,0.641941393208847,0.6470860878416649,0.595187209215772,0.0311258264089019
TMRWI0011AB,PH050506039,2021-01-01,Y,0.7438312186669479,0.7438312186669479,0.7438312186669479,0.7438312186669479,
TMRWI0011AC,PH015518001,2021-01-01,Y,0.7447163745944081,0.7304757421715242,0.7326194426911675,0.6947783151257425,0.0178125746757163
TMRWI0011AD,PH137401027,2021-01-01,Y,0.7836090629526419,0.7590811335334361,0.7687351257182787,0.71132713955588,0.0212707897080376
TMRWI0011AE,PH112402043,2021-01-01,Y,0.7336124248815145,0.6551524672104841,0.6673534246794686,0.5628809614378455,0.0425508542463112
TMRWI0011AF,PH034919013,2021-01-01,Y,0.636572309898539,0.4973524071776324,0.4877192033125558,0.3980353168114699,0.0666275963978324
TMRWI0011B0,PH137401008,2021-01-01,Y,0.7771949264575647,0.7647990327949475,0.7647990327949475,0.7524031391323304,0.0175304409354079
TMRWI0011B1,PH063022081,2021-01-01,Y,0.66423261281908,0.66423261281908,0.66423261281908,0.66423261281908,
TMRWI0011B2,PH112402110,2021-01-01,Y,0.7235577743696596,0.6012706475750049,0.5942188631035541,0.5182687956407633,0.0556552606699533
TMRWI0011B3,PH112402108,2021-01-01,Y,0.4686592816532141,0.3698170049552742,0.3678928733508115,0.2973590546756705,0.0379484629442848
TMRWI0011B4,PH137503001,2021-01-01,Y,0.7523295580653536,0.747778898974103,0.747778898974103,0.7432282398828524,0.006435603804583
TMRWI0011B5,PH112402048,2021-01-01,Y,0.6085366669636166,0.4891860929596823,0.4890989463445997,0.408514266395779,0.0385788429635883
TMRWI0011B6,PH063022020,2021-01-01,Y,0.6939739829233758,0.6863436080177714,0.6863436080177714,0.678713233112167,0.010790979677497
TMRWI0011B7,PH050506058,2021-01-01,Y,0.617428236129233,0.4837122814679527,0.4619195665512282,0.3860061577470825,0.0704392434937703
TMRWI0011B8,PH137401012,2021-01-01,Y,0.7887694217084585,0.7887694217084585,0.7887694217084585,0.7887694217084585,
TMRWI0011B9,PH015518025,2021-01-01,Y,0.7447163745944081,0.7364921632045389,0.7352787894258794,0.729656131473318,0.0064697822197548
TMRWI0011BA,PH034919020,2021-01-01,Y,0.6210153768640471,0.4692475250207203,0.4441500348948568,0.3852151363333108,0.0724790187420937
TMRWI0011BB,PH137401002,2021-01-01,Y,0.7887694217084585,0.7887694217084585,0.7887694217084585,0.7887694217084585,
TMRWI0011BC,PH112402052,2021-01-01,Y,0.6109997803491293,0.5201744997455988,0.5179603592961,0.4531700082849609,0.0351906905528094
TMRWI0011BD,PH063022021,2021-01-01,Y,0.758389409502923,0.7253348286138585,0.729019549661639,0.686206283624059,0.0258830632945343
TMRWI0011BE,PH015518003,2021-01-01,Y,0.7341266163662299,0.7318913739197739,0.7318913739197739,0.729656131473318,0.0031611101829699
TMRWI0011BF,PH034919008,2021-01-01,Y,0.5440305544139175,0.4750755694880967,0.4773162960998669,0.3808742233174791,0.0479255942249371
TMRWI0011C0,PH063022073,2021-01-01,Y,0.7277967271763722,0.7066327972732146,0.7100106144021596,0.678713233112167,0.0204327823636997
TMRWI0011C1,PH137401026,2021-01-01,Y,0.7986151173656367,0.7947748132719851,0.7947105746542823,0.7909987477960361,0.0038085911181417
TMRWI0011C2,PH137603006,2021-01-01,Y,0.81206490792716,0.7807677787545954,0.7902531672095634,0.7115928188236771,0.0250505638145378
TMRWI0011C3,PH112402106,2021-01-01,Y,0.4946064372044602,0.3509561693301437,0.3499656346563192,0.2065258223785434,0.0584071042524141
TMRWI0011C4,PH050506067,2021-01-01,Y,0.7118708672623728,0.6642782317607757,0.676870367560396,0.5915013246599381,0.0553017528073216
TMRWI0011C5,PH112402112,2021-01-01,Y,0.5651182002262753,0.501926298955898,0.4997712098106275,0.4322532580189576,0.0285564262429365
TMRWI0011C6,PH034919021,2021-01-01,Y,0.6005504670309066,0.4872593587074804,0.5107213917097599,0.3703513409887222,0.0679485195214369
TMRWI0011C7,PH112402053,2021-01-01,Y,0.5348029729165947,0.4605713783796489,0.4579258970343635,0.3700428853430237,0.0444373661087726
TMRWI0011C8,PH112402146,2021-01-01,Y,0.7209350738307613,0.7170847928868552,0.7170847928868552,0.7132345119429492,0.0054451195298186
TMRWI0011C9,PH050506057,2021-01-01,Y,0.5276265202770959,0.4577514503815877,0.4592449398506639,0.3720939115706564,0.0405230532747115
TMRWI0011CA,PH137401001,2021-01-01,Y,0.7988917068220966,0.7865988497301938,0.7879119464852081,0.7730390599573222,0.0083036634190002
TMRWI0011CB,PH112402136,2021-01-01,Y,0.7442159258913575,0.7110843591403028,0.7066154071501567,0.6868906963695401,0.0262446248588679
TMRWI0011CC,PH063022074,2021-01-01,Y,0.7245957478819033,0.7245957478819033,0.7245957478819033,0.7245957478819033,
TMRWI0011CD,PH112402051,2021-01-01,Y,0.5395384882385885,0.4735985511339345,0.4846472707677544,0.384607291650577,0.0439897326178117
TMRWI0011CE,PH112402137,2021-01-01,Y,0.7449360540072136,0.7173888343591384,0.7188642935298998,0.6868906963695401,0.0315105813840476
TMRWI0011CF,PH050506066,2021-01-01,Y,0.6848372432651634,0.6144280553802779,0.6366691876233095,0.5176031084619845,0.0726987991318504
TMRWI0011D0,PH015518023,2021-01-01,Y,0.7506202368253748,0.7075036663934142,0.7352787894258794,0.6254183227461096,0.0533548134647127
TMRWI0011D1,PH137401005,2021-01-01,Y,0.7771949264575647,0.7654782717844018,0.7661575107738561,0.7524031391323304,0.0115029589792076
TMRWI0011D2,PH063022077,2021-01-01,Y,0.7122686880042666,0.6953104243796817,0.6989946849289421,0.6746679002058366,0.0190692197693499
TMRWI0011D3,PH112402107,2021-01-01,Y,0.5819907266340024,0.5138099963116044,0.5150932449443071,0.4262116207032326,0.0328757104376105
TMRWI0011D4,PH015518002,2021-01-01,Y,0.7558983624512352,0.7206616101457511,0.7356560424683464,0.6594927655836851,0.036762425556368
TMRWI0011D5,PH050506059,2021-01-01,Y,0.5796791424025673,0.5048020088168774,0.5070917140117487,0.4483417503786762,0.0365671663248673
TMRWI0011D6,PH050506065,2021-01-01,Y,0.4482650287767638,0.3760726752432728,0.3609084370662391,0.3115276270726915,0.0393000232344414
TMRWI0011D7,PH137603007,2021-01-01,Y,0.8284238432928507,0.7573890393912527,0.764724992132483,0.5975852658957704,0.0573339120145907
TMRWI0011D8,PH112402138,2021-01-01,Y,0.742798298297525,0.7174360634017835,0.7197181531318715,0.6868906963695401,0.0204932534008407
TMRWI0011D9,PH112402049,2021-01-01,Y,0.6843719304482089,0.6043995696302591,0.6110821054017987,0.5176804457528696,0.0477463646837938
TMRWI0011DA,PH050506037,2021-01-01,Y,0.7587053561105536,0.6678133158061641,0.6942856224135662,0.5651569074340959,0.0692149590522408
TMRWI0011DB,PH063022076,2021-01-01,Y,0.6989946849289421,0.6902459428296952,0.6902459428296952,0.6814972007304483,0.0123725897304594
TMRWI0011DC,PH034919017,2021-01-01,Y,0.5099864948729904,0.4399376375582056,0.4295957931247652,0.3980353168114699,0.0362311196719857
TMRWI0011DD,PH137401004,2021-01-01,Y,0.8030728264170668,0.7831002415577119,0.7894696187856823,0.7567582794703867,0.0238051683342757
TMRWI0011DE,PH015518016,2021-01-01,Y,0.6292790963633542,0.5634343047755368,0.552282821208869,0.5355136457906932,0.0292656109022928
TMRWI0011DF,PH050506040,2021-01-01,Y,0.7512026105039105,0.6802806983414483,0.7156335634350177,0.5884266725504723,0.0787957686163916
TMRWI0011E0,PH112402050,2021-01-01,Y,0.690863560025202,0.5693136946096904,0.5733608251205989,0.4483686344259361,0.0650046185259337
TMRWI0011E1,PH063022075,2021-01-01,Y,0.7245957478819033,0.7245957478819033,0.7245957478819033,0.7245957478819033,
TMRWI0011E2,PH112402163,2021-01-01,Y,0.7217010360036731,0.7144206510515825,0.7209350738307613,0.7006258433203132,0.0119527910870055
TMRWI0011E3,PH112402145,2021-01-01,Y,0.7449360540072136,0.7306960111792868,0.7323067393834923,0.7132345119429492,0.0160364295787621
TMRWI0011E4,PH034919018,2021-01-01,Y,0.4200664691352074,0.3520330238451349,0.3517055449745673,0.3069001983624999,0.0381352516636687
TMRWI0011E5,PH137401003,2021-01-01,Y,0.8030728264170668,0.7816258200619857,0.7833360871802446,0.7567582794703867,0.019659256545888
TMRWI0011E6,PH050506038,2021-01-01,Y,0.7512026105039105,0.7439153489963061,0.7438312186669479,0.7367122178180598,0.0072455626753052
TMRWI0011E7,PH137603003,2021-01-01,Y,0.7843129698851868,0.7126861021499593,0.7471909064457514,0.5929315987298284,0.0818711336606053
TMRWI0011E8,PH112402191,2021-01-01,Y,0.4512192690452636,0.3542171320821504,0.3521936592666816,0.249214778493285,0.0422996961941473
TMRWI0011E9,PH050506074,2021-01-01,Y,0.7213939650863144,0.6629091994891786,0.6801122265417666,0.5541823178638862,0.0585883097648989
TMRWI0011EA,PH015518019,2021-01-01,Y,0.6989101585474752,0.6064735649475577,0.5874703307474725,0.54378808290173,0.0568463893931312
TMRWI0011EB,PH063022042,2021-01-01,Y,0.711074215917094,0.684932384112068,0.6853260481423036,0.66423261281908,0.01762077397667
TMRWI0011EC,PH050506043,2021-01-01,Y,0.7438312186669479,0.6872580695509529,0.7156335634350177,0.6023094265508933,0.0749064810334085
TMRWI0011ED,PH050506047,2021-01-01,Y,0.617428236129233,0.4987412657611595,0.4876004193380472,0.4011739928439087,0.0686507767846307
TMRWI0011EE,PH063022029,2021-01-01,Y,0.7177265704691963,0.7012444466263485,0.7032649830149437,0.6807212500063105,0.0169623165432526
TMRWI0011EF,PH050506022,2021-01-01,Y,0.707997243284924,0.7023324111589839,0.7023324111589839,0.696667579033044,0.0080112824210711
TMRWI0011F0,PH112402179,2021-01-01,Y,0.7661461755116724,0.7106376036786181,0.7291399152033441,0.6535564381421477,0.0459750738115288
TMRWI0011F1,PH112402098,2021-01-01,Y,0.3613500396322021,0.2904944600252579,0.2908225168644734,0.1915491354822496,0.0455165912103706
TMRWI0011F2,PH112402082,2021-01-01,Y,0.6234961797219286,0.5008903257028681,0.5004963025662983,0.4091125161487973,0.0432342856086662
TMRWI0011F3,PH063022041,2021-01-01,Y,0.709089864328904,0.6792484621627434,0.6756679005715698,0.656932047339171,0.0172272281621837
TMRWI0011F4,PH063022008,2021-01-01,Y,0.6984397958784538,0.6981192379100543,0.6981192379100543,0.6977986799416547,0.0004533374264374
TMRWI0011F5,PH112402120,2021-01-01,Y,0.5348029729165947,0.4433984584763469,0.4474537649155788,0.3503996016507401,0.0498492727838356
TMRWI0011F6,PH050506023,2021-01-01,Y,0.707997243284924,0.6951669626963849,0.6951669626963849,0.6823366821078458,0.0181447568173642
TMRWI0011F7,PH112402178,2021-01-01,Y,0.4145196605619132,0.380598661852894,0.3867152410889919,0.3395528702245397,0.0279190372329005
TMRWI0011F8,PH112402083,2021-01-01,Y,0.5116294475042228,0.4534855188513047,0.4524098060399092,0.3558955475789805,0.0313515782032274
TMRWI0011F9,PH063022040,2021-01-01,Y,0.70348074861967,0.6907552689097285,0.69493058659346,0.6696791538323238,0.0147724607326481
TMRWI0011FA,PH015518018,2021-01-01,Y,0.7715667180979403,0.7396724530358895,0.7410386548996359,0.6906798371475219,0.0232456083747779
TMRWI0011FB,PH112402157,2021-01-01,Y,0.717966675962754,0.6819354502404881,0.6819244036772119,0.6459263176447746,0.0331380686967259
TMRWI0011FC,PH050506046,2021-01-01,Y,0.7723509767859322,0.6842419854481078,0.6741433055931365,0.617590597644919,0.0580370607550194
TMRWI0011FD,PH015518014,2021-01-01,Y,0.7558983624512352,0.7171914625985284,0.736183259760665,0.6594927655836851,0.0509315820138443
TMRWI0011FE,PH137401018,2021-01-01,Y,0.8243719087955127,0.8038029750252129,0.7999206217546515,0.7909987477960361,0.0143826665195496
TMRWI0011FF,PH137503013,2021-01-01,Y,0.7356256186416674,0.6890127487575365,0.7006805839854928,0.6306586026069215,0.0412486837980966
TMRWI001200,PH063022009,2021-01-01,Y,0.729019549661639,0.7181923676969815,0.7220768048096353,0.70348074861967,0.0132050834312752
TMRWI001201,PH050506030,2021-01-01,Y,0.7118708672623728,0.6884043609221244,0.6951669626963849,0.6514126510333551,0.027927055494553
TMRWI001202,PH112402180,2021-01-01,Y,0.5070620978630451,0.4334708081216383,0.4306355867148358,0.3322297984875686,0.0436653637288987
TMRWI001203,PH063022045,2021-01-01,Y,0.70348074861967,0.70348074861967,0.70348074861967,0.70348074861967,
TMRWI001204,PH050506048,2021-01-01,Y,0.4119729940730656,0.3606483244156874,0.365237266498055,0.3102319623327572,0.0326907662461976
TMRWI001205,PH137401020,2021-01-01,Y,0.8043739996542353,0.7979849131227713,0.7986151173656367,0.7909987477960361,0.0052737757896923
TMRWI001206,PH112402099,2021-01-01,Y,0.494053020691159,0.3342762609393114,0.3228309279886543,0.234807787791849,0.0519014141805943
TMRWI001207,PH112402122,2021-01-01,Y,0.529666267227852,0.4405759067958211,0.439700135877174,0.3772983327874669,0.0343562517171675
TMRWI001208,PH050506020,2021-01-01,Y,0.696667579033044,0.696667579033044,0.696667579033044,0.696667579033044,
TMRWI001209,PH112402181,2021-01-01,Y,0.7408531595551269,0.7283301489911149,0.7299820901209908,0.7179221005134987,0.0081498034065579
TMRWI00120A,PH112402079,2021-01-01,Y,0.7275502221091317,0.6001628354090175,0.5676471482961434,0.5056438138515956,0.0686696187909414
TMRWI00120B,PH063022044,2021-01-01,Y,0.6975449480995064,0.6871064245184048,0.6871064245184048,0.6766679009373031,0.0147623016195453
TMRWI00120C,PH112402115,2021-01-01,Y,0.5600151554113102,0.4817068829020043,0.4761789658227862,0.407631234969373,0.0376611326394519
TMRWI00120D,PH063022014,2021-01-01,Y,0.7277967271763722,0.7183718700317987,0.7183718700317987,0.7089470128872253,0.0133287607972848
TMRWI00120E,PH112402156,2021-01-01,Y,0.7016103196567216,0.6842914101461574,0.6880409467476398,0.6632229640341106,0.0194664207410759
TMRWI00120F,PH034919003,2021-01-01,Y,0.6743900461233729,0.5253502018234268,0.5152489485372458,0.3925512365998971,0.0622243476113778
TMRWI001210,PH137503005,2021-01-01,Y,0.7526804332988973,0.7140474661566765,0.705714227670996,0.6920809759858166,0.0280492414469353
TMRWI001211,PH112402080,2021-01-01,Y,0.617752265035198,0.5368202663493474,0.5266793771214041,0.478983864567841,0.0354550844311576
TMRWI001212,PH063022043,2021-01-01,Y,0.7245957478819033,0.7196646225820661,0.723997564786622,0.7104005550776731,0.0080284908792582
TMRWI001213,PH050506021,2021-01-01,Y,0.71873888894226,0.7082261173673274,0.7087490007470028,0.696667579033044,0.0090516161951494
TMRWI001214,PH112402171,2021-01-01,Y,0.717966675962754,0.7084318751900502,0.7138162884389548,0.693512661168442,0.0130860093006363
TMRWI001215,PH063022007,2021-01-01,Y,0.6745009345283373,0.6745009345283373,0.6745009345283373,0.6745009345283373,
TMRWI001216,PH112402121,2021-01-01,Y,0.4205103099067717,0.2901944741935053,0.2743959494005679,0.1843808164118346,0.0542494601280073
TMRWI001217,PH015518011,2021-01-01,Y,0.6631598521722145,0.6044012482408925,0.6002171449780849,0.5650221091507869,0.032561352196239
TMRWI001218,PH112402081,2021-01-01,Y,0.6431917624620627,0.550182586437101,0.5419312605078982,0.4940715550763154,0.0378564040281623
TMRWI001219,PH112402078,2021-01-01,Y,0.570512617195752,0.518711218441163,0.5201730268344582,0.4728276871441579,0.024678851447525
TMRWI00121A,PH112402086,2021-01-01,Y,0.7378994074579519,0.6815046336340113,0.6815211851237915,0.5830239655238999,0.0410825529634587
TMRWI00121B,PH050506024,2021-01-01,Y,0.696667579033044,0.6890062211051409,0.6880144021745329,0.6823366821078458,0.0072167465151201
TMRWI00121C,PH112402118,2021-01-01,Y,0.5708569197661029,0.4550597514399269,0.4559934389870559,0.3474827043128797,0.0453716287919401
TMRWI00121D,PH137401023,2021-01-01,Y,0.7922816618697784,0.784539974637888,0.7864195883622258,0.7730390599573222,0.0084669703622831
TMRWI00121E,PH137503006,2021-01-01,Y,0.7432282398828524,0.7432282398828524,0.7432282398828524,0.7432282398828524,
TMRWI00121F,PH050506029,2021-01-01,Y,0.707997243284924,0.6951669626963849,0.6951669626963849,0.6823366821078458,0.0181447568173642
TMRWI001220,PH015518013,2021-01-01,Y,0.7401986741748686,0.7327337617345199,0.7305401206449464,0.729656131473318,0.0049964680546496
TMRWI001221,PH063022012,2021-01-01,Y,0.7177265704691963,0.6630113647719295,0.6766132032047993,0.581092482208923,0.0597142812682088
TMRWI001222,PH112402090,2021-01-01,Y,0.5457878675425478,0.4794674868902198,0.4808655868039452,0.3709710918799198,0.0439349087690308
TMRWI001223,PH063022033,2021-01-01,Y,0.6981321345664775,0.607156601495325,0.5903238781531865,0.5481949207672085,0.0588871359546925
TMRWI001224,PH137503011,2021-01-01,Y,0.7672938391013591,0.7444941532281235,0.7451714867949866,0.7210171337880249,0.0231457868571127
TMRWI001225,PH050506027,2021-01-01,Y,0.7512026105039105,0.7323921522853645,0.7402717182425038,0.6978225621525399,0.0237935923183266
TMRWI001226,PH112402174,2021-01-01,Y,0.6258769539021263,0.5363453559455509,0.5300667032426984,0.4891102959126988,0.027008814560155
TMRWI001227,PH112402159,2021-01-01,Y,0.7217010360036731,0.6936438166105363,0.6948256332021807,0.6632229640341106,0.0245458289262939
TMRWI001228,PH063022011,2021-01-01,Y,0.7098351211771475,0.6545608549452888,0.6531924116590001,0.595187209215772,0.0324899202824488
TMRWI001229,PH112402091,2021-01-01,Y,0.4803442319531048,0.344377608493151,0.3382684350673346,0.2470923715717809,0.0435251129952551
TMRWI00122A,PH137401019,2021-01-01,Y,0.8043739996542353,0.79696702116836,0.7986151173656367,0.7879119464852081,0.0083538592543552
TMRWI00122B,PH112402117,2021-01-01,Y,0.6744826759426504,0.5609132759665452,0.5456009118874654,0.5034178476224315,0.0490034589368825
TMRWI00122C,PH015518032,2021-01-01,Y,0.6927325316018212,0.6594252553933967,0.6727449615096734,0.5697998720404878,0.0447194475195544
TMRWI00122D,PH063022032,2021-01-01,Y,0.6923270542496053,0.6710662493473348,0.6726644596076827,0.6497404966063277,0.0148580659316423
TMRWI00122E,PH050506044,2021-01-01,Y,0.4369836231870367,0.3483429522145778,0.3441770436478357,0.2956131974836755,0.0276608140360377
TMRWI00122F,PH050506028,2021-01-01,Y,0.7095007582090815,0.7087490007470028,0.7087490007470028,0.707997243284924,0.0010631455984869
TMRWI001230,PH112402173,2021-01-01,Y,0.7138162884389548,0.7005255981970041,0.6973990022824704,0.6903615038695867,0.0120359225366587
TMRWI001231,PH063022034,2021-01-01,Y,0.70348074861967,0.70348074861967,0.70348074861967,0.70348074861967,
TMRWI001232,PH063022038,2021-01-01,Y,0.7067598936561242,0.6933919752965991,0.6955472180161124,0.6757135714980477,0.0129803374610169
TMRWI001233,PH112402089,2021-01-01,Y,0.469421621266498,0.3450731306017646,0.3399696499542206,0.2544397149843773,0.0467293378400257
TMRWI001234,PH050506026,2021-01-01,Y,0.707997243284924,0.6951669626963849,0.6951669626963849,0.6823366821078458,0.0181447568173642
TMRWI001235,PH015518012,2021-01-01,Y,0.7442815454095302,0.7028668103552793,0.693881608809553,0.6693182879923589,0.0269364995208607
TMRWI001236,PH112402177,2021-01-01,Y,0.4862093413693514,0.3591379726497174,0.353376445688893,0.2713747077190482,0.0482264607815454
TMRWI001237,PH112402119,2021-01-01,Y,0.4444777940678158,0.3810147979548883,0.3731372755977704,0.3247857265269461,0.0319410197021657
TMRWI001238,PH137503012,2021-01-01,Y,0.7526804332988973,0.7115306443139249,0.7006805839854928,0.6920809759858166,0.0281697924017493
TMRWI001239,PH034919001,2021-01-01,Y,0.5373223295759775,0.4408764085674884,0.4336367037310635,0.3836802762012375,0.0371421024852065
TMRWI00123A,PH112402087,2021-01-01,Y,0.687005734474842,0.6262775003597731,0.6421103957665857,0.5266793771214041,0.0490944035555347
TMRWI00123B,PH112402172,2021-01-01,Y,0.7138162884389548,0.7040917658146245,0.7049463478364768,0.693512661168442,0.0101787549783376
TMRWI00123C,PH015518028,2021-01-01,Y,0.6615184908679129,0.5780982042957461,0.5567404782322928,0.5292980463791999,0.0481255345847455
TMRWI00123D,PH063022036,2021-01-01,Y,0.6923270542496053,0.6812742330615988,0.6826994160274857,0.6673710459418186,0.0103462703783748
TMRWI00123E,PH063022030,2021-01-01,Y,0.7169476390743974,0.6750429288372011,0.6729464040016786,0.6260259039831346,0.0249439358129675
TMRWI00123F,PH050506025,2021-01-01,Y,0.707997243284924,0.6937539766500866,0.6923409906037885,0.6823366821078458,0.0111752263676066
TMRWI001240,PH112402097,2021-01-01,Y,0.6474465315875599,0.5527401126080262,0.5347829687414177,0.4925690046747963,0.0463243739138693
TMRWI001241,PH112402158,2021-01-01,Y,0.6632229640341106,0.6632229640341106,0.6632229640341106,0.6632229640341106,
TMRWI001242,PH112402176,2021-01-01,Y,0.7336124248815145,0.6507913860016056,0.652048423094811,0.5628809614378455,0.0328354183504176
TMRWI001243,PH063022010,2021-01-01,Y,0.7213918059738786,0.6563612207272326,0.6586864509178009,0.578947877955067,0.0407825377449921
TMRWI001244,PH112402088,2021-01-01,Y,0.4785612454069301,0.3853825220956275,0.3816696412780016,0.3163772376933922,0.0349842748686046
TMRWI001245,PH063022035,2021-01-01,Y,0.7335997835117155,0.6982113876604368,0.697767631345642,0.6637105044387479,0.035679415914379
TMRWI001246,PH050506045,2021-01-01,Y,0.6359852041761958,0.5621023846128494,0.5596932667913389,0.5233668466634112,0.0321872498994125
TMRWI001247,PH112402160,2021-01-01,Y,0.7217010360036731,0.7037841008026783,0.7016103196567216,0.6880409467476398,0.016935005034954
TMRWI001248,PH112402116,2021-01-01,Y,0.719493270829417,0.6730285376761047,0.6811535779988551,0.5958931039579017,0.0350606171975055
TMRWI001249,PH015518024,2021-01-01,Y,0.7506202368253748,0.7299757264893212,0.7307314722022115,0.7047441755794717,0.0164372302081188
TMRWI00124A,PH112402175,2021-01-01,Y,0.495721637328995,0.418152048440963,0.4135230331220321,0.3226275881842314,0.0482577117384948
TMRWI00124B,PH063022006,2021-01-01,Y,0.70348074861967,0.6977806406021966,0.6975449480995064,0.6923162250874135,0.0055859922701741
TMRWI00124C,PH112402182,2021-01-01,Y,0.7661461755116724,0.7176182746524249,0.7291399152033441,0.6736269443987125,0.0379377249935417
TMRWI00124D,PH050506019,2021-01-01,Y,0.7213939650863144,0.7090307720596791,0.7090307720596791,0.696667579033044,0.0174841952525039
TMRWI00124E,PH034919005,2021-01-01,Y,0.5648492521828484,0.4676198563189371,0.4491815512324378,0.3999926951264593,0.0497905549786171
TMRWI00124F,PH137603002,2021-01-01,Y,0.8034687608376768,0.7745424064241019,0.7681267524139186,0.759724492415697,0.0164354281123199
TMRWI001250,PH015518029,2021-01-01,Y,0.66247263701848,0.6173831349596259,0.635744977651404,0.5204717530607855,0.0563897992298963
TMRWI001251,PH063022054,2021-01-01,Y,0.6745009345283373,0.6693667736737086,0.6693667736737086,0.66423261281908,0.0072607999120209
TMRWI001252,PH063022025,2021-01-01,Y,0.758389409502923,0.71575515583912,0.7169810367090822,0.6696791538323238,0.0294014354593494
TMRWI001253,PH112402101,2021-01-01,Y,0.7378994074579519,0.6686583330872649,0.670913340709857,0.5830239655238999,0.0301256624755622
TMRWI001254,PH112402152,2021-01-01,Y,0.7445169870960207,0.7051173716871008,0.7132345119429492,0.6216514433716229,0.0330227485943738
TMRWI001255,PH050506012,2021-01-01,Y,0.7704468432152949,0.7394528290544077,0.7348820212889603,0.7153265544043349,0.0202699824396404
TMRWI001256,PH063022001,2021-01-01,Y,0.7060514892632868,0.6834887433284139,0.683112868459828,0.6616777471307129,0.0242922094168001
TMRWI001257,PH112402069,2021-01-01,Y,0.6738479023568371,0.5465174541690909,0.5499535169750802,0.4317594693951366,0.066352001735855
TMRWI001258,PH063022053,2021-01-01,Y,0.723997564786622,0.6938540346126849,0.6938540346126849,0.6637105044387479,0.0426293891897843
TMRWI001259,PH112402169,2021-01-01,Y,0.717966675962754,0.717966675962754,0.717966675962754,0.717966675962754,
TMRWI00125A,PH112402188,2021-01-01,Y,0.4419219109506527,0.3474196836110982,0.3522699340421359,0.234807787791849,0.0397730943092462
TMRWI00125B,PH050506051,2021-01-01,Y,0.7723509767859322,0.7209395950489915,0.7192086120921499,0.6240227314316406,0.0445563416059651
TMRWI00125C,PH112402126,2021-01-01,Y,0.7118493699773636,0.6682900545246052,0.6720076311045567,0.6047183898951584,0.0235114289771409
TMRWI00125D,PH050506033,2021-01-01,Y,0.7317506752359845,0.7172062619277604,0.7118708672623728,0.707997243284924,0.0127438694885031
TMRWI00125E,PH050506042,2021-01-01,Y,0.7723509767859322,0.7471978625382437,0.7441752915029198,0.7153265544043349,0.0215287339609356
TMRWI00125F,PH112402070,2021-01-01,Y,0.5900086089566287,0.4805739132540766,0.484662816437625,0.3998261911958106,0.0365134983938514
TMRWI001260,PH063022052,2021-01-01,Y,0.6715376979046619,0.6676241011717049,0.6676241011717049,0.6637105044387479,0.0055346615774068
TMRWI001261,PH063022015,2021-01-01,Y,0.7212597293384918,0.6915371376262118,0.6857661658831813,0.6733564893999932,0.0206636884815674
TMRWI001262,PH050506013,2021-01-01,Y,0.7348820212889603,0.7274326459059507,0.7320893620245568,0.7153265544043349,0.0105767587202263
TMRWI001263,PH112402068,2021-01-01,Y,0.5633336406689482,0.5218369401553193,0.518443690433937,0.4888736812404716,0.0201077866018362
TMRWI001264,PH112402187,2021-01-01,Y,0.7341371663213159,0.7182247903670957,0.7185758377451728,0.7016103196567216,0.0158397209476905
TMRWI001265,PH112402114,2021-01-01,Y,0.4879920118398584,0.4245116906147848,0.4348526080161364,0.3495663603913354,0.0452588110536297
TMRWI001266,PH112402189,2021-01-01,Y,0.4618867667168428,0.3642151316442331,0.3643886122201202,0.2700294395851795,0.0466973856283
TMRWI001267,PH050506009,2021-01-01,Y,0.7504270471673097,0.7328768007858223,0.7328768007858223,0.7153265544043349,0.0248197964556888
TMRWI001268,PH112402065,2021-01-01,Y,0.4848202494977503,0.331283679367104,0.3293230806453476,0.1778534161944582,0.0513586667992446
TMRWI001269,PH063022057,2021-01-01,Y,0.7245957478819033,0.6801652622194112,0.690398390213537,0.6152685205686673,0.0508736499034264
TMRWI00126A,PH112402092,2021-01-01,Y,0.489146574055359,0.3750605473018415,0.3846799390365557,0.2683068233637177,0.0487858136751518
TMRWI00126B,PH112402128,2021-01-01,Y,0.5350682040859176,0.4164342795964896,0.4210935166775017,0.3371313200195052,0.0497785235843812
TMRWI00126C,PH137401025,2021-01-01,Y,0.8043739996542353,0.7969006689962919,0.7986151173656367,0.7879119464852081,0.0060899072563967
TMRWI00126D,PH050506034,2021-01-01,Y,0.707997243284924,0.707997243284924,0.707997243284924,0.707997243284924,
TMRWI00126E,PH015518021,2021-01-01,Y,0.7401986741748686,0.697246485203423,0.7245043836049399,0.5697998720404878,0.0525943060909806
TMRWI00126F,PH112402151,2021-01-01,Y,0.7436784049362234,0.7217507544814101,0.7190296548614166,0.7111388075115939,0.0129747079309322
TMRWI001270,PH112402066,2021-01-01,Y,0.6433407349146694,0.5278828584845776,0.5212497104356575,0.457517319137668,0.043309682070663
TMRWI001271,PH063022056,2021-01-01,Y,0.70348074861967,0.6977806406021966,0.6975449480995064,0.6923162250874135,0.0055859922701741
TMRWI001272,PH050506010,2021-01-01,Y,0.7573344347332795,0.7410293454349747,0.7504270471673097,0.7153265544043349,0.0225256098878628
TMRWI001273,PH112402190,2021-01-01,Y,0.7535353701323539,0.7296365896670233,0.7298304142381289,0.7151077303583002,0.0140570592069334
TMRWI001274,PH050506052,2021-01-01,Y,0.696667579033044,0.6311821903713175,0.6823366821078458,0.534709970677279,0.0796412079113272
TMRWI001275,PH137401022,2021-01-01,Y,0.8030728264170668,0.7858591117641631,0.7894696187856823,0.7567582794703867,0.0151430049370397
TMRWI001276,PH050506077,2021-01-01,Y,0.5653082286953109,0.5419089763586815,0.5460083638607085,0.5134876011338321,0.0172318951934551
TMRWI001277,PH112402127,2021-01-01,Y,0.6898510791069965,0.5995919255681246,0.6065995635441599,0.5093759755802367,0.0585710795837715
TMRWI001278,PH112402067,2021-01-01,Y,0.5048259322372922,0.35924248108437,0.3581509526741048,0.19241873597952,0.05852079318976
TMRWI001279,PH063022055,2021-01-01,Y,0.7245957478819033,0.7242966563342627,0.7242966563342627,0.723997564786622,0.0004229793230645
TMRWI00127A,PH137401015,2021-01-01,Y,0.8012261261436662,0.7961124369698511,0.7961124369698511,0.7909987477960361,0.0072318485833697
TMRWI00127B,PH050506011,2021-01-01,Y,0.7573344347332795,0.7282385625547385,0.7348820212889603,0.6832227551798082,0.0299005729011942
TMRWI00127C,PH015518008,2021-01-01,Y,0.7367471845362568,0.6593114797561402,0.6753046844106825,0.54378808290173,0.0504454921184041
TMRWI00127D,PH112402161,2021-01-01,Y,0.7217010360036731,0.7016212292972146,0.7107804585755373,0.6632229640341106,0.0273961116249091
TMRWI00127E,PH063022026,2021-01-01,Y,0.7098351211771475,0.6339461880912449,0.6406735709056064,0.5180655723931012,0.0605499144558624
TMRWI00127F,PH112402100,2021-01-01,Y,0.5534754974108153,0.4746417854844609,0.4693396036950206,0.3888264620875202,0.0464738204856618
TMRWI001280,PH063022048,2021-01-01,Y,0.6885343317940269,0.6566340668770376,0.6637783541506974,0.6013620827855525,0.0302112950552032
TMRWI001281,PH050506032,2021-01-01,Y,0.7587053561105536,0.7261637456740869,0.7218107712491786,0.7023280840874367,0.0249171649557336
TMRWI001282,PH112402154,2021-01-01,Y,0.6632229640341106,0.6545746408394426,0.6545746408394426,0.6459263176447746,0.0122305759536853
TMRWI001283,PH112402184,2021-01-01,Y,0.4774422939892045,0.4116643882885988,0.4164874285764372,0.2833562645492031,0.0364588024509984
TMRWI001284,PH050506049,2021-01-01,Y,0.5722546248369047,0.4958748173182603,0.5103544992594097,0.4208616478522489,0.0486786526936736
TMRWI001285,PH015518010,2021-01-01,Y,0.6547517347171747,0.6059909693605634,0.6223083012397619,0.552282821208869,0.0363353516740711
TMRWI001286,PH112402075,2021-01-01,Y,0.7752554444640971,0.7015217533643638,0.7063773381976162,0.6033403984919689,0.0392783350240629
TMRWI001287,PH063022047,2021-01-01,Y,0.7115903509991136,0.6909334636888279,0.6942612780256208,0.661155443420013,0.0212033831192677
TMRWI001288,PH063022005,2021-01-01,Y,0.7277967271763722,0.7183718700317987,0.7183718700317987,0.7089470128872253,0.0133287607972848
TMRWI001289,PH112402123,2021-01-01,Y,0.6351887685504096,0.4800600892735028,0.4865266420322467,0.3688921866816971,0.0520413874769286
TMRWI00128A,PH063022028,2021-01-01,Y,0.70348074861967,0.70348074861967,0.70348074861967,0.70348074861967,
TMRWI00128B,PH050506018,2021-01-01,Y,0.7213939650863144,0.7122668110205396,0.71873888894226,0.696667579033044,0.0135744018756797
TMRWI00128C,PH112402183,2021-01-01,Y,0.3906376426097844,0.3197460803717297,0.3324838753778235,0.1868403113263966,0.0479897199379242
TMRWI00128D,PH015518027,2021-01-01,Y,0.6615184908679129,0.5954724236494597,0.596255677823277,0.5292980463791999,0.0531200085262136
TMRWI00128E,PH112402077,2021-01-01,Y,0.7149956534152175,0.6516369907109457,0.6589834108499835,0.55612433518853,0.0460956946239602
TMRWI00128F,PH137401024,2021-01-01,Y,0.8043739996542353,0.7982461662179992,0.7999206217546515,0.7887694217084585,0.0067422873277369
TMRWI001290,PH137401017,2021-01-01,Y,0.7915261079172705,0.776497855962445,0.7730390599573222,0.7567582794703867,0.0119503340038367
TMRWI001291,PH063022046,2021-01-01,Y,0.7277967271763722,0.7214247076936589,0.7214247076936589,0.7150526882109456,0.0090113963721588
TMRWI001292,PH137503010,2021-01-01,Y,0.7526804332988973,0.7350235909175284,0.7432282398828524,0.7100668185121384,0.020205484547379
TMRWI001293,PH137503014,2021-01-01,Y,0.7356256186416674,0.644294875968988,0.6273950210068604,0.5753430556438985,0.0513390648631045
TMRWI001294,PH112402155,2021-01-01,Y,0.6880409467476398,0.665730076142175,0.6632229640341106,0.6459263176447746,0.0211689561495076
TMRWI001295,PH112402074,2021-01-01,Y,0.756433735957155,0.6762205680862183,0.6865030237278338,0.574970847744892,0.0572249370084363
TMRWI001296,PH112402170,2021-01-01,Y,0.717966675962754,0.7075604933516569,0.7093813181377158,0.693512661168442,0.010825878786994
TMRWI001297,PH050506017,2021-01-01,Y,0.7573344347332795,0.7226280367296578,0.7254141254834083,0.6832227551798082,0.0252366321136289
TMRWI001298,PH112402124,2021-01-01,Y,0.6495633374704695,0.5480524115506771,0.5475327141649173,0.4633658430305588,0.0527118836341819
TMRWI001299,PH112402071,2021-01-01,Y,0.4322819538520646,0.3147500342277694,0.3085349853710746,0.2323666205828076,0.0516015291340653
TMRWI00129A,PH063022051,2021-01-01,Y,0.703241597764444,0.6824434282571694,0.683540707685931,0.6564740178036479,0.0159836986605373
TMRWI00129B,PH112402164,2021-01-01,Y,0.717966675962754,0.6819464968037643,0.6819464968037643,0.6459263176447746,0.0509402258857519
TMRWI00129C,PH015518009,2021-01-01,Y,0.7367471845362568,0.6417595635486677,0.6598731885026438,0.5247603833791259,0.0653019922930232
TMRWI00129D,PH112402125,2021-01-01,Y,0.7269364482592765,0.6461604302727805,0.6371701071511522,0.5467266270876447,0.0506844361440374
TMRWI00129E,PH050506015,2021-01-01,Y,0.7213939650863144,0.7059047892901017,0.7095007582090815,0.6832227551798082,0.0159480437507816
TMRWI00129F,PH137603001,2021-01-01,Y,0.8011559593164169,0.7788285147585374,0.7777900761159487,0.7361601176023177,0.0167715999693038
TMRWI0012A0,PH112402186,2021-01-01,Y,0.7307185451372135,0.6947810046469641,0.7151077303583002,0.6347831650521553,0.0381317349385694
TMRWI0012A1,PH112402072,2021-01-01,Y,0.6844985661562184,0.5795936903474396,0.5660719700178969,0.4659010923982893,0.0678541152418846
TMRWI0012A2,PH112402153,2021-01-01,Y,0.7408531595551269,0.7243604733951157,0.7216723931548672,0.7111388075115939,0.0124095138360019
TMRWI0012A3,PH112402102,2021-01-01,Y,0.5043011921457395,0.4144292914803346,0.4360072199987009,0.3355181806633442,0.0525422932952342
TMRWI0012A4,PH137503004,2021-01-01,Y,0.7616069832984858,0.7328066333015212,0.7556457959042843,0.6473756942186103,0.0482234641270699
TMRWI0012A5,PH063022050,2021-01-01,Y,0.6923162250874135,0.676349993286953,0.6783048651283754,0.6564740178036479,0.0163953631440662
TMRWI0012A6,PH050506050,2021-01-01,Y,0.4369836231870367,0.3485413356142872,0.3507443136584292,0.2664661410957903,0.0393452950604753
TMRWI0012A7,PH034919004,2021-01-01,Y,0.6401228956305108,0.5566280850720567,0.6041543807779826,0.3993083813045623,0.0979148515442475
TMRWI0012A8,PH015518020,2021-01-01,Y,0.6792109177063651,0.6602353844889429,0.6651044005704912,0.6200167997272236,0.0189419238526636
TMRWI0012A9,PH050506016,2021-01-01,Y,0.7512026105039105,0.7309521304411328,0.7438312186669479,0.6978225621525399,0.0289268141288479
TMRWI0012AA,PH112402185,2021-01-01,Y,0.7319033046116793,0.7158066051397689,0.7148563981453373,0.7016103196567216,0.0136154590679521
TMRWI0012AB,PH015518031,2021-01-01,Y,0.7715667180979403,0.6948119122602809,0.7277165425791086,0.5871671801663809,0.0644329248810216
TMRWI0012AC,PH112402073,2021-01-01,Y,0.5106890598609207,0.3735507841467115,0.3665504598971076,0.234807787791849,0.0465194071896564
TMRWI0012AD,PH063022049,2021-01-01,Y,0.7067598343206914,0.6765428228408178,0.6941513607479901,0.553498935560891,0.0484173953671483
TMRWI0012AE,PH063022004,2021-01-01,Y,0.7243136015619993,0.6982453638323428,0.7118852686085291,0.6574971795223842,0.0255921406513212
TMRWI0012AF,PH137401016,2021-01-01,Y,0.7915261079172705,0.7713810133301352,0.7727829305350107,0.7524031391323304,0.015722438613009
TMRWI0012B0,PH063022003,2021-01-01,Y,0.7277967271763722,0.7214247076936589,0.7214247076936589,0.7150526882109456,0.0090113963721588
TMRWI0012B1,PH063022110,2021-01-01,Y,0.7335997835117155,0.6884628067722497,0.6739195315982802,0.6709299665969854,0.0267284760383105
TMRWI0012B2,PH072230018,2021-01-01,Y,0.7478621736557494,0.7274475289171485,0.7274475289171485,0.7070328841785476,0.0288706674603579
TMRWI0012B3,PH104305049,2021-01-01,Y,0.7249629498739547,0.6141220819865904,0.6201878593679082,0.5142439496711253,0.0666450908056678
TMRWI0012B4,PH097332024,2021-01-01,Y,0.4595493255851914,0.3332630608443441,0.3373896648388372,0.1851718005640091,0.0625040414909037
TMRWI0012B5,PH083747083,2021-01-01,Y,0.7155593807516368,0.6976583396820003,0.6943901633593241,0.6862936512577162,0.0135338823658463
TMRWI0012B6,PH063022163,2021-01-01,Y,0.729019549661639,0.7004203313719195,0.6955822875477953,0.6814972007304483,0.0211942198940602
TMRWI0012B7,PH072230016,2021-01-01,Y,0.7524822822481254,0.6979614116795582,0.7011946564819731,0.6104009666960775,0.0475352340458941
TMRWI0012B8,PH104305050,2021-01-01,Y,0.7248355872101133,0.5539760680103856,0.5397163398672848,0.4879263414425911,0.0511521284976094
TMRWI0012B9,PH063022161,2021-01-01,Y,0.7093307644194456,0.7034378562594761,0.7034378562594761,0.6975449480995064,0.008333830641648
TMRWI0012BA,PH104305051,2021-01-01,Y,0.7238588108984403,0.6568318207162396,0.6668760335816899,0.5406655324535424,0.0491831357380184
TMRWI0012BB,PH097332023,2021-01-01,Y,0.5816199195773529,0.4790437155618418,0.4741130433964569,0.379111607444907,0.0437911233927693
TMRWI0012BC,PH083747084,2021-01-01,Y,0.7006564440890567,0.6943901633593241,0.6943901633593241,0.6881238826295916,0.0088618591936249
TMRWI0012BD,PH097332104,2021-01-01,Y,0.6198476173169069,0.5327712167115504,0.5222970517941534,0.4486794425954549,0.0436072035357716
TMRWI0012BE,PH063022160,2021-01-01,Y,0.7611016409708543,0.7313014850563087,0.7294516394687313,0.6951515039320094,0.0213731120737541
TMRWI0012BF,PH104305052,2021-01-01,Y,0.7667610087897302,0.6977270974760921,0.709122425880618,0.5490646417412062,0.0535205133281194
TMRWI0012C0,PH072230017,2021-01-01,Y,0.780721260977225,0.7178765354971297,0.7106892614468263,0.6867483485760063,0.0273977902443149
TMRWI0012C1,PH083747049,2021-01-01,Y,0.6804988220919715,0.6804988220919715,0.6804988220919715,0.6804988220919715,
TMRWI0012C2,PH097332022,2021-01-01,Y,0.5484046554674006,0.4811159399068176,0.4777498633437314,0.4154030276865502,0.0372885948536073
TMRWI0012C3,PH083747085,2021-01-01,Y,0.7155593807516368,0.7081079124203468,0.7081079124203468,0.7006564440890567,0.010537967573704
TMRWI0012C4,PH063022159,2021-01-01,Y,0.6989946849289421,0.6868312925673894,0.6868312925673894,0.6746679002058366,0.0172016344421732
TMRWI0012C5,PH104305053,2021-01-01,Y,0.7477327880017675,0.698531971693306,0.7122051916630208,0.5962506384288185,0.0437610084988775
TMRWI0012C6,PH097332059,2021-01-01,Y,0.6925784825822273,0.5145824942718218,0.5191211100204353,0.3274939597450138,0.1016692254638714
TMRWI0012C7,PH097332021,2021-01-01,Y,0.6969858660900833,0.6553918673180166,0.672183172981979,0.5441556776012537,0.0499837986609151
TMRWI0012C8,PH063022158,2021-01-01,Y,0.7611016409708543,0.7087472232001197,0.7050883736954385,0.6637105044387479,0.0403504342408534
TMRWI0012C9,PH104305054,2021-01-01,Y,0.7085084973515938,0.5307296740300318,0.511837192086769,0.4253000028522199,0.0747552481787926
TMRWI0012CA,PH097332103,2021-01-01,Y,0.4307892059494127,0.3995811679451702,0.4008929845239691,0.3665039622516968,0.0180339025806652
TMRWI0012CB,PH083747086,2021-01-01,Y,0.7006564440890567,0.7006564440890567,0.7006564440890567,0.7006564440890567,
TMRWI0012CC,PH063022157,2021-01-01,Y,0.7212597293384918,0.6969894746554853,0.6926004842765006,0.6814972007304483,0.0177890780237705
TMRWI0012CD,PH063022086,2021-01-01,Y,0.6347605129260682,0.5860802840549033,0.5979419995172088,0.5180655723931012,0.0454098396225334
TMRWI0012CE,PH104305055,2021-01-01,Y,0.728334198286893,0.6708742134421101,0.68097605606616,0.6015618734463589,0.0423889348371055
TMRWI0012CF,PH097332020,2021-01-01,Y,0.6711019929318318,0.6436740775909262,0.6467808267987333,0.6184320736721678,0.0194639516327976
TMRWI0012D0,PH063022164,2021-01-01,Y,0.7053099199923993,0.682489844660507,0.683798535319222,0.6570523880111848,0.0208268005943795
TMRWI0012D1,PH083747087,2021-01-01,Y,0.7155593807516368,0.7023875969534736,0.7006564440890567,0.6909469660197273,0.0123971935297414
TMRWI0012D2,PH097332901,2021-01-01,Y,0.5191211100204353,0.3453780667057939,0.3423037267509957,0.2081841602414245,0.0740305927317667
TMRWI0012D3,PH083747050,2021-01-01,Y,0.6804988220919715,0.6804988220919715,0.6804988220919715,0.6804988220919715,
TMRWI0012D4,PH104305001,2021-01-01,Y,0.645987732509128,0.5136887027100113,0.4830007221128575,0.4287775244542173,0.0725909089259757
TMRWI0012D5,PH072230013,2021-01-01,Y,0.780721260977225,0.7283163830993554,0.7231094169869805,0.6827874960534573,0.0292299749192844
TMRWI0012D6,PH063022170,2021-01-01,Y,0.7093307644194456,0.6945145378187517,0.6975449480995064,0.6766679009373031,0.0165409553099434
TMRWI0012D7,PH104305043,2021-01-01,Y,0.7244186670663147,0.6450499981006871,0.6591866322921706,0.5322994808281598,0.0574428836923653
TMRWI0012D8,PH097332028,2021-01-01,Y,0.5214879722934646,0.4443547814013717,0.4521444118085395,0.358210960854766,0.0504867983617433
TMRWI0012D9,PH083747079,2021-01-01,Y,0.7006564440890567,0.6844024947257227,0.6881238826295916,0.6644271574585201,0.0183990991189158
TMRWI0012DA,PH083747026,2021-01-01,Y,0.546257659463876,0.4620999414912655,0.4766006576206567,0.326439318506432,0.0739548617478653
TMRWI0012DB,PH097332904,2021-01-01,Y,0.3939950712349943,0.3446280908050232,0.3538169561486871,0.2369755395588443,0.0314915046681821
TMRWI0012DC,PH063022169,2021-01-01,Y,0.7167944642504872,0.7026296334275707,0.6971204531088491,0.6939739829233758,0.0123675742503695
TMRWI0012DD,PH104305044,2021-01-01,Y,0.7667610087897302,0.6986934327034543,0.7020756427749886,0.5876085708584179,0.0393490889171334
TMRWI0012DE,PH083747051,2021-01-01,Y,0.6804988220919715,0.6804988220919715,0.6804988220919715,0.6804988220919715,
TMRWI0012DF,PH063022168,2021-01-01,Y,0.7053099199923993,0.6684627205586884,0.6722461236934225,0.6006617962248879,0.0355336605464569
TMRWI0012E0,PH097332027,2021-01-01,Y,0.3863004011551214,0.3121230363464622,0.318910972563006,0.1845728562555067,0.0466358470540601
TMRWI0012E1,PH083747080,2021-01-01,Y,0.6862936512577162,0.6862936512577162,0.6862936512577162,0.6862936512577162,
TMRWI0012E2,PH104305045,2021-01-01,Y,0.7667610087897302,0.7447018966455977,0.7438693616145435,0.7230607110211292,0.0166077865812748
TMRWI0012E3,PH072230014,2021-01-01,Y,0.739402806424252,0.6945942009730032,0.6910175262720868,0.6680925922921038,0.0264904256715428
TMRWI0012E4,PH063022167,2021-01-01,Y,0.7008958043196627,0.6877511981487018,0.6885343317940269,0.6738234583324156,0.0135531528820099
TMRWI0012E5,PH104305046,2021-01-01,Y,0.7029453164550907,0.5578207141419432,0.5388318924006676,0.4699493529406626,0.0619189087399922
TMRWI0012E6,PH097332026,2021-01-01,Y,0.6471623070772228,0.5820406548534949,0.5877632215999428,0.4878583382903454,0.042855907981416
TMRWI0012E7,PH097332057,2021-01-01,Y,0.3936835988344653,0.3476395959624714,0.3497599421203402,0.2644592193003266,0.0369593984592791
TMRWI0012E8,PH097332902,2021-01-01,Y,0.3550512182874536,0.2815980810817465,0.2959556746016185,0.1615331637992824,0.0516454207581788
TMRWI0012E9,PH083747081,2021-01-01,Y,0.6862936512577162,0.6862936512577162,0.6862936512577162,0.6862936512577162,
TMRWI0012EA,PH063022166,2021-01-01,Y,0.7060514892632868,0.7002802144941946,0.7029276948779121,0.691861459341385,0.0074562793391036
TMRWI0012EB,PH104305047,2021-01-01,Y,0.4470336572385024,0.3237426733778644,0.3233848491655907,0.2115924488161762,0.0526404159558804
TMRWI0012EC,PH072230015,2021-01-01,Y,0.7277647526263762,0.6713952399935258,0.6797310072001165,0.5834183098289363,0.0460027831330031
TMRWI0012ED,PH097332025,2021-01-01,Y,0.4098877149209778,0.3267416213812691,0.329945594376571,0.205701770106513,0.054799862601774
TMRWI0012EE,PH083747082,2021-01-01,Y,0.6881238826295916,0.687208766943654,0.687208766943654,0.6862936512577162,0.0012941690141934
TMRWI0012EF,PH063022165,2021-01-01,Y,0.7220768048096353,0.6955026927234381,0.691222176332857,0.6696791538323238,0.0187293784787427
TMRWI0012F0,PH104305048,2021-01-01,Y,0.6564953190610647,0.5076563458970309,0.5055374783052176,0.4313135366504119,0.0550839607932912
TMRWI0012F1,PH097332058,2021-01-01,Y,0.3842130529228402,0.3191449791167453,0.3170219107819804,0.2692179390743191,0.0346163771622967
TMRWI0012F2,PH063022156,2021-01-01,Y,0.6923270542496053,0.6781032801643615,0.6739195315982802,0.6709299665969854,0.009056274631323
TMRWI0012F3,PH104305056,2021-01-01,Y,0.7560845585235227,0.6619954147563301,0.6708028692154335,0.5356386547244393,0.0588568357314853
TMRWI0012F4,PH097332102,2021-01-01,Y,0.5903794363000308,0.5209882068323446,0.5092155550125972,0.4833097195106361,0.0327111023900755
TMRWI0012F5,PH097332099,2021-01-01,Y,0.6969858660900833,0.6854553978917486,0.692382616662019,0.6500124270200793,0.0178203204846653
TMRWI0012F6,PH063022146,2021-01-01,Y,0.6895281091535251,0.6796955900383029,0.6853260481423036,0.66423261281908,0.0135551494845008
TMRWI0012F7,PH104305064,2021-01-01,Y,0.7477327880017675,0.6860959006894221,0.6843851669928813,0.5490646417412062,0.0551911245614452
TMRWI0012F8,PH072230022,2021-01-01,Y,0.7709470077639109,0.7261114685207732,0.7343394850147115,0.6419352977311119,0.0440896790122704
TMRWI0012F9,PH063022144,2021-01-01,Y,0.744611152761785,0.6728839556908754,0.6801508389474349,0.5621882422647877,0.0556116298507432
TMRWI0012FA,PH097332014,2021-01-01,Y,0.3851903386982148,0.3217081055597173,0.3341427948742844,0.2105917975245776,0.0499368258691632
TMRWI0012FB,PH083747093,2021-01-01,Y,0.7300441592957214,0.724431473089986,0.721738006761694,0.7215122532125426,0.0048620392840122
TMRWI0012FC,PH104305065,2021-01-01,Y,0.531530128197486,0.4630887991292016,0.4611750393839703,0.3827183151242525,0.0405036054586242
TMRWI0012FD,PH104305013,2021-01-01,Y,0.7667610087897302,0.7533834720085248,0.7533834720085248,0.7400059352273196,0.0189186939471254
TMRWI0012FE,PH063022140,2021-01-01,Y,0.66423261281908,0.66423261281908,0.66423261281908,0.66423261281908,
TMRWI0012FF,PH104305067,2021-01-01,Y,0.6697217355716693,0.5197610700849606,0.517925917439443,0.3632395779302835,0.0791730727485493
TMRWI001300,PH097332098,2021-01-01,Y,0.5162314217522042,0.4445237395912919,0.4489404950252506,0.3839917252148489,0.0374103393461275
TMRWI001301,PH097332013,2021-01-01,Y,0.4766556147794995,0.3329959400503942,0.3373985822366736,0.1834978215379247,0.0522906891381829
TMRWI001302,PH083747094,2021-01-01,Y,0.7300441592957214,0.708356465911491,0.7094670191565183,0.6844476660372061,0.0211786660454165
TMRWI001303,PH063022139,2021-01-01,Y,0.7212597293384918,0.707212821897247,0.7150526882109456,0.6853260481423036,0.0192068995139721
TMRWI001304,PH104305068,2021-01-01,Y,0.4251197543588234,0.3292817007772182,0.3273187902219343,0.2615446002915018,0.0367597348510249
TMRWI001305,PH072230023,2021-01-01,Y,0.7277647526263762,0.7017683670301574,0.7065470047206198,0.6691812484142521,0.0190853776863799
TMRWI001306,PH083747045,2021-01-01,Y,0.7002695976560499,0.6902384329834275,0.6902384329834275,0.6802072683108049,0.0141862091264205
TMRWI001307,PH097332063,2021-01-01,Y,0.6853329596685045,0.6470786191432657,0.6540174709096129,0.5710532683585093,0.0345799540337819
TMRWI001308,PH097332097,2021-01-01,Y,0.5060571569478206,0.4057866588664585,0.4145700850338739,0.2129459854885378,0.0529292859547879
TMRWI001309,PH063022138,2021-01-01,Y,0.6152685205686673,0.6152685205686673,0.6152685205686673,0.6152685205686673,
TMRWI00130A,PH104305069,2021-01-01,Y,0.4706517020079185,0.3588021372747535,0.3474301017964631,0.2832085647349617,0.0419902517517364
TMRWI00130B,PH097332012,2021-01-01,Y,0.4294105766976084,0.3767956772382201,0.3820154452976995,0.2978226931011372,0.031913013759556
TMRWI00130C,PH083747095,2021-01-01,Y,0.7192136975024315,0.7078048532007775,0.7078048532007775,0.6963960088991236,0.0161345423424019
TMRWI00130D,PH063022137,2021-01-01,Y,0.7245957478819033,0.7205799577449487,0.7205799577449487,0.716564167607994,0.0056791848753253
TMRWI00130E,PH104305070,2021-01-01,Y,0.4615222762321855,0.3156675839660224,0.310180535180324,0.2241041273851549,0.0520817989193548
TMRWI00130F,PH097332011,2021-01-01,Y,0.4175360239009225,0.3699770162077799,0.3770707907725932,0.2654102913532108,0.0336563227795561
TMRWI001310,PH072230024,2021-01-01,Y,0.7351837083507428,0.7088907577010789,0.6963360398162,0.6893485591083623,0.0212619847796593
TMRWI001311,PH063022136,2021-01-01,Y,0.6152685205686673,0.6152685205686673,0.6152685205686673,0.6152685205686673,
TMRWI001312,PH083747092,2021-01-01,Y,0.721738006761694,0.7037926647586108,0.7044924931177716,0.6844476660372061,0.0188344224168679
TMRWI001313,PH097332015,2021-01-01,Y,0.5038489066442934,0.4264489819077762,0.4236251999191139,0.3609759890565073,0.0341886596308258
TMRWI001314,PH104305063,2021-01-01,Y,0.6126513492215516,0.4809864098952867,0.470545148422859,0.3868490273983236,0.0543524501503708
TMRWI001315,PH063022148,2021-01-01,Y,0.7245957478819033,0.6971892562330454,0.699964332115599,0.66423261281908,0.0262709454299503
TMRWI001316,PH083747048,2021-01-01,Y,0.7267515782671177,0.7036252001795447,0.7036252001795447,0.6804988220919715,0.0327056375400137
TMRWI001317,PH097332060,2021-01-01,Y,0.4887376325173893,0.3960753654619887,0.3948383379364881,0.3344081178332829,0.0469138669207648
TMRWI001318,PH063022155,2021-01-01,Y,0.6757356112970588,0.6303120317632771,0.6348771217717923,0.575758272212465,0.049023131475043
TMRWI001319,PH104305057,2021-01-01,Y,0.5223856967149176,0.3943053942127622,0.3847093167174177,0.3158614011323207,0.0500110700336317
TMRWI00131A,PH097332019,2021-01-01,Y,0.6711019929318318,0.5970145847009671,0.6094281505863585,0.4787662742888621,0.0489330435522592
TMRWI00131B,PH083747088,2021-01-01,Y,0.7188144538900435,0.7002157138440448,0.7012428431265111,0.6795627152331133,0.0211244362368151
TMRWI00131C,PH072230019,2021-01-01,Y,0.7132882750660816,0.6783048560154072,0.6805242239130972,0.642883497825837,0.0254053666872166
TMRWI00131D,PH063022154,2021-01-01,Y,0.6989946849289421,0.6902459428296952,0.6902459428296952,0.6814972007304483,0.0123725897304594
TMRWI00131E,PH104305058,2021-01-01,Y,0.7560845585235227,0.7372102910541098,0.7379911792224763,0.7152102126382767,0.0167144607769968
TMRWI00131F,PH097332101,2021-01-01,Y,0.6913705577406468,0.6292102906044066,0.64047194621543,0.5363162438284172,0.0594049846812501
TMRWI001320,PH097332018,2021-01-01,Y,0.423261558028718,0.3305872268797442,0.3298231422421032,0.1994787841972546,0.0406752919335356
TMRWI001321,PH083747089,2021-01-01,Y,0.7180380202158161,0.7063002027690592,0.7081079124203468,0.6909469660197273,0.0127943037591679
TMRWI001322,PH063022152,2021-01-01,Y,0.7184904107238169,0.665447761654271,0.66355309940617,0.6161944370809269,0.0446421797388368
TMRWI001323,PH104305059,2021-01-01,Y,0.5216083591031481,0.4126277430757456,0.42717079435469,0.3061252218841992,0.0536991895698336
TMRWI001324,PH104305042,2021-01-01,Y,0.754621504336592,0.6646114395252349,0.675966560498298,0.5255161199971287,0.0695524504930141
TMRWI001325,PH072230020,2021-01-01,Y,0.7277647526263762,0.6709085153012526,0.6857219140984226,0.5717263148648213,0.0513442421694236
TMRWI001326,PH083747047,2021-01-01,Y,0.7267515782671177,0.6773049247975305,0.6722261718557423,0.6380157772115195,0.0373142939730706
TMRWI001327,PH104305060,2021-01-01,Y,0.7070085516983672,0.5642801369254251,0.5417397215508559,0.4765465277837519,0.0563157520023243
TMRWI001328,PH097332017,2021-01-01,Y,0.4372377425611048,0.3917310349148258,0.3939623966542651,0.3011718959337193,0.0274946535605055
TMRWI001329,PH083747090,2021-01-01,Y,0.7155593807516368,0.703253173385682,0.703253173385682,0.6909469660197273,0.0174036053583089
TMRWI00132A,PH063022150,2021-01-01,Y,0.7436308866424417,0.72565618859716,0.7242966563342627,0.7104005550776731,0.0136589371396581
TMRWI00132B,PH104305061,2021-01-01,Y,0.7634047707708153,0.7037591204677064,0.7101016642169062,0.5876085708584179,0.0477372196174572
TMRWI00132C,PH097332061,2021-01-01,Y,0.6576452040515569,0.6263627367259117,0.6503897377676688,0.5710532683585093,0.048036584142325
TMRWI00132D,PH097332100,2021-01-01,Y,0.5027494745706838,0.3555928514958241,0.3558549478716516,0.2770736759296131,0.0346820722781247
TMRWI00132E,PH097332016,2021-01-01,Y,0.6737916679597238,0.5889653971973898,0.6105309600193158,0.4839114960002803,0.0557532897761319
TMRWI00132F,PH072230021,2021-01-01,Y,0.7277647526263762,0.6915429563326386,0.6878782755171919,0.6680925922921038,0.0215002683872744
TMRWI001330,PH063022149,2021-01-01,Y,0.6984397958784538,0.6925919201354971,0.69506286709563,0.6818021504722747,0.0076984258500679
TMRWI001331,PH104305062,2021-01-01,Y,0.3886686768592532,0.2708978596805043,0.2677731345672798,0.1750665991974457,0.0451173254513538
TMRWI001332,PH083747091,2021-01-01,Y,0.721738006761694,0.7063424863907106,0.7063424863907106,0.6909469660197273,0.0217725537084359
TMRWI001333,PH083747046,2021-01-01,Y,0.7002695976560499,0.6903842098740107,0.6903842098740107,0.6804988220919715,0.013980049470677
TMRWI001334,PH063022151,2021-01-01,Y,0.7150772603030391,0.6576739141334544,0.6715058452341938,0.5621882422647877,0.0537056314000174
TMRWI001335,PH063022171,2021-01-01,Y,0.691861459341385,0.6353059343162067,0.6372768620159852,0.5741420804386032,0.0411162009512865
TMRWI001336,PH083747078,2021-01-01,Y,0.6881238826295916,0.6881238826295916,0.6881238826295916,0.6881238826295916,
TMRWI001337,PH097332030,2021-01-01,Y,0.5038489066442934,0.424304528100476,0.4199037445026058,0.3609759890565073,0.0401399461417276
TMRWI001338,PH063022195,2021-01-01,Y,0.7167944642504872,0.6955974587027624,0.6955472180161124,0.6745009345283373,0.0173140748333026
TMRWI001339,PH104305021,2021-01-01,Y,0.7400059352273196,0.7265994884372368,0.7265994884372368,0.7131930416471539,0.0189595788737684
TMRWI00133A,PH097332043,2021-01-01,Y,0.4913978545334479,0.4131339041094646,0.4093319186940811,0.352358178229542,0.042253055760916
TMRWI00133B,PH083747065,2021-01-01,Y,0.6802072683108049,0.6802072683108049,0.6802072683108049,0.6802072683108049,
TMRWI00133C,PH063022194,2021-01-01,Y,0.7053099199923993,0.6844683512991317,0.6848642685695641,0.6570523880111848,0.0178685937708035
TMRWI00133D,PH104305022,2021-01-01,Y,0.775577712572238,0.7302431925007961,0.7265994884372368,0.6921960805564729,0.0360037971473754
TMRWI00133E,PH104305009,2021-01-01,Y,0.7667610087897302,0.7574601570640975,0.7574601570640975,0.748159305338465,0.0131533906520108
TMRWI00133F,PH072230005,2021-01-01,Y,0.8091002405728976,0.7465706125472654,0.7557921323579829,0.6704129814816084,0.0385357870875182
TMRWI001340,PH097332042,2021-01-01,Y,0.4073784642947883,0.3430702382117336,0.3577908935341523,0.2450288781089031,0.0479758006569355
TMRWI001341,PH083747057,2021-01-01,Y,0.6804988220919715,0.6804988220919715,0.6804988220919715,0.6804988220919715,
TMRWI001342,PH063022193,2021-01-01,Y,0.6745009345283373,0.6745009345283373,0.6745009345283373,0.6745009345283373,
TMRWI001343,PH104305023,2021-01-01,Y,0.7131930416471539,0.7026945611018134,0.7026945611018134,0.6921960805564729,0.0148470935715306
TMRWI001344,PH097332051,2021-01-01,Y,0.4742192007768823,0.4132065193539925,0.4100834483008426,0.3665039622516968,0.0288262276842357
TMRWI001345,PH083747066,2021-01-01,Y,0.7192136975024315,0.699896854489762,0.7002695976560499,0.6802072683108049,0.0195058858468759
TMRWI001346,PH063022192,2021-01-01,Y,0.723997564786622,0.6938540346126849,0.6938540346126849,0.6637105044387479,0.0426293891897843
TMRWI001347,PH104305024,2021-01-01,Y,0.7372423200900164,0.7262262663641466,0.7262262663641466,0.7152102126382767,0.0155790525829558
TMRWI001348,PH097332041,2021-01-01,Y,0.4050362691057292,0.3575416164266749,0.3561456640113906,0.3224114153979231,0.0149762434251428
TMRWI001349,PH083747067,2021-01-01,Y,0.7002695976560499,0.6902384329834275,0.6902384329834275,0.6802072683108049,0.0141862091264205
TMRWI00134A,PH063022191,2021-01-01,Y,0.6923270542496053,0.6819323760771336,0.6819323760771336,0.6715376979046619,0.014700294848013
TMRWI00134B,PH104305008,2021-01-01,Y,0.775577712572238,0.7618685089553514,0.7618685089553514,0.748159305338465,0.0193877416843351
TMRWI00134C,PH072230006,2021-01-01,Y,0.7423105762416913,0.7191233024282973,0.7132882750660816,0.697193448261093,0.0216828475666403
TMRWI00134D,PH104305025,2021-01-01,Y,0.775577712572238,0.7338868965643555,0.7338868965643555,0.6921960805564729,0.0589597174247488
TMRWI00134E,PH083747056,2021-01-01,Y,0.6804988220919715,0.6804988220919715,0.6804988220919715,0.6804988220919715,
TMRWI00134F,PH063022189,2021-01-01,Y,0.7245957478819033,0.7174981514797882,0.7174981514797882,0.7104005550776731,0.0100375170921217
TMRWI001350,PH104305026,2021-01-01,Y,0.775577712572238,0.7350053710729091,0.7372423200900164,0.6921960805564729,0.0417358011194462
TMRWI001351,PH097332040,2021-01-01,Y,0.4995077565233777,0.361593616506901,0.3530355794247788,0.3293101108955247,0.0272376921071504
TMRWI001352,PH083747068,2021-01-01,Y,0.7034552779289573,0.7018624377925036,0.7018624377925036,0.7002695976560499,0.002252616123665
TMRWI001353,PH097332052,2021-01-01,Y,0.6913705577406468,0.5699944573220677,0.5366843612262026,0.5157323937984306,0.0725999433120951
TMRWI001354,PH063022188,2021-01-01,Y,0.7067598936561242,0.6933919752965991,0.6955472180161124,0.6757135714980477,0.0129803374610169
TMRWI001355,PH072230004,2021-01-01,Y,0.739402806424252,0.6846447595720442,0.6757827729939117,0.6223786103754514,0.0371017627562547
TMRWI001356,PH104305020,2021-01-01,Y,0.7400059352273196,0.7134031655166698,0.7131930416471539,0.6921960805564729,0.0172041246793912
TMRWI001357,PH083747064,2021-01-01,Y,0.6802072683108049,0.6802072683108049,0.6802072683108049,0.6802072683108049,
TMRWI001358,PH097332044,2021-01-01,Y,0.6202733523955659,0.5216291398933761,0.5190960873372792,0.4412685732279571,0.0452604108054516
TMRWI001359,PH097332048,2021-01-01,Y,0.6304149254978926,0.5318150949551013,0.5261098403208246,0.4122205722203469,0.0585659293222014
TMRWI00135A,PH083747060,2021-01-01,Y,0.7192136975024315,0.6855845483177193,0.6802072683108049,0.6573326791399219,0.0312889990827428
TMRWI00135B,PH063022202,2021-01-01,Y,0.7277967271763722,0.7114608348857225,0.7212597293384918,0.6853260481423036,0.0228681742554166
TMRWI00135C,PH104305014,2021-01-01,Y,0.7667610087897302,0.7533834720085248,0.7533834720085248,0.7400059352273196,0.0189186939471254
TMRWI00135D,PH083747059,2021-01-01,Y,0.7192136975024315,0.7192136975024315,0.7192136975024315,0.7192136975024315,
TMRWI00135E,PH097332049,2021-01-01,Y,0.3560026698606813,0.3148994129061308,0.316491896194779,0.2706111893742839,0.0349450513870693
TMRWI00135F,PH063022201,2021-01-01,Y,0.7177265704691963,0.6879992959865271,0.6912193169322947,0.6517430642596497,0.0232939209396851
TMRWI001360,PH097332047,2021-01-01,Y,0.6322464128164961,0.5472734851700524,0.5376624303913304,0.4771957109474912,0.0502134596189305
TMRWI001361,PH104305012,2021-01-01,Y,0.775577712572238,0.7576259904819382,0.7574601570640975,0.7400059352273196,0.0163889938706083
TMRWI001362,PH104305015,2021-01-01,Y,0.7667610087897302,0.7533834720085248,0.7533834720085248,0.7400059352273196,0.0189186939471254
TMRWI001363,PH072230002,2021-01-01,Y,0.7753931305792082,0.7329443281161903,0.7257011837198717,0.7049818144458095,0.0335943452500148
TMRWI001364,PH083747061,2021-01-01,Y,0.644727698335512,0.5891092985819004,0.58052502169351,0.5491136905483394,0.0351748831422459
TMRWI001365,PH063022200,2021-01-01,Y,0.7245957478819033,0.6944141803504916,0.6944141803504916,0.66423261281908,0.0426831821366018
TMRWI001366,PH104305016,2021-01-01,Y,0.7152102126382767,0.7152102126382767,0.7152102126382767,0.7152102126382767,
TMRWI001367,PH104305027,2021-01-01,Y,0.775577712572238,0.7315948064000107,0.729302716235666,0.6921960805564729,0.0347531178784494
TMRWI001368,PH097332046,2021-01-01,Y,0.5397713809990752,0.4908737550317351,0.5139213417829839,0.420575445398237,0.0411070844746064
TMRWI001369,PH063022199,2021-01-01,Y,0.6807212500063105,0.6374927465834342,0.6465671155507908,0.581092482208923,0.0378586853545874
TMRWI00136A,PH104305017,2021-01-01,Y,0.7477327880017675,0.7353967495114484,0.7353967495114484,0.7230607110211292,0.0174457929389657
TMRWI00136B,PH104305011,2021-01-01,Y,0.7667610087897302,0.7574601570640975,0.7574601570640975,0.748159305338465,0.0131533906520108
TMRWI00136C,PH072230003,2021-01-01,Y,0.8091002405728976,0.7700691059401401,0.7685758500309211,0.7343394850147115,0.022929161036517
TMRWI00136D,PH063022198,2021-01-01,Y,0.6853260481423036,0.6853260481423036,0.6853260481423036,0.6853260481423036,
TMRWI00136E,PH104305018,2021-01-01,Y,0.7477327880017675,0.7304629148244607,0.7304629148244607,0.7131930416471539,0.0244232888678105
TMRWI00136F,PH097332045,2021-01-01,Y,0.6556550212208253,0.5715838691121551,0.5480293905958495,0.4707010440651536,0.0638673751417289
TMRWI001370,PH083747063,2021-01-01,Y,0.7192136975024315,0.7009587479140645,0.7034552779289573,0.6802072683108049,0.0196226877913498
TMRWI001371,PH083747058,2021-01-01,Y,0.6804988220919715,0.6804988220919715,0.6804988220919715,0.6804988220919715,
TMRWI001372,PH097332050,2021-01-01,Y,0.4978991745277149,0.4201331143797617,0.4194613415193916,0.3527226238272513,0.0318168314591702
TMRWI001373,PH063022197,2021-01-01,Y,0.7245957478819033,0.7205799577449487,0.7205799577449487,0.716564167607994,0.0056791848753253
TMRWI001374,PH104305019,2021-01-01,Y,0.7477327880017675,0.7309981189743425,0.7315333231242245,0.7131930416471539,0.0157184936168382
TMRWI001375,PH104305010,2021-01-01,Y,0.775577712572238,0.7634993422334778,0.7667610087897302,0.748159305338465,0.013997182407627
TMRWI001376,PH063022196,2021-01-01,Y,0.7174287176650899,0.6984645448544868,0.7026706377597403,0.6645359563096531,0.0179097163666124
TMRWI001377,PH083747062,2021-01-01,Y,0.7192136975024315,0.6997104829066182,0.6997104829066182,0.6802072683108049,0.027581710591272
TMRWI001378,PH083747096,2021-01-01,Y,0.7192136975024315,0.6909807951804923,0.6963960088991236,0.6573326791399219,0.0312939053668465
TMRWI001379,PH104305007,2021-01-01,Y,0.748159305338465,0.748159305338465,0.748159305338465,0.748159305338465,
TMRWI00137A,PH097332039,2021-01-01,Y,0.3980986453375797,0.3175164715698391,0.3264788222069344,0.2071745852363273,0.053736593271403
TMRWI00137B,PH104305035,2021-01-01,Y,0.775577712572238,0.744047387659749,0.7427008127142407,0.7152102126382767,0.0250928998186825
TMRWI00137C,PH097332034,2021-01-01,Y,0.4240509675129455,0.3604378729206692,0.3742916527710238,0.2557014945766352,0.0475470923368455
TMRWI00137D,PH083747074,2021-01-01,Y,0.7002695976560499,0.6887964884088323,0.687208766943654,0.6804988220919715,0.0083106376499004
TMRWI00137E,PH063022177,2021-01-01,Y,0.7212627352415397,0.6351826527039005,0.6533791740152239,0.5481949207672085,0.0557126920294733
TMRWI00137F,PH104305036,2021-01-01,Y,0.748159305338465,0.7316847589883708,0.7316847589883708,0.7152102126382767,0.0232985268822473
TMRWI001380,PH104305003,2021-01-01,Y,0.7452686993149836,0.6685486322100191,0.6748643286365561,0.510788996087068,0.0527989747931447
TMRWI001381,PH072230011,2021-01-01,Y,0.7351837083507428,0.7096176192646134,0.7246565623499905,0.6718345387877069,0.0280081357789938
TMRWI001382,PH063022176,2021-01-01,Y,0.7611016409708543,0.7088167848266966,0.7117369515124231,0.6574971795223842,0.0376109062424962
TMRWI001383,PH104305037,2021-01-01,Y,0.6893357870802186,0.627914489539261,0.6558654835054596,0.510788996087068,0.0658001964939609
TMRWI001384,PH097332033,2021-01-01,Y,0.5198720461408279,0.3906405199489459,0.3520719104184169,0.3296653599129335,0.0629203554635058
TMRWI001385,PH083747075,2021-01-01,Y,0.6862936512577162,0.6833962366748438,0.6833962366748438,0.6804988220919715,0.0040975629989156
TMRWI001386,PH083747053,2021-01-01,Y,0.6804988220919715,0.6804988220919715,0.6804988220919715,0.6804988220919715,
TMRWI001387,PH097332055,2021-01-01,Y,0.4938960116971059,0.4027234874785012,0.3960571397221369,0.2824058162576798,0.0514942488279714
TMRWI001388,PH063022175,2021-01-01,Y,0.7093307644194456,0.6778083398767083,0.6766679009373031,0.6431531746026669,0.0204147163388685
TMRWI001389,PH104305038,2021-01-01,Y,0.5251091771401473,0.3921755206701172,0.3844381632387229,0.2832085647349617,0.0655970918598679
TMRWI00138A,PH097332032,2021-01-01,Y,0.5647365088454098,0.3598493110595187,0.3553673513335805,0.2134615325007998,0.0598324729429782
TMRWI00138B,PH083747076,2021-01-01,Y,0.7002695976560499,0.6941967401428207,0.6941967401428207,0.6881238826295916,0.008588317457568
TMRWI00138C,PH063022174,2021-01-01,Y,0.7611016409708543,0.7231101492096665,0.7338142257145319,0.6637105044387479,0.0424010983204556
TMRWI00138D,PH104305039,2021-01-01,Y,0.4292339972443582,0.2978315650823291,0.3059213557858605,0.2077635073741885,0.0493525458563601
TMRWI00138E,PH104305002,2021-01-01,Y,0.6869454085777409,0.5498211519459028,0.5361973123610663,0.4849591400801294,0.0469044424319606
TMRWI00138F,PH072230012,2021-01-01,Y,0.7742793809216824,0.7335390633004473,0.7274475289171485,0.7049818144458095,0.0335808425738903
TMRWI001390,PH063022173,2021-01-01,Y,0.7185966481958123,0.6706737198609874,0.6930044205818924,0.5780893900843528,0.0630125792080808
TMRWI001391,PH097332031,2021-01-01,Y,0.7002826059483582,0.6372009640046555,0.6404590390474948,0.55584678866462,0.0448205050478812
TMRWI001392,PH083747077,2021-01-01,Y,0.7002695976560499,0.6915623771811191,0.6881238826295916,0.6862936512577162,0.0075959991454671
TMRWI001393,PH104305040,2021-01-01,Y,0.7068905805290391,0.619101124974113,0.6261704809691869,0.5382498347611928,0.0545573986048172
TMRWI001394,PH063022172,2021-01-01,Y,0.7335997835117155,0.7025687407081886,0.7025687407081886,0.6715376979046619,0.0438845215873276
TMRWI001395,PH104305041,2021-01-01,Y,0.6348982125510095,0.4974873962666395,0.4674130472162365,0.4165144995289595,0.0774532172357587
TMRWI001396,PH083747052,2021-01-01,Y,0.6804988220919715,0.6804988220919715,0.6804988220919715,0.6804988220919715,
TMRWI001397,PH097332056,2021-01-01,Y,0.3860189217014811,0.3860189217014811,0.3860189217014811,0.3860189217014811,
TMRWI001398,PH063022178,2021-01-01,Y,0.7220768048096353,0.7094945359710505,0.7118852686085291,0.6901281275783003,0.0123953135386229
TMRWI001399,PH072230010,2021-01-01,Y,0.7524822822481254,0.7389001102932723,0.7450863749487203,0.712945409027523,0.017795802599713
TMRWI00139A,PH104305004,2021-01-01,Y,0.5452430948086786,0.4576512235785191,0.4502637461724319,0.3565671222353291,0.0461546193733495
TMRWI00139B,PH104305034,2021-01-01,Y,0.748159305338465,0.7316847589883708,0.7316847589883708,0.7152102126382767,0.0232985268822473
TMRWI00139C,PH083747069,2021-01-01,Y,0.7034552779289573,0.6890689789182798,0.6941967401428207,0.6644271574585201,0.0177062327179166
TMRWI00139D,PH063022187,2021-01-01,Y,0.744611152761785,0.6376849555586477,0.6135369930238818,0.5621882422647877,0.0788183085358993
TMRWI00139E,PH104305028,2021-01-01,Y,0.7213631123813156,0.7067795964688942,0.7067795964688942,0.6921960805564729,0.0206242059904301
TMRWI00139F,PH083747055,2021-01-01,Y,0.6804988220919715,0.6804988220919715,0.6804988220919715,0.6804988220919715,
TMRWI0013A0,PH097332053,2021-01-01,Y,0.5816199195773529,0.4882332012031948,0.4868362428984139,0.3961117053490116,0.0553576321873637
TMRWI0013A1,PH063022186,2021-01-01,Y,0.723997564786622,0.723997564786622,0.723997564786622,0.723997564786622,
TMRWI0013A2,PH104305029,2021-01-01,Y,0.7372423200900164,0.729302716235666,0.729302716235666,0.7213631123813156,0.011228295450692
TMRWI0013A3,PH097332038,2021-01-01,Y,0.4418512062802645,0.3765321969548577,0.3871206133974199,0.2663503719268749,0.0415800972660524
TMRWI0013A4,PH083747070,2021-01-01,Y,0.7002695976560499,0.7002695976560499,0.7002695976560499,0.7002695976560499,
TMRWI0013A5,PH063022185,2021-01-01,Y,0.7335997835117155,0.7287986741491688,0.7287986741491688,0.723997564786622,0.00678979397495
TMRWI0013A6,PH104305006,2021-01-01,Y,0.748159305338465,0.748159305338465,0.748159305338465,0.748159305338465,
TMRWI0013A7,PH072230008,2021-01-01,Y,0.7351837083507428,0.7294584273393895,0.7285350113174351,0.7246565623499905,0.0053239762952599
TMRWI0013A8,PH104305030,2021-01-01,Y,0.7372423200900164,0.7372423200900164,0.7372423200900164,0.7372423200900164,
TMRWI0013A9,PH097332037,2021-01-01,Y,0.50581033909196,0.4337058438104994,0.4273343019299,0.3675129370618634,0.0389101073714224
TMRWI0013AA,PH072230007,2021-01-01,Y,0.7690569594902179,0.7118954934725429,0.7065263210758249,0.6718345387877069,0.0293227297997588
TMRWI0013AB,PH063022183,2021-01-01,Y,0.7177265704691963,0.6398392024322143,0.6498785278439917,0.5705162473041914,0.0519897751975583
TMRWI0013AC,PH083747071,2021-01-01,Y,0.7002695976560499,0.6902384329834275,0.6902384329834275,0.6802072683108049,0.0141862091264205
TMRWI0013AD,PH104305005,2021-01-01,Y,0.7248355872101133,0.6704357600116002,0.6815838202444178,0.5195872519797,0.0477808415430344
TMRWI0013AE,PH063022182,2021-01-01,Y,0.70348074861967,0.6865799512259969,0.6865799512259969,0.6696791538323238,0.0239013368890523
TMRWI0013AF,PH104305032,2021-01-01,Y,0.775577712572238,0.7564100163311271,0.7564100163311271,0.7372423200900164,0.0271072159836266
TMRWI0013B0,PH097332036,2021-01-01,Y,0.4325203996670866,0.322462378590786,0.3239950846545714,0.2105917975245776,0.0488767111109887
TMRWI0013B1,PH083747072,2021-01-01,Y,0.7002695976560499,0.6903842098740107,0.6903842098740107,0.6804988220919715,0.013980049470677
TMRWI0013B2,PH072230009,2021-01-01,Y,0.7753931305792082,0.7397548515061897,0.7442992489245803,0.6916159918627436,0.0319531774795546
TMRWI0013B3,PH063022181,2021-01-01,Y,0.7117369515124231,0.7050883736954385,0.7050883736954385,0.6984397958784538,0.0094025089192725
TMRWI0013B4,PH104305033,2021-01-01,Y,0.748159305338465,0.7316847589883708,0.7316847589883708,0.7152102126382767,0.0232985268822473
TMRWI0013B5,PH083747054,2021-01-01,Y,0.7002695976560499,0.6903842098740107,0.6903842098740107,0.6804988220919715,0.013980049470677
TMRWI0013B6,PH097332054,2021-01-01,Y,0.4261573934707718,0.3548485145028866,0.3490024662457789,0.2978226931011372,0.0325333036738754
TMRWI0013B7,PH097332035,2021-01-01,Y,0.4325203996670866,0.3291989463682981,0.3262551007848052,0.2432201714866631,0.0554624629730922
TMRWI0013B8,PH083747073,2021-01-01,Y,0.7002695976560499,0.6903842098740107,0.6903842098740107,0.6804988220919715,0.013980049470677
TMRWI0013B9,PH063022179,2021-01-01,Y,0.7098351211771475,0.6599716677852097,0.6588505370758763,0.5836413239115743,0.035517187257172
TMRWI0013BA,PH104305031,2021-01-01,Y,0.7152102126382767,0.7152102126382767,0.7152102126382767,0.7152102126382767,
TMRWI0013BB,PH104305071,2021-01-01,Y,0.4231178997220086,0.3135610855363488,0.3178942264004371,0.2282434140410869,0.0443905566915962
TMRWI0013BC,PH097332062,2021-01-01,Y,0.6946509905256153,0.6631745898412301,0.6540174709096129,0.6500124270200793,0.0212762220951647
TMRWI0013BD,PH097332096,2021-01-01,Y,0.371205276871424,0.3241160810395475,0.3379984549267161,0.2140151254147349,0.0367538154874508
TMRWI0013BE,PH083747115,2021-01-01,Y,0.7108113607037513,0.6675847334312301,0.6795257245930506,0.5705066397675097,0.0493088337340479
TMRWI0013BF,PH063022106,2021-01-01,Y,0.6989946849289421,0.6820985468745003,0.6790825508338757,0.6730797679685513,0.00982935648687
TMRWI0013C0,PH112402020,2021-01-01,Y,0.7752554444640971,0.7114058272826346,0.717966675962754,0.5824310477288335,0.0403797338125677
TMRWI0013C1,PH083747018,2021-01-01,Y,0.5937258388605424,0.5379993930329718,0.5491136905483394,0.4918336859923889,0.0348777456231755
TMRWI0013C2,PH083747037,2021-01-01,Y,0.6802072683108049,0.6802072683108049,0.6802072683108049,0.6802072683108049,
TMRWI0013C3,PH097332071,2021-01-01,Y,0.6753015228831493,0.634751066467708,0.6474797997970878,0.5441556776012537,0.0420293760109929
TMRWI0013C4,PH063022105,2021-01-01,Y,0.7115903509991136,0.6973603223829411,0.7067598936561242,0.6737307224935857,0.0206058686478848
TMRWI0013C5,PH112402021,2021-01-01,Y,0.7645986215576259,0.7165080517143804,0.7188451813525797,0.6371701071511522,0.0258260098219298
TMRWI0013C6,PH083747141,2021-01-01,Y,0.6862936512577162,0.6833962366748438,0.6833962366748438,0.6804988220919715,0.0040975629989156
TMRWI0013C7,PH083747116,2021-01-01,Y,0.7215122532125426,0.6694315529022128,0.6928536593143995,0.5705066397675097,0.0688977164582126
TMRWI0013C8,PH063022104,2021-01-01,Y,0.7245957478819033,0.7242966563342627,0.7242966563342627,0.723997564786622,0.0004229793230645
TMRWI0013C9,PH097332084,2021-01-01,Y,0.5772677231347366,0.4551293704040227,0.4521632303982537,0.3246609304149948,0.0549468330429198
TMRWI0013CA,PH112402022,2021-01-01,Y,0.571343591538607,0.5088476931090627,0.5045277580269815,0.4232900423349264,0.0384651951147636
TMRWI0013CB,PH083747142,2021-01-01,Y,0.6862936512577162,0.6862936512577162,0.6862936512577162,0.6862936512577162,
TMRWI0013CC,PH083747140,2021-01-01,Y,0.6862936512577162,0.6833962366748438,0.6833962366748438,0.6804988220919715,0.0040975629989156
TMRWI0013CD,PH063022103,2021-01-01,Y,0.7212597293384918,0.6905799257732481,0.6838517421772536,0.6733564893999932,0.0211307181385912
TMRWI0013CE,PH112402023,2021-01-01,Y,0.7504948623818865,0.6666753078331668,0.6708294192936238,0.5728273512388782,0.0435551838099784
TMRWI0013CF,PH083747036,2021-01-01,Y,0.7267515782671177,0.7267515782671177,0.7267515782671177,0.7267515782671177,
TMRWI0013D0,PH083747117,2021-01-01,Y,0.7108113607037513,0.6854677134628993,0.6783555969897566,0.664904725286374,0.0164440175385275
TMRWI0013D1,PH063022102,2021-01-01,Y,0.6745009345283373,0.6693667736737086,0.6693667736737086,0.66423261281908,0.0072607999120209
TMRWI0013D2,PH112402024,2021-01-01,Y,0.5591239891673443,0.4566469077976286,0.4587974958968671,0.4016781181276217,0.0365177551473218
TMRWI0013D3,PH083747139,2021-01-01,Y,0.7192136975024315,0.7007864603495609,0.7018624377925036,0.6802072683108049,0.016025562375698
TMRWI0013D4,PH083747118,2021-01-01,Y,0.6770678214260129,0.6770678214260129,0.6770678214260129,0.6770678214260129,
TMRWI0013D5,PH097332072,2021-01-01,Y,0.6753015228831493,0.5719017717916134,0.5905390197105899,0.425692735524121,0.0743856386199857
TMRWI0013D6,PH097332083,2021-01-01,Y,0.5337584107864184,0.4263312845267362,0.422339183798241,0.335633493466235,0.0458618596415684
TMRWI0013D7,PH063022101,2021-01-01,Y,0.7212597293384918,0.710127207133717,0.710127207133717,0.6989946849289421,0.0157437638854121
TMRWI0013D8,PH112402026,2021-01-01,Y,0.6946586892056841,0.5926306056024478,0.580308462829192,0.5092996523142237,0.0549282165382042
TMRWI0013D9,PH083747020,2021-01-01,Y,0.5416311739527351,0.489715687256134,0.498254601906325,0.4150164822772917,0.0460804714891348
TMRWI0013DA,PH083747019,2021-01-01,Y,0.5638312530972055,0.5100315684445961,0.5024769090942338,0.4484155069319936,0.0339052486471601
TMRWI0013DB,PH097332085,2021-01-01,Y,0.672738632164059,0.5591090820563325,0.5451682576767094,0.4367371903778937,0.0673927550073696
TMRWI0013DC,PH112402019,2021-01-01,Y,0.675057059486292,0.5534675128887645,0.5306852935902076,0.4680594453995065,0.0592072101287122
TMRWI0013DD,PH063022107,2021-01-01,Y,0.7167944642504872,0.6688546397824973,0.6745009345283373,0.6152685205686673,0.0509979391092296
TMRWI0013DE,PH112402012,2021-01-01,Y,0.7272093982979426,0.607670336851853,0.6082367687717808,0.5346154814724416,0.0542687836802766
TMRWI0013DF,PH097332069,2021-01-01,Y,0.5341795442028816,0.4023718557892068,0.3905960307394748,0.2803886984777534,0.0644371802927025
TMRWI0013E0,PH097332088,2021-01-01,Y,0.5027494745706838,0.3866983233975829,0.3661447680220174,0.3386380859228841,0.0441481458352047
TMRWI0013E1,PH063022114,2021-01-01,Y,0.7436308866424417,0.7061102633724704,0.699964332115599,0.6733564893999932,0.0260920382055228
TMRWI0013E2,PH112402013,2021-01-01,Y,0.5788170668422408,0.4618887029344913,0.4634648033985846,0.3688921866816971,0.0440728246535111
TMRWI0013E3,PH083747013,2021-01-01,Y,0.7267515782671177,0.7267515782671177,0.7267515782671177,0.7267515782671177,
TMRWI0013E4,PH083747147,2021-01-01,Y,0.7180380202158161,0.7032138101081999,0.7006564440890567,0.6909469660197273,0.0137253923470608
TMRWI0013E5,PH083747110,2021-01-01,Y,0.7367219806648528,0.7067555233019671,0.7053946515431836,0.6748959579250475,0.0287835410465962
TMRWI0013E6,PH063022113,2021-01-01,Y,0.7167944642504872,0.6950897939007334,0.6939739829233758,0.6745009345283373,0.0211688317980111
TMRWI0013E7,PH112402014,2021-01-01,Y,0.6754813672590716,0.5583185320125164,0.5383372850991697,0.4824061130152684,0.0570424669358722
TMRWI0013E8,PH097332087,2021-01-01,Y,0.7096808661918038,0.6676081041189983,0.6668113125420865,0.6268445012304854,0.0247782764625423
TMRWI0013E9,PH083747146,2021-01-01,Y,0.7188144538900435,0.7125029727316387,0.7180380202158161,0.7006564440890567,0.0102667372116099
TMRWI0013EA,PH063022112,2021-01-01,Y,0.730982095471036,0.6995618599418477,0.686206283624059,0.6814972007304483,0.0273124013216884
TMRWI0013EB,PH112402015,2021-01-01,Y,0.5652699666175941,0.4899822258344433,0.4956958183347508,0.384607291650577,0.0420103320880566
TMRWI0013EC,PH083747112,2021-01-01,Y,0.7367219806648528,0.7121360348559634,0.7347813986166633,0.664904725286374,0.0409150206820823
TMRWI0013ED,PH083747014,2021-01-01,Y,0.7267515782671177,0.6958192228899648,0.6804988220919715,0.6802072683108049,0.0267886021991759
TMRWI0013EE,PH083747038,2021-01-01,Y,0.7267515782671177,0.7034794232889613,0.7034794232889613,0.6802072683108049,0.0329117971957572
TMRWI0013EF,PH137603009,2021-01-01,Y,0.8018119261850468,0.7691290571956173,0.7709999951851573,0.726915763967558,0.0226040849462157
TMRWI0013F0,PH112402016,2021-01-01,Y,0.5625337045664401,0.49781848943979,0.4916399800039779,0.4471885654808857,0.0287262329699777
TMRWI0013F1,PH083747113,2021-01-01,Y,0.7367219806648528,0.7023404524981368,0.7053946515431836,0.664904725286374,0.0360059112005165
TMRWI0013F2,PH063022109,2021-01-01,Y,0.7029276948779121,0.7029276948779121,0.7029276948779121,0.7029276948779121,
TMRWI0013F3,PH097332070,2021-01-01,Y,0.6946509905256153,0.66458019986938,0.6690329229693052,0.6218878301188386,0.026367840604759
TMRWI0013F4,PH097332086,2021-01-01,Y,0.4905007278359197,0.4154697666050456,0.4087998240946258,0.335633493466235,0.0516727011848169
TMRWI0013F5,PH112402017,2021-01-01,Y,0.5867667162636855,0.5227042073262653,0.5188650572202601,0.4823427834994362,0.0224570585610302
TMRWI0013F6,PH083747015,2021-01-01,Y,0.7267515782671177,0.7034794232889613,0.7034794232889613,0.6802072683108049,0.0329117971957572
TMRWI0013F7,PH063022108,2021-01-01,Y,0.6975449480995064,0.6975449480995064,0.6975449480995064,0.6975449480995064,
TMRWI0013F8,PH112402018,2021-01-01,Y,0.5621618896371438,0.5260948885736896,0.5271718061384597,0.4887563076213426,0.0171382965145145
TMRWI0013F9,PH083747143,2021-01-01,Y,0.7155593807516368,0.7009265160046765,0.7009265160046765,0.6862936512577162,0.0206939957815224
TMRWI0013FA,PH083747114,2021-01-01,Y,0.7367219806648528,0.6961095389303007,0.6925094055234193,0.6626973640095112,0.0379284524671279
TMRWI0013FB,PH083747138,2021-01-01,Y,0.7109442426060697,0.7109442426060697,0.7109442426060697,0.7109442426060697,
TMRWI0013FC,PH083747119,2021-01-01,Y,0.6770678214260129,0.6612178663642065,0.6612178663642065,0.6453679113024003,0.0224152214114104
TMRWI0013FD,PH063022100,2021-01-01,Y,0.7277967271763722,0.7123587982170283,0.7181562087747186,0.6853260481423036,0.01875795693641
TMRWI0013FE,PH112402027,2021-01-01,Y,0.4739285121262511,0.4373411690542639,0.4426362050299167,0.3558955475789805,0.0255145160240118
TMRWI0013FF,PH083747124,2021-01-01,Y,0.742620258961729,0.6808435411187743,0.6983820970511181,0.5809466641949945,0.0512349287905386
TMRWI001400,PH063022092,2021-01-01,Y,0.711074215917094,0.6948937245146305,0.6948937245146305,0.678713233112167,0.0228826703872251
TMRWI001401,PH112402035,2021-01-01,Y,0.710283503311809,0.644383688279728,0.6507047995213189,0.5443256396306883,0.0450544712374918
TMRWI001402,PH097332079,2021-01-01,Y,0.4951268164121647,0.3935901661771731,0.3786554262728379,0.3268852391231038,0.0489315309529079
TMRWI001403,PH083747024,2021-01-01,Y,0.6028386395505997,0.5196871714276079,0.5223003096333971,0.3962171677989601,0.0556966362091282
TMRWI001404,PH083747032,2021-01-01,Y,0.644727698335512,0.5817289292264003,0.5698871333200658,0.5424137519299577,0.0443027154503328
TMRWI001405,PH063022091,2021-01-01,Y,0.70348074861967,0.7005128483595882,0.7005128483595882,0.6975449480995064,0.0041972447995782
TMRWI001406,PH112402036,2021-01-01,Y,0.6754813672590716,0.6663231941765857,0.6680973190672412,0.6495743500409625,0.0081616854277023
TMRWI001407,PH083747132,2021-01-01,Y,0.5382115594013352,0.4732924731388657,0.4864902159929065,0.3962171677989601,0.0430757643571296
TMRWI001408,PH083747125,2021-01-01,Y,0.7493941799317396,0.6886975754638552,0.7012334096057502,0.5739556016335432,0.0480638336208996
TMRWI001409,PH097332075,2021-01-01,Y,0.6913705577406468,0.6687723203610826,0.662457925364037,0.6500124270200793,0.0154231084954458
TMRWI00140A,PH063022090,2021-01-01,Y,0.7245957478819033,0.6944141803504916,0.6944141803504916,0.66423261281908,0.0426831821366018
TMRWI00140B,PH112402037,2021-01-01,Y,0.5713178727265228,0.5151041369341403,0.5213102907771112,0.4320642413022367,0.031609483827839
TMRWI00140C,PH097332078,2021-01-01,Y,0.4235269530433578,0.3423683238147463,0.344486990280633,0.2163052515501367,0.0391520867496858
TMRWI00140D,PH063022089,2021-01-01,Y,0.6939739829233758,0.6863436080177714,0.6863436080177714,0.678713233112167,0.010790979677497
TMRWI00140E,PH083747131,2021-01-01,Y,0.5907989145253757,0.5383207233411229,0.5443265235846346,0.483822369638726,0.0339097185451668
TMRWI00140F,PH083747127,2021-01-01,Y,0.6336236857931519,0.5727130837335708,0.573798616918249,0.5288611103084923,0.0270853832568449
TMRWI001410,PH112402038,2021-01-01,Y,0.3824701215482332,0.2966964455405388,0.3092568845543828,0.1543663963613297,0.0482779610572626
TMRWI001411,PH083747025,2021-01-01,Y,0.6028386395505997,0.5051282313758747,0.5241588683455897,0.326439318506432,0.0785364817939956
TMRWI001412,PH063022088,2021-01-01,Y,0.7277967271763722,0.719435471546733,0.719435471546733,0.711074215917094,0.011824601109904
TMRWI001413,PH112402039,2021-01-01,Y,0.4735782013385766,0.4099618336352344,0.3959889163904133,0.3552228164899299,0.0408935827322174
TMRWI001414,PH083747130,2021-01-01,Y,0.7313939842096847,0.7102981215237338,0.7201140857604648,0.682132097374375,0.0207436203077328
TMRWI001415,PH097332077,2021-01-01,Y,0.6946509905256153,0.6748780943587425,0.677235824570843,0.6503897377676688,0.0218796500399621
TMRWI001416,PH083747128,2021-01-01,Y,0.6803126830113198,0.6303530299227295,0.6504747548777439,0.5466389306886406,0.0519970800622941
TMRWI001417,PH063022087,2021-01-01,Y,0.7115903509991136,0.6857113672935853,0.6863436080177714,0.648837449852616,0.0233988317485629
TMRWI001418,PH112402040,2021-01-01,Y,0.7118493699773636,0.6700736664839453,0.6732338470962813,0.5905431195172572,0.0382577505801131
TMRWI001419,PH083747027,2021-01-01,Y,0.546257659463876,0.4758752612099496,0.4828801369478117,0.3692510532452835,0.0529925182686235
TMRWI00141A,PH097332076,2021-01-01,Y,0.7016178310899918,0.6560428119534298,0.6641876361656671,0.5441556776012537,0.0379682803979687
TMRWI00141B,PH083747129,2021-01-01,Y,0.6971960315513427,0.6674460116385952,0.6753011301075936,0.6316515560282762,0.0248132714594357
TMRWI00141C,PH083747133,2021-01-01,Y,0.676345943053166,0.6022273114273229,0.5882762284487415,0.5466389306886406,0.0437845957399578
TMRWI00141D,PH083747109,2021-01-01,Y,0.7367219806648528,0.7093458075711695,0.7235116064474744,0.6748959579250475,0.0281640525709205
TMRWI00141E,PH112402034,2021-01-01,Y,0.4159974223074472,0.301738066820181,0.3091037784786065,0.1340855855483703,0.0595239054398176
TMRWI00141F,PH083747023,2021-01-01,Y,0.5876330734221581,0.5445691299422992,0.5461562382092255,0.4782684546152004,0.0359931053563024
TMRWI001420,PH097332082,2021-01-01,Y,0.3801202436216315,0.3482922130107438,0.3473771935144981,0.3222969744386684,0.01348372881001
TMRWI001421,PH063022099,2021-01-01,Y,0.7212597293384918,0.7118939476206615,0.7136606881076061,0.6989946849289421,0.0093848622374517
TMRWI001422,PH083747035,2021-01-01,Y,0.7267515782671177,0.7034794232889613,0.7034794232889613,0.6802072683108049,0.0329117971957572
TMRWI001423,PH097332073,2021-01-01,Y,0.4915328958562578,0.3956989390220568,0.3988879213440333,0.3390057101674298,0.03300276526213
TMRWI001424,PH112402028,2021-01-01,Y,0.5599074513353401,0.4878210104875667,0.4967601579591256,0.3999985923233,0.0523935481068397
TMRWI001425,PH083747137,2021-01-01,Y,0.7267515782671177,0.6441080301189979,0.6357614696852818,0.5781576028383103,0.0713433086843335
TMRWI001426,PH083747120,2021-01-01,Y,0.7058321862659759,0.6636224114949298,0.6744412497183534,0.5802879765663254,0.0374197460544544
TMRWI001427,PH063022098,2021-01-01,Y,0.6727601291806163,0.6455149925269849,0.6567082649746875,0.5629461125206965,0.0369971949548632
TMRWI001428,PH112402029,2021-01-01,Y,0.5354017608216916,0.4328422311664911,0.4374967416673652,0.3483598462990962,0.0548543251162022
TMRWI001429,PH083747021,2021-01-01,Y,0.6140474640793289,0.561754902460069,0.5767138255326614,0.4889865265919371,0.0501574756046666
TMRWI00142A,PH097332081,2021-01-01,Y,0.5005677759747431,0.3643276879379366,0.3512569313086054,0.3288061281767998,0.0360267668803652
TMRWI00142B,PH063022097,2021-01-01,Y,0.70348074861967,0.6955822875477953,0.6955822875477953,0.6876838264759205,0.0111701107697212
TMRWI00142C,PH112402030,2021-01-01,Y,0.7235614234301796,0.637776097699037,0.6494788432909495,0.536430869117559,0.0460811404570676
TMRWI00142D,PH083747136,2021-01-01,Y,0.7493941799317396,0.6745998495528135,0.6995192705700874,0.5739556016335432,0.0590267166953867
TMRWI00142E,PH083747121,2021-01-01,Y,0.6810955776577949,0.6107762317060194,0.5968939135870754,0.5417724946969777,0.0495183618698125
TMRWI00142F,PH083747022,2021-01-01,Y,0.5075558830514616,0.4250920341709465,0.4096518045931242,0.400777736107775,0.0361636686174146
TMRWI001430,PH063022096,2021-01-01,Y,0.7277967271763722,0.7115144265750409,0.7119998505490854,0.6942612780256208,0.0139271360562628
TMRWI001431,PH112402031,2021-01-01,Y,0.7053291454176456,0.6556478402125036,0.6568069089932769,0.5753194805029437,0.032979065930165
TMRWI001432,PH083747135,2021-01-01,Y,0.7367219806648528,0.6981775210187625,0.6876948860270737,0.6626973640095112,0.0304513535386821
TMRWI001433,PH083747034,2021-01-01,Y,0.6802072683108049,0.6802072683108049,0.6802072683108049,0.6802072683108049,
TMRWI001434,PH083747122,2021-01-01,Y,0.7058321862659759,0.6393079503583324,0.6453679113024003,0.572170917456264,0.0477819412936664
TMRWI001435,PH063022095,2021-01-01,Y,0.7177265704691963,0.7098273061775073,0.7136606881076061,0.6942612780256208,0.0106138992425763
TMRWI001436,PH112402032,2021-01-01,Y,0.5347038380752254,0.4456060631505408,0.4582531860978624,0.3399186452925732,0.04201038440218
TMRWI001437,PH097332074,2021-01-01,Y,0.6913705577406468,0.523737852176067,0.4692473680555625,0.449771644884113,0.1001107082252626
TMRWI001438,PH097332080,2021-01-01,Y,0.6173795858757117,0.5067327794311555,0.5139213417829839,0.390221234681929,0.0670738616697076
TMRWI001439,PH063022094,2021-01-01,Y,0.7115903509991136,0.6631558184899813,0.661155443420013,0.5992281346970203,0.0369368955298049
TMRWI00143A,PH083747134,2021-01-01,Y,0.7235116064474744,0.6972281910144151,0.6924454587892082,0.671039544982074,0.019094424610488
TMRWI00143B,PH083747123,2021-01-01,Y,0.67547071532992,0.6145760693799889,0.6053313223668859,0.572170917456264,0.0480680900649869
TMRWI00143C,PH112402033,2021-01-01,Y,0.5648322832950778,0.5029109710624419,0.5009724081912352,0.4501818125679276,0.0303175251438458
TMRWI00143D,PH063022093,2021-01-01,Y,0.7093307644194456,0.6889164888525033,0.69493058659346,0.6564740178036479,0.0227688756136019
TMRWI00143E,PH083747148,2021-01-01,Y,0.721738006761694,0.7011272347834142,0.6971960315513427,0.6844476660372061,0.0189534468362878
TMRWI00143F,PH083747145,2021-01-01,Y,0.7155593807516368,0.7081079124203468,0.7081079124203468,0.7006564440890567,0.010537967573704
TMRWI001440,PH083747039,2021-01-01,Y,0.7267515782671177,0.7036252001795447,0.7036252001795447,0.6804988220919715,0.0327056375400137
TMRWI001441,PH097332001,2021-01-01,Y,0.5416371226844209,0.4556957047045449,0.4218859202477874,0.4021431115861236,0.0585229448458652
TMRWI001442,PH083747101,2021-01-01,Y,0.6087369154666292,0.5982967433344955,0.5982967433344955,0.5878565712023618,0.014764633022773
TMRWI001443,PH063022127,2021-01-01,Y,0.7059537611936978,0.6965635157402172,0.6966848626713722,0.686930576424427,0.0094336495209992
TMRWI001444,PH104305079,2021-01-01,Y,0.7213631123813156,0.7089727233353433,0.7133589770682417,0.6921960805564729,0.0150701145557978
TMRWI001445,PH097332093,2021-01-01,Y,0.5647365088454098,0.4770633923078574,0.4696208127362666,0.4038311398352311,0.0476588747061468
TMRWI001446,PH083747155,2021-01-01,Y,0.666517189206471,0.5856223593277368,0.5647252699563887,0.5424137519299577,0.0455046590005912
TMRWI001447,PH083747102,2021-01-01,Y,0.742620258961729,0.6948979537391472,0.7152976197612247,0.6220307522716554,0.0469648671413086
TMRWI001448,PH063022126,2021-01-01,Y,0.716564167607994,0.6659163440883307,0.6659163440883307,0.6152685205686673,0.0716268389261869
TMRWI001449,PH104305080,2021-01-01,Y,0.7349347572107683,0.7281489347960419,0.7281489347960419,0.7213631123813156,0.0095966020907613
TMRWI00144A,PH083747006,2021-01-01,Y,0.7267515782671177,0.6359518483926436,0.6194491062325733,0.5781576028383103,0.0653679057452417
TMRWI00144B,PH083747042,2021-01-01,Y,0.7267515782671177,0.696931816581486,0.6903842098740107,0.6802072683108049,0.0219856983229275
TMRWI00144C,PH063022125,2021-01-01,Y,0.716564167607994,0.716564167607994,0.716564167607994,0.716564167607994,
TMRWI00144D,PH097332066,2021-01-01,Y,0.4307911568235895,0.3359646561341644,0.34379991061734,0.2064744988469057,0.0538071437956037
TMRWI00144E,PH097332092,2021-01-01,Y,0.7002826059483582,0.5957885193750394,0.6049828392323522,0.4878583382903454,0.0612328977053636
TMRWI00144F,PH063022115,2021-01-01,Y,0.7185966481958123,0.6539386747674871,0.6592151232929181,0.5780893900843528,0.0472993818914067
TMRWI001450,PH083747154,2021-01-01,Y,0.7002695976560499,0.6902384329834275,0.6902384329834275,0.6802072683108049,0.0141862091264205
TMRWI001451,PH083747103,2021-01-01,Y,0.7229325258421264,0.6867536326250022,0.7152976197612247,0.6220307522716554,0.0561815038837629
TMRWI001452,PH063022124,2021-01-01,Y,0.730982095471036,0.7030777911926205,0.6876838264759205,0.6814972007304483,0.0246929586712402
TMRWI001453,PH112402001,2021-01-01,Y,0.57921150579899,0.4812974983600521,0.4725333398662723,0.3964543509712415,0.0414959043989252
TMRWI001454,PH083747008,2021-01-01,Y,0.6803126830113198,0.6258863995747664,0.6284214082412195,0.5663900988053071,0.0605837448409008
TMRWI001455,PH083747041,2021-01-01,Y,0.7002695976560499,0.6902384329834275,0.6902384329834275,0.6802072683108049,0.0141862091264205
TMRWI001456,PH063022123,2021-01-01,Y,0.66423261281908,0.6397505666938736,0.6397505666938736,0.6152685205686673,0.0346228416649104
TMRWI001457,PH112402002,2021-01-01,Y,0.7341371663213159,0.7232704715203533,0.725466479736548,0.7080117602870015,0.0121576266532232
TMRWI001458,PH083747153,2021-01-01,Y,0.7267515782671177,0.7034794232889613,0.7034794232889613,0.6802072683108049,0.0329117971957572
TMRWI001459,PH083747104,2021-01-01,Y,0.7229325258421264,0.7191150728016755,0.7191150728016755,0.7152976197612247,0.005398693863528
TMRWI00145A,PH097332091,2021-01-01,Y,0.4031155053840953,0.3304943976334782,0.3268847719367047,0.1834978215379247,0.0449955631814631
TMRWI00145B,PH063022122,2021-01-01,Y,0.7167944642504872,0.6956476993894123,0.6956476993894123,0.6745009345283373,0.029906041666847
TMRWI00145C,PH104305078,2021-01-01,Y,0.7133589770682417,0.7027775288123572,0.7027775288123572,0.6921960805564729,0.0149644276330209
TMRWI00145D,PH112402003,2021-01-01,Y,0.6335417717147833,0.5464880226902398,0.5484179006837036,0.4670313264587872,0.0350754849172261
TMRWI00145E,PH063022128,2021-01-01,Y,0.7174287176650899,0.7045035354790293,0.7059537611936978,0.6901281275783003,0.0137079510044113
TMRWI00145F,PH083747100,2021-01-01,Y,0.6370311329045841,0.6067546034546524,0.6087369154666292,0.5781176454280316,0.0241410931150169
TMRWI001460,PH063022135,2021-01-01,Y,0.6877613839927283,0.6614919914660321,0.656932047339171,0.6431531746026669,0.013090110613473
TMRWI001461,PH104305072,2021-01-01,Y,0.3919235819570084,0.2670324176553396,0.2601901536536405,0.170023797484197,0.0545266427318966
TMRWI001462,PH097332010,2021-01-01,Y,0.6374971991247711,0.5344714557170698,0.5256645231836881,0.4687494724073562,0.0406716455144191
TMRWI001463,PH083747097,2021-01-01,Y,0.7192136975024315,0.6774933796115152,0.6768643440195228,0.6370311329045841,0.0371552668809403
TMRWI001464,PH072230025,2021-01-01,Y,0.7562842880981369,0.7004505223150015,0.6951983662225376,0.6704129814816084,0.0293251135723802
TMRWI001465,PH083747044,2021-01-01,Y,0.6802072683108049,0.6802072683108049,0.6802072683108049,0.6802072683108049,
TMRWI001466,PH063022134,2021-01-01,Y,0.6885343317940269,0.67220597271251,0.6716185855224142,0.6570523880111848,0.0133020836647941
TMRWI001467,PH104305073,2021-01-01,Y,0.7152102126382767,0.7152102126382767,0.7152102126382767,0.7152102126382767,
TMRWI001468,PH097332064,2021-01-01,Y,0.6716158187339338,0.6597578166018567,0.6576452040515569,0.6500124270200793,0.0109555457292789
TMRWI001469,PH097332005,2021-01-01,Y,0.5041886761869931,0.3680060053812612,0.3688615641994325,0.2518553151867566,0.0439480192845989
TMRWI00146A,PH083747098,2021-01-01,Y,0.6963960088991236,0.6635866069812099,0.6573326791399219,0.6370311329045841,0.0301725178854001
TMRWI00146B,PH063022133,2021-01-01,Y,0.7277967271763722,0.719435471546733,0.719435471546733,0.711074215917094,0.011824601109904
TMRWI00146C,PH104305074,2021-01-01,Y,0.748159305338465,0.748159305338465,0.748159305338465,0.748159305338465,
TMRWI00146D,PH097332095,2021-01-01,Y,0.3810475325708037,0.3018684727938298,0.3007195580204675,0.2147783291878802,0.0549119656305582
TMRWI00146E,PH072230026,2021-01-01,Y,0.7753931305792082,0.730927563954888,0.7449527409221405,0.6332207955870995,0.0417881493415992
TMRWI00146F,PH063022132,2021-01-01,Y,0.711074215917094,0.6895655916202434,0.6863436080177714,0.6745009345283373,0.0166009278004688
TMRWI001470,PH104305075,2021-01-01,Y,0.7400059352273196,0.7400059352273196,0.7400059352273196,0.7400059352273196,
TMRWI001471,PH097332004,2021-01-01,Y,0.6919734031160115,0.6238737028583169,0.6379374805047445,0.5441556776012537,0.0463167842514067
TMRWI001472,PH083747099,2021-01-01,Y,0.6573326791399219,0.6343669091703784,0.6370311329045841,0.6087369154666292,0.024407183938895
TMRWI001473,PH063022131,2021-01-01,Y,0.7277967271763722,0.6976452069835265,0.6895281091535251,0.6745009345283373,0.021463682990662
TMRWI001474,PH083747043,2021-01-01,Y,0.7002695976560499,0.6903842098740107,0.6903842098740107,0.6804988220919715,0.013980049470677
TMRWI001475,PH104305076,2021-01-01,Y,0.7400059352273196,0.7254198959652008,0.7230607110211292,0.7131930416471539,0.0135612363276942
TMRWI001476,PH097332065,2021-01-01,Y,0.6772908771392738,0.6138180104962924,0.6230273211271343,0.5276283454862052,0.0392724214240358
TMRWI001477,PH097332094,2021-01-01,Y,0.6925784825822273,0.6519707675948938,0.6512579313756415,0.6112596353153359,0.0221373400985392
TMRWI001478,PH063022129,2021-01-01,Y,0.6984397958784538,0.6810751501586009,0.6810751501586009,0.6637105044387479,0.0245573174828199
TMRWI001479,PH104305077,2021-01-01,Y,0.775577712572238,0.7545809843793408,0.748159305338465,0.7400059352273196,0.0186350826976197
TMRWI00147A,PH097332002,2021-01-01,Y,0.5780733081996225,0.5130289504760563,0.5226778954697082,0.3790871761381513,0.0577360981914107
TMRWI00147B,PH072230027,2021-01-01,Y,0.7132882750660816,0.6634356738791506,0.6827874960534573,0.5717263148648213,0.0469889023541078
TMRWI00147C,PH083747010,2021-01-01,Y,0.7267515782671177,0.635888388823523,0.6194491062325733,0.5781576028383103,0.0579133761075634
TMRWI00147D,PH104305081,2021-01-01,Y,0.7213631123813156,0.7213631123813156,0.7213631123813156,0.7213631123813156,
TMRWI00147E,PH083747107,2021-01-01,Y,0.7300441592957214,0.725778206254132,0.725778206254132,0.7215122532125426,0.0060329686478624
TMRWI00147F,PH112402005,2021-01-01,Y,0.7036211872591116,0.6543465818562364,0.6513126144977903,0.5628809614378455,0.0329880366218626
TMRWI001480,PH097332090,2021-01-01,Y,0.4370158888496619,0.3856287071620256,0.3851057878281833,0.3586458420655471,0.0262203627494318
TMRWI001481,PH083747106,2021-01-01,Y,0.7300441592957214,0.6740210174252579,0.7215122532125426,0.5705066397675097,0.0897475244324668
TMRWI001482,PH063022119,2021-01-01,Y,0.7185966481958123,0.706643018882086,0.7050883736954385,0.6977986799416547,0.0102364154265207
TMRWI001483,PH112402006,2021-01-01,Y,0.7053291454176456,0.6277341340544855,0.6367861667994562,0.5138213506609445,0.0522220833498492
TMRWI001484,PH083747011,2021-01-01,Y,0.7267515782671177,0.7267515782671177,0.7267515782671177,0.7267515782671177,
TMRWI001485,PH083747040,2021-01-01,Y,0.6802072683108049,0.6802072683108049,0.6802072683108049,0.6802072683108049,
TMRWI001486,PH083747150,2021-01-01,Y,0.7367219806648528,0.6928893119529385,0.6861133103825297,0.664904725286374,0.0234909990064903
TMRWI001487,PH083747152,2021-01-01,Y,0.7201140857604648,0.6618613912307207,0.665012605679685,0.5786901538565818,0.0463083621754427
TMRWI001488,PH083747151,2021-01-01,Y,0.7108113607037513,0.6892303154629623,0.6819836277600885,0.6748959579250475,0.0190227469411325
TMRWI001489,PH063022118,2021-01-01,Y,0.7335997835117155,0.7025687407081886,0.7025687407081886,0.6715376979046619,0.0438845215873276
TMRWI00148A,PH097332068,2021-01-01,Y,0.6913705577406468,0.662705910666003,0.6623152918687989,0.6348225011857676,0.0278376557349775
TMRWI00148B,PH097332089,2021-01-01,Y,0.4464757442002509,0.3887602921286009,0.3823541664301836,0.3476156129009293,0.0306829585545052
TMRWI00148C,PH063022117,2021-01-01,Y,0.6977986799416547,0.6475477178854879,0.6673710459418186,0.5780893900843528,0.0475460382070198
TMRWI00148D,PH112402009,2021-01-01,Y,0.5810139948857603,0.5279076696841112,0.5260031378091483,0.4996109427765552,0.0195968754188744
TMRWI00148E,PH083747149,2021-01-01,Y,0.7180380202158161,0.6928874932807851,0.6851930333664472,0.6795627152331133,0.0154846505807614
TMRWI00148F,PH083747108,2021-01-01,Y,0.7313939842096847,0.714461588660749,0.725778206254132,0.6748959579250475,0.0267374489730249
TMRWI001490,PH083747012,2021-01-01,Y,0.7267515782671177,0.7267515782671177,0.7267515782671177,0.7267515782671177,
TMRWI001491,PH063022116,2021-01-01,Y,0.7167944642504872,0.667699133041643,0.6693667736737086,0.6152685205686673,0.0417037246007088
TMRWI001492,PH112402010,2021-01-01,Y,0.7272093982979426,0.6565232941350045,0.661073151645276,0.5660767699870138,0.0390838071131408
TMRWI001493,PH112402007,2021-01-01,Y,0.5922061562915069,0.4919503114149134,0.4956081683465596,0.4026915890089631,0.044272684282719
TMRWI001494,PH063022120,2021-01-01,Y,0.7174287176650899,0.6785875677805789,0.6670849446242803,0.660933067063452,0.0232870685525076
TMRWI001495,PH072230001,2021-01-01,Y,0.7423105762416913,0.7105194534369598,0.7132882750660816,0.6827874960534573,0.0212382591057359
TMRWI001496,PH063022121,2021-01-01,Y,0.7115903509991136,0.6852296042503598,0.690245308074855,0.648837449852616,0.0295243149195901
TMRWI001497,PH097332067,2021-01-01,Y,0.5780733081996225,0.508001657143291,0.5017059882074707,0.4612321460220797,0.0419756128441494
TMRWI001498,PH083747105,2021-01-01,Y,0.742620258961729,0.6706938339123758,0.6740717843166762,0.5810068126772048,0.0493435998406132
TMRWI001499,PH112402004,2021-01-01,Y,0.4942728166001645,0.4456013045664146,0.4549703054282009,0.3777433315365082,0.0346736614219296
TMRWI00149A,PH112402177,2022-01-01,Y,0.526407984255341,0.3739858230261684,0.3677620767345261,0.2754965769516071,0.0540509530657102
TMRWI00149B,PH097332075,2022-01-01,Y,0.6862680775813281,0.6625657728964389,0.6532432781865449,0.644992205562338,0.0172476730625569
TMRWI00149C,PH083747053,2022-01-01,Y,0.6915646568261528,0.6915646568261528,0.6915646568261528,0.6915646568261528,
TMRWI00149D,PH050506023,2022-01-01,Y,0.7370257764038266,0.7005187578181093,0.7005187578181093,0.6640117392323921,0.0516287208057279
TMRWI00149E,PH112402182,2022-01-01,Y,0.8032409268824898,0.7395114214546114,0.7623128665070388,0.6792449667006979,0.0542537289384895
TMRWI00149F,PH083747045,2022-01-01,Y,0.6990076036904262,0.6974769287049232,0.6974769287049232,0.6959462537194202,0.0021647013240836
TMRWI0014A0,PH112402179,2022-01-01,Y,0.8032409268824898,0.7193608121322577,0.6997329869751928,0.6792449667006979,0.0505088457303624
TMRWI0014A1,PH097332062,2022-01-01,Y,0.6918640750012989,0.6655031905648205,0.6589167050669241,0.6523152771241351,0.0185926403633089
TMRWI0014A2,PH097332050,2022-01-01,Y,0.5174117741349769,0.4257037269053754,0.4199744012757281,0.3452879102735871,0.0367192075132181
TMRWI0014A3,PH112402178,2022-01-01,Y,0.4085304933613671,0.3761141664975465,0.3766206089102978,0.3293192105726905,0.0245283603945618
TMRWI0014A4,PH083747032,2022-01-01,Y,0.6183243899912726,0.5686578072237883,0.5565326411905236,0.5432415565228336,0.0347323806056518
TMRWI0014A5,PH050506022,2022-01-01,Y,0.7370257764038266,0.7100783291190724,0.7100783291190724,0.6831308818343181,0.0381094454214334
TMRWI0014A6,PH050506021,2022-01-01,Y,0.7684190731521096,0.731334015134946,0.7368930527766782,0.6831308818343181,0.0354056710064987
TMRWI0014A7,PH083747057,2022-01-01,Y,0.6915646568261528,0.6915646568261528,0.6915646568261528,0.6915646568261528,
TMRWI0014A8,PH083747043,2022-01-01,Y,0.6990076036904262,0.6952861302582896,0.6952861302582896,0.6915646568261528,0.0052629581997389
TMRWI0014A9,PH083747038,2022-01-01,Y,0.7148309301417755,0.7053885919305978,0.7053885919305978,0.6959462537194202,0.0133534827587611
TMRWI0014AA,PH112402174,2022-01-01,Y,0.6126094374571163,0.5415554073030234,0.536114045983721,0.5001237839891528,0.0313294464000367
TMRWI0014AB,PH050506007,2022-01-01,Y,0.7370754400405226,0.6944357873384893,0.6989213421341108,0.6473105798408345,0.0450502240064994
TMRWI0014AC,PH112402193,2022-01-01,Y,0.7476113861412961,0.6771262566371559,0.6856257434612631,0.6071958823646417,0.0378500299802176
TMRWI0014AD,PH050506027,2022-01-01,Y,0.7474007306607189,0.7365450034420888,0.7342812603205489,0.7302167624665388,0.0075608995862698
TMRWI0014AE,PH050506019,2022-01-01,Y,0.7093674319954162,0.6962491569148672,0.6962491569148672,0.6831308818343181,0.0185520425338533
TMRWI0014AF,PH083747036,2022-01-01,Y,0.7148309301417755,0.7148309301417755,0.7148309301417755,0.7148309301417755,
TMRWI0014B0,PH083747027,2022-01-01,Y,0.5497773482840154,0.4747270260813108,0.4817045645389732,0.3625918825536003,0.0547624759299261
TMRWI0014B1,PH083747058,2022-01-01,Y,0.6915646568261528,0.6915646568261528,0.6915646568261528,0.6915646568261528,
TMRWI0014B2,PH097332048,2022-01-01,Y,0.630408768523873,0.5324197980487733,0.5267849387716508,0.4082221072017202,0.0630813400465605
TMRWI0014B3,PH083747059,2022-01-01,Y,0.717910876743548,0.717910876743548,0.717910876743548,0.717910876743548,
TMRWI0014B4,PH097332063,2022-01-01,Y,0.6918640750012989,0.6410073839340495,0.6526562497529589,0.5493678805965232,0.0429688787618816
TMRWI0014B5,PH083747039,2022-01-01,Y,0.7148309301417755,0.7031977934839642,0.7031977934839642,0.6915646568261528,0.0164517396344163
TMRWI0014B6,PH097332057,2022-01-01,Y,0.3917545921000033,0.3421041461994524,0.3599062518475679,0.219839924800178,0.0499404652178462
TMRWI0014B7,PH097332071,2022-01-01,Y,0.6802215968367097,0.6163888183372798,0.618150334740553,0.5414728786677326,0.042059195238882
TMRWI0014B8,PH112402190,2022-01-01,Y,0.7459864739585893,0.7086926025780412,0.7210771038054443,0.6508778733364866,0.0354378611464845
TMRWI0014B9,PH097332068,2022-01-01,Y,0.6699836844441588,0.6601154614528773,0.6588498288259084,0.6527785037155337,0.0085104493786875
TMRWI0014BA,PH112402183,2022-01-01,Y,0.3946353145368935,0.3252194988209259,0.3341218638460278,0.1820325151616083,0.0437183901337115
TMRWI0014BB,PH112402173,2022-01-01,Y,0.7187286391012974,0.6906483937488247,0.6969371180564033,0.6562794240887736,0.0316960116415717
TMRWI0014BC,PH050506018,2022-01-01,Y,0.7684190731521096,0.7203057956606146,0.7093674319954162,0.6831308818343181,0.0436835752236369
TMRWI0014BD,PH112402188,2022-01-01,Y,0.4901758721462254,0.3615102095866355,0.3541270514371056,0.2837829893710315,0.0433032404807798
TMRWI0014BE,PH050506010,2022-01-01,Y,0.7552990328582451,0.7486272319653456,0.7527467110948091,0.737835951942983,0.0094322521163723
TMRWI0014BF,PH050506028,2022-01-01,Y,0.7370257764038266,0.7368930527766782,0.7368930527766782,0.7367603291495298,0.0001876995535605
TMRWI0014C0,PH083747050,2022-01-01,Y,0.6915646568261528,0.6915646568261528,0.6915646568261528,0.6915646568261528,
TMRWI0014C1,PH097332069,2022-01-01,Y,0.538153737120983,0.4018616373505871,0.3939199539178522,0.3024316141635698,0.0674210777937195
TMRWI0014C2,PH097332049,2022-01-01,Y,0.3751084212230817,0.3408217506920191,0.341731550107856,0.3047154813292827,0.036336597211452
TMRWI0014C3,PH050506005,2022-01-01,Y,0.7605984006501866,0.7398444209394558,0.7342812603205489,0.7302167624665388,0.0140080463565107
TMRWI0014C4,PH097332064,2022-01-01,Y,0.6652994143434641,0.6542752052320621,0.6525339957903842,0.644992205562338,0.0102649666273155
TMRWI0014C5,PH097332054,2022-01-01,Y,0.3893037113569758,0.3330328070385799,0.33487312991065,0.2572752909792285,0.0341723743904007
TMRWI0014C6,PH112402186,2022-01-01,Y,0.7283031087751053,0.6857206643419007,0.68284482009309,0.6508778733364866,0.0294888185400123
TMRWI0014C7,PH050506012,2022-01-01,Y,0.7527467110948091,0.7435469784958292,0.7424818780311583,0.7390892107752335,0.0053395585844295
TMRWI0014C8,PH112402194,2022-01-01,Y,0.730292240469193,0.698938823477147,0.707292590051454,0.6508778733364866,0.0379268871713721
TMRWI0014C9,PH112402184,2022-01-01,Y,0.5003443495731402,0.4041997519412885,0.4068888060998856,0.3158920933440204,0.0386358472967791
TMRWI0014CA,PH083747051,2022-01-01,Y,0.6915646568261528,0.6915646568261528,0.6915646568261528,0.6915646568261528,
TMRWI0014CB,PH097332056,2022-01-01,Y,0.4049709605626907,0.4049709605626907,0.4049709605626907,0.4049709605626907,
TMRWI0014CC,PH097332053,2022-01-01,Y,0.5985565000490023,0.4872028975174178,0.4844353876145729,0.4103238620661631,0.0565137957238454
TMRWI0014CD,PH112402176,2022-01-01,Y,0.7247704946339022,0.6683692593964616,0.6670636502905471,0.5956603337613648,0.0346390508295572
TMRWI0014CE,PH097332070,2022-01-01,Y,0.6846579471250399,0.6401834486770499,0.6509232510359918,0.6081650608470242,0.0291970364774268
TMRWI0014CF,PH083747054,2022-01-01,Y,0.6990076036904262,0.6952861302582896,0.6952861302582896,0.6915646568261528,0.0052629581997389
TMRWI0014D0,PH112402185,2022-01-01,Y,0.730171772669638,0.7147882213788841,0.7122357479791512,0.7045096168875957,0.0109244870083279
TMRWI0014D1,PH097332052,2022-01-01,Y,0.6699836844441588,0.5704047192747106,0.5430054688055221,0.497569367821298,0.0603733155269077
TMRWI0014D2,PH083747055,2022-01-01,Y,0.6915646568261528,0.6915646568261528,0.6915646568261528,0.6915646568261528,
TMRWI0014D3,PH050506016,2022-01-01,Y,0.7474007306607189,0.7386544171006055,0.7355772338022204,0.7329852868388774,0.0076845980984084
TMRWI0014D4,PH097332067,2022-01-01,Y,0.5759863725486628,0.5070320744162563,0.50323965136183,0.4587924434227457,0.0433415290590855
TMRWI0014D5,PH083747041,2022-01-01,Y,0.6990076036904262,0.6974769287049232,0.6974769287049232,0.6959462537194202,0.0021647013240836
TMRWI0014D6,PH083747037,2022-01-01,Y,0.6959462537194202,0.6959462537194202,0.6959462537194202,0.6959462537194202,
TMRWI0014D7,PH083747035,2022-01-01,Y,0.7148309301417755,0.7053885919305978,0.7053885919305978,0.6959462537194202,0.0133534827587611
TMRWI0014D8,PH050506024,2022-01-01,Y,0.7280836152660598,0.69174207877759,0.6831308818343181,0.6640117392323921,0.03289248940435
TMRWI0014D9,PH083747052,2022-01-01,Y,0.6915646568261528,0.6915646568261528,0.6915646568261528,0.6915646568261528,
TMRWI0014DA,PH097332055,2022-01-01,Y,0.4986397850228516,0.3958175743892662,0.3846686270976973,0.3031272509436992,0.0517911359644871
TMRWI0014DB,PH083747047,2022-01-01,Y,0.7428934209395712,0.6946897991537491,0.7031977934839642,0.6294701887074969,0.0482791135381061
TMRWI0014DC,PH097332072,2022-01-01,Y,0.6802215968367097,0.5698256246875629,0.586913300901518,0.4302257109025343,0.0643669842898023
TMRWI0014DD,PH083747040,2022-01-01,Y,0.6959462537194202,0.6959462537194202,0.6959462537194202,0.6959462537194202,
TMRWI0014DE,PH050506009,2022-01-01,Y,0.7552990328582451,0.7540228719765271,0.7540228719765271,0.7527467110948091,0.0018047640266956
TMRWI0014DF,PH097332066,2022-01-01,Y,0.4456281724108901,0.3424732512628161,0.3388809480648774,0.2039762288641324,0.0644569406572395
TMRWI0014E0,PH097332060,2022-01-01,Y,0.489292586721983,0.3900423412414165,0.3753586059169626,0.3345505379548317,0.0447232933643136
TMRWI0014E1,PH112402191,2022-01-01,Y,0.4517058568021073,0.3573645106620262,0.357764402810596,0.279928916859943,0.0395165025335908
TMRWI0014E2,PH083747049,2022-01-01,Y,0.6915646568261528,0.6915646568261528,0.6915646568261528,0.6915646568261528,
TMRWI0014E3,PH050506026,2022-01-01,Y,0.7370257764038266,0.7005187578181093,0.7005187578181093,0.6640117392323921,0.0516287208057279
TMRWI0014E4,PH112402175,2022-01-01,Y,0.4932398867301785,0.4121347067069605,0.410833809209416,0.3101571641340173,0.0440554512511539
TMRWI0014E5,PH112402181,2022-01-01,Y,0.7664762758550279,0.7308547079840075,0.7305514026935298,0.7065779800914891,0.020189030093888
TMRWI0014E6,PH050506013,2022-01-01,Y,0.7527467110948091,0.7453436204276667,0.7424818780311583,0.7408022721570328,0.00646603298341
TMRWI0014E7,PH050506017,2022-01-01,Y,0.7684190731521096,0.7404953047166739,0.7393191120500079,0.7166723238672299,0.0165670405467854
TMRWI0014E8,PH050506015,2022-01-01,Y,0.7684190731521096,0.7228700079997207,0.7166723238672299,0.6831308818343181,0.0318888199595459
TMRWI0014E9,PH112402187,2022-01-01,Y,0.8032409268824898,0.7510996480736878,0.7483240242623329,0.7045096168875957,0.0430649146157734
TMRWI0014EA,PH097332058,2022-01-01,Y,0.3456079519610524,0.3216473900065963,0.3359260662150523,0.2498328050945269,0.026170032005895
TMRWI0014EB,PH083747044,2022-01-01,Y,0.6959462537194202,0.6959462537194202,0.6959462537194202,0.6959462537194202,
TMRWI0014EC,PH097332051,2022-01-01,Y,0.4819188891721485,0.4218472954160972,0.4235356216712631,0.3742783363182284,0.0314289476180486
TMRWI0014ED,PH083747056,2022-01-01,Y,0.6915646568261528,0.6915646568261528,0.6915646568261528,0.6915646568261528,
TMRWI0014EE,PH097332065,2022-01-01,Y,0.6559380906349598,0.6090047986681756,0.6107884619734973,0.5332823334721025,0.0332669835568451
TMRWI0014EF,PH083747046,2022-01-01,Y,0.6990076036904262,0.6952861302582896,0.6952861302582896,0.6915646568261528,0.0052629581997389
TMRWI0014F0,PH097332074,2022-01-01,Y,0.6860354083237955,0.5270530149052038,0.474420258684482,0.4467514682999972,0.0949125842158248
TMRWI0014F1,PH083747048,2022-01-01,Y,0.7148309301417755,0.7031977934839642,0.7031977934839642,0.6915646568261528,0.0164517396344163
TMRWI0014F2,PH097332061,2022-01-01,Y,0.6918640750012989,0.6312553171294021,0.6525339957903842,0.5493678805965232,0.0735926489476286
TMRWI0014F3,PH097332059,2022-01-01,Y,0.6866467572709434,0.5181445203736709,0.5234787086866775,0.3172984520467047,0.1039688831276293
TMRWI0014F4,PH097332073,2022-01-01,Y,0.4904397650461812,0.3919209848575323,0.3901207343915304,0.3091515137957312,0.0441369320661872
TMRWI0014F5,PH083747042,2022-01-01,Y,0.7148309301417755,0.7003373610944437,0.6974769287049232,0.6915646568261528,0.0101336726254796
TMRWI0014F6,PH050506008,2022-01-01,Y,0.7552990328582451,0.7313950675170175,0.7356799475378571,0.6989213421341108,0.0235694547491381
TMRWI0014F7,PH050506020,2022-01-01,Y,0.6831308818343181,0.6831308818343181,0.6831308818343181,0.6831308818343181,
TMRWI0014F8,PH050506025,2022-01-01,Y,0.7370257764038266,0.7030630031841492,0.705607248550189,0.6640117392323921,0.0351273477101952
TMRWI0014F9,PH112402189,2022-01-01,Y,0.4517483992159629,0.368522802318714,0.3717008516498528,0.2912312429661278,0.0429422417931812
TMRWI0014FA,PH050506011,2022-01-01,Y,0.7552990328582451,0.74067125838406,0.7408022721570328,0.7166723238672299,0.0153606097649456
TMRWI0014FB,PH112402192,2022-01-01,Y,0.8032409268824898,0.7367139883657339,0.7436366598094741,0.6508778733364866,0.0426004300207785
TMRWI0014FC,PH083747034,2022-01-01,Y,0.6959462537194202,0.6959462537194202,0.6959462537194202,0.6959462537194202,
TMRWI0014FD,PH112402180,2022-01-01,Y,0.5039869164096394,0.4270657742849028,0.4311454056036149,0.3285441877797186,0.0388655419962756
TMRWI0014FE,PH083747079,2022-01-01,Y,0.7208771571654005,0.7106137300748233,0.7058019660492322,0.7051620670098373,0.008894145233121
TMRWI0014FF,PH050506004,2022-01-01,Y,0.5223709650346785,0.3939246151209871,0.3889182968991322,0.3066950571373527,0.0484813481708353
TMRWI001500,PH083747154,2022-01-01,Y,0.6990076036904262,0.6974769287049232,0.6974769287049232,0.6959462537194202,0.0021647013240836
TMRWI001501,PH083747103,2022-01-01,Y,0.755104415959269,0.6928113282199885,0.7243494760796975,0.5989800926209992,0.0827024314169408
TMRWI001502,PH137503004,2022-01-01,Y,0.7621919155929323,0.7279707865656377,0.7529086497368137,0.6200616264597397,0.0605312468712742
TMRWI001503,PH015518020,2022-01-01,Y,0.7477714986230424,0.6557835540655588,0.6499795398197425,0.6005701012695558,0.0473171575093341
TMRWI001504,PH083747153,2022-01-01,Y,0.7148309301417755,0.7053885919305978,0.7053885919305978,0.6959462537194202,0.0133534827587611
TMRWI001505,PH083747104,2022-01-01,Y,0.755104415959269,0.7397269460194833,0.7397269460194833,0.7243494760796975,0.0217470265438295
TMRWI001506,PH083747152,2022-01-01,Y,0.7204226622071144,0.6579811798586179,0.6707467776206555,0.5684830554592252,0.0542661990646409
TMRWI001507,PH137503005,2022-01-01,Y,0.7585152520702523,0.7175365583161911,0.7135940745760505,0.6844428320424114,0.0338207449966791
TMRWI001508,PH015518019,2022-01-01,Y,0.6996838803427187,0.6034001504764752,0.5887694200319809,0.5285100810408719,0.0564787457264244
TMRWI001509,PH083747105,2022-01-01,Y,0.7577512390143372,0.673366020631625,0.678563896111612,0.5668457351835207,0.0629117019679175
TMRWI00150A,PH083747151,2022-01-01,Y,0.748759728178436,0.7152453206696658,0.7225657718085461,0.6744104620220154,0.0377113391191179
TMRWI00150B,PH137503006,2022-01-01,Y,0.7459718684553703,0.7459718684553703,0.7459718684553703,0.7459718684553703,
TMRWI00150C,PH083747102,2022-01-01,Y,0.7577512390143372,0.699558063759481,0.7184834991743249,0.5989800926209992,0.0591829398333782
TMRWI00150D,PH015518018,2022-01-01,Y,0.7556870222487215,0.7218285004485913,0.7272507434125729,0.6783726089422096,0.0287801869760241
TMRWI00150E,PH083747150,2022-01-01,Y,0.748759728178436,0.7171225283350853,0.7254392601779099,0.6710341938737987,0.0244872932631526
TMRWI00150F,PH137503007,2022-01-01,Y,0.7459718684553703,0.683016747457555,0.683016747457555,0.6200616264597397,0.0890319859359496
TMRWI001510,PH015518017,2022-01-01,Y,0.7484864292647301,0.6609751078810839,0.6583159094144719,0.545685718668261,0.0741288788357567
TMRWI001511,PH083747107,2022-01-01,Y,0.7386856547896002,0.7267591240923367,0.7267591240923367,0.7148325933950731,0.0168666614641291
TMRWI001512,PH083747149,2022-01-01,Y,0.7584377651953124,0.7238354172347075,0.7155417713508159,0.6953043016004061,0.0276877804384032
TMRWI001513,PH083747108,2022-01-01,Y,0.7541446453762636,0.7205183388957381,0.7267591240923367,0.6744104620220154,0.0347325201408819
TMRWI001514,PH137503008,2022-01-01,Y,0.7621919155929323,0.6884838739581434,0.6864851380982767,0.618773304043088,0.0798427509679335
TMRWI001515,PH015518016,2022-01-01,Y,0.6207606363536279,0.5703872569037002,0.5703889789219554,0.5415197044752569,0.0220698429917931
TMRWI001516,PH083747148,2022-01-01,Y,0.7510235629338198,0.7311512962085699,0.7471260240914837,0.6953043016004061,0.0311055134837084
TMRWI001517,PH083747109,2022-01-01,Y,0.7541446453762636,0.7148102438785106,0.7137105107615332,0.6744104620220154,0.0239064505185118
TMRWI001518,PH083747147,2022-01-01,Y,0.738726747803022,0.7250485587730795,0.7208771571654005,0.7155417713508159,0.0121423320166164
TMRWI001519,PH137503009,2022-01-01,Y,0.7621919155929323,0.724568526066688,0.7497090610590615,0.6183253105476407,0.0492760497507809
TMRWI00151A,PH083747106,2022-01-01,Y,0.7386856547896002,0.6771216974216622,0.7148325933950731,0.5778468440803132,0.0867978370348739
TMRWI00151B,PH015518015,2022-01-01,Y,0.7556870222487215,0.7237539383525472,0.721616426305153,0.6783726089422096,0.0271817767251009
TMRWI00151C,PH015518021,2022-01-01,Y,0.7477714986230424,0.6914235483664569,0.7156220913314206,0.5912171561871667,0.0557886319399532
TMRWI00151D,PH083747155,2022-01-01,Y,0.6291015142648022,0.5697085571971239,0.5636923089439652,0.5087670009690245,0.0404664915224603
TMRWI00151E,PH097332012,2022-01-01,Y,0.4554174450427821,0.3752991322863824,0.385377099188847,0.2478880842361242,0.0549959038229386
TMRWI00151F,PH137401024,2022-01-01,Y,0.8107494494800044,0.7703451918836375,0.7994805694685042,0.671670179117537,0.0662605129628236
TMRWI001520,PH015518027,2022-01-01,Y,0.6734359296736856,0.5935675208230429,0.5931930870411131,0.5198002414772339,0.0557647795051313
TMRWI001521,PH083747095,2022-01-01,Y,0.717910876743548,0.7096706782837152,0.7096706782837152,0.7014304798238825,0.0116534004185413
TMRWI001522,PH097332011,2022-01-01,Y,0.4526584156711215,0.3684421663240953,0.3701791050475003,0.2651617280090958,0.047638003491544
TMRWI001523,PH137401025,2022-01-01,Y,0.8067042840240631,0.7940612999659544,0.7922568549129453,0.7870266682384793,0.0075547072563816
TMRWI001524,PH015518026,2022-01-01,Y,0.7556870222487215,0.7374816739941136,0.7374816739941136,0.7192763257395056,0.0257462504093919
TMRWI001525,PH083747096,2022-01-01,Y,0.717910876743548,0.6968984168853637,0.7014304798238825,0.6713538940886606,0.0236070509454461
TMRWI001526,PH097332010,2022-01-01,Y,0.6327574123316599,0.5362372032237934,0.5321971867170251,0.4643491724398586,0.0427391917111016
TMRWI001527,PH137401026,2022-01-01,Y,0.7922568549129453,0.7884649622704288,0.7901011383388667,0.7830368935594743,0.0048228338075317
TMRWI001528,PH015518025,2022-01-01,Y,0.7556870222487215,0.7356253993778518,0.7383697699614149,0.7061750022315247,0.0171056656865974
TMRWI001529,PH083747097,2022-01-01,Y,0.717910876743548,0.6828756235749871,0.6863921869562716,0.6408072436438572,0.0340306258899651
TMRWI00152A,PH137503003,2022-01-01,Y,0.7621919155929323,0.691126771026336,0.691126771026336,0.6200616264597397,0.1005012912580851
TMRWI00152B,PH097332005,2022-01-01,Y,0.5228904067581195,0.3841970177315008,0.3818151727181046,0.2453700963090594,0.0502933623775805
TMRWI00152C,PH137401027,2022-01-01,Y,0.7825474832997579,0.7590768651363091,0.7633004845043608,0.7152380597133704,0.0190033544297259
TMRWI00152D,PH015518024,2022-01-01,Y,0.7447325777695746,0.7261505988516891,0.7323478706705311,0.6863004625525468,0.0229382889872522
TMRWI00152E,PH097332004,2022-01-01,Y,0.6593167425538933,0.6029742283447769,0.6082008028341704,0.5414728786677326,0.0362694041252478
TMRWI00152F,PH083747099,2022-01-01,Y,0.6713538940886606,0.6301223158237655,0.6408072436438572,0.5782058097387789,0.0474843886598911
TMRWI001530,PH097332002,2022-01-01,Y,0.5828270673912835,0.5158853386836514,0.5075867743872226,0.4412918839523589,0.0479896803783737
TMRWI001531,PH137503001,2022-01-01,Y,0.7556145649431463,0.7507932166992584,0.7507932166992584,0.7459718684553703,0.00681841607543
TMRWI001532,PH015518023,2022-01-01,Y,0.7447325777695746,0.7020765470350226,0.7374830144613467,0.6205905562997719,0.0606896112524513
TMRWI001533,PH083747100,2022-01-01,Y,0.6408072436438572,0.5995444852848718,0.5989800926209992,0.5770611463750963,0.0258530972547046
TMRWI001534,PH097332001,2022-01-01,Y,0.5497976105661572,0.4560381143091926,0.4339805004603225,0.3951134135009145,0.0609808101259718
TMRWI001535,PH137503002,2022-01-01,Y,0.7621919155929323,0.7094084701693474,0.7459718684553703,0.6200616264597397,0.0778004906343012
TMRWI001536,PH015518022,2022-01-01,Y,0.7552827645834895,0.6572053250847999,0.6489282578453476,0.5567259935747263,0.071617037274407
TMRWI001537,PH083747101,2022-01-01,Y,0.6026681340456272,0.5904369718922031,0.5904369718922031,0.5782058097387789,0.0172974754009569
TMRWI001538,PH083747098,2022-01-01,Y,0.7014304798238825,0.6711972058521335,0.6713538940886606,0.6408072436438572,0.0303119218235561
TMRWI001539,PH083747110,2022-01-01,Y,0.7300209627111126,0.7108024431533746,0.7225657718085461,0.6744104620220154,0.0224880492497214
TMRWI00153A,PH083747146,2022-01-01,Y,0.7346391156885227,0.723686014734913,0.7208771571654005,0.7155417713508159,0.0098536491120087
TMRWI00153B,PH137503010,2022-01-01,Y,0.7585152520702523,0.7460556774559954,0.7459718684553703,0.73128579523623,0.0113589580956182
TMRWI00153C,PH137603003,2022-01-01,Y,0.7833156810400024,0.7126355960526508,0.7400377076353224,0.5929315987298284,0.0748131097829156
TMRWI00153D,PH015518007,2022-01-01,Y,0.7261527519810635,0.6053473861517211,0.5913970138882877,0.4921381838196875,0.0689818949975825
TMRWI00153E,PH083747121,2022-01-01,Y,0.6927715779083375,0.611770693531857,0.6307760739612411,0.5074012434201459,0.0551325547644894
TMRWI00153F,PH083747135,2022-01-01,Y,0.7283127485472738,0.7060811772671978,0.7118252979560167,0.6708773254512629,0.0197602778552846
TMRWI001540,PH137603004,2022-01-01,Y,0.8404051058827255,0.7817502166351,0.7800357784788166,0.7400377076353224,0.0248462905881963
TMRWI001541,PH015518006,2022-01-01,Y,0.7477714986230424,0.6717063714595489,0.6772758014093079,0.6059086107274887,0.0432671326613596
TMRWI001542,PH083747122,2022-01-01,Y,0.7039495412992636,0.6503752372340426,0.6712606817141373,0.5822412791779498,0.0465864007858122
TMRWI001543,PH083747134,2022-01-01,Y,0.7584377651953124,0.7040094047695924,0.7035647997782114,0.6708773254512629,0.0284385340335841
TMRWI001544,PH137603005,2022-01-01,Y,0.8092751134990845,0.7426842195762694,0.7568116368932273,0.5915903010613376,0.0621775358994298
TMRWI001545,PH015518004,2022-01-01,Y,0.7445764721936402,0.7398475003721111,0.7443916692522986,0.7305743596703946,0.0080313069849903
TMRWI001546,PH083747123,2022-01-01,Y,0.6712606817141373,0.6268049983147624,0.6268590161834813,0.5822412791779498,0.0404957083611343
TMRWI001547,PH083747133,2022-01-01,Y,0.6854905954279547,0.6139431450462168,0.592749867853826,0.5624068181728324,0.0430240038521401
TMRWI001548,PH083747136,2022-01-01,Y,0.7653148371103157,0.685309668569637,0.7068010741262252,0.5817956932522896,0.063947031278995
TMRWI001549,PH083747124,2022-01-01,Y,0.7653148371103157,0.6924868478900289,0.7058019660492322,0.5817956932522896,0.0579991121754115
TMRWI00154A,PH015518003,2022-01-01,Y,0.7323478706705311,0.7314611151704629,0.7314611151704629,0.7305743596703946,0.0012540616547054
TMRWI00154B,PH083747132,2022-01-01,Y,0.5482629437900077,0.4719234050298606,0.4781743315033162,0.382337907262315,0.0516469894078157
TMRWI00154C,PH083747125,2022-01-01,Y,0.7584377651953124,0.6917816452072401,0.7116709767770171,0.58932253446479,0.0550633205798577
TMRWI00154D,PH083747131,2022-01-01,Y,0.6371651818201313,0.5461040993337829,0.5372323340019004,0.4894571513397137,0.0443803799899134
TMRWI00154E,PH137603007,2022-01-01,Y,0.8363639019067851,0.7661672613487783,0.7813957516769274,0.620143530732637,0.05549659635345
TMRWI00154F,PH015518002,2022-01-01,Y,0.7474127151760167,0.7078283561604697,0.7005104806226883,0.6783726089422096,0.0304773475316819
TMRWI001550,PH083747127,2022-01-01,Y,0.6228296558819681,0.5731179707661399,0.5673743038503808,0.5391127965188737,0.0263148173955798
TMRWI001551,PH083747130,2022-01-01,Y,0.7541446453762636,0.7159706028128808,0.7137105107615332,0.6777011469992317,0.0255179373751755
TMRWI001552,PH137603008,2022-01-01,Y,0.8092751134990845,0.7421019204493241,0.7525062141084092,0.6256063751189881,0.0558566349461801
TMRWI001553,PH015518001,2022-01-01,Y,0.7556870222487215,0.7317097774214548,0.7250691804313166,0.7061750022315247,0.0177630083378062
TMRWI001554,PH083747128,2022-01-01,Y,0.6873042036128626,0.6276433024937162,0.6253456283449843,0.5605388827044095,0.049330326154351
TMRWI001555,PH083747129,2022-01-01,Y,0.7584377651953124,0.6696819444550329,0.6742892362252473,0.5844153557090176,0.0546524216491953
TMRWI001556,PH137603006,2022-01-01,Y,0.8092751134990845,0.7849410607251963,0.7866122234350024,0.7485644200556635,0.0161818226052031
TMRWI001557,PH083747120,2022-01-01,Y,0.7331107888604065,0.6831001575802494,0.690521164247056,0.6049790195959625,0.0372066192422599
TMRWI001558,PH083747137,2022-01-01,Y,0.7148309301417755,0.6516344479880112,0.6496770904563557,0.5923526808975577,0.0627095333026792
TMRWI001559,PH015518008,2022-01-01,Y,0.7342924855306541,0.6496369810207726,0.6558080515425304,0.5537609075577838,0.0560591471327848
TMRWI00155A,PH015518014,2022-01-01,Y,0.7178184311380298,0.694592385862144,0.6832025301073468,0.6827561963410552,0.0201155832086931
TMRWI00155B,PH083747112,2022-01-01,Y,0.7283127485472738,0.7184425892574909,0.7228912983311289,0.7041237208940703,0.0126933259636023
TMRWI00155C,PH083747145,2022-01-01,Y,0.7208771571654005,0.7102390745447702,0.7102390745447702,0.69960099192414,0.0150445207197407
TMRWI00155D,PH137503011,2022-01-01,Y,0.7731209663147197,0.747023627725872,0.7509753548164695,0.716974562046427,0.0282810323063632
TMRWI00155E,PH015518013,2022-01-01,Y,0.7367977235953986,0.7280005191534408,0.73451467539342,0.7061750022315247,0.0146969672988957
TMRWI00155F,PH083747113,2022-01-01,Y,0.7300209627111126,0.7208191440508189,0.7283127485472738,0.7041237208940703,0.0144838656682032
TMRWI001560,PH083747143,2022-01-01,Y,0.69960099192414,0.6969283415579806,0.6969283415579806,0.6942556911918212,0.0037796983953041
TMRWI001561,PH083747114,2022-01-01,Y,0.7283127485472738,0.7144312539764017,0.7126442732321313,0.7041237208940703,0.0119210514108106
TMRWI001562,PH137503012,2022-01-01,Y,0.7585152520702523,0.7106114141668454,0.6997437862773588,0.6844428320424114,0.0328902024588052
TMRWI001563,PH015518012,2022-01-01,Y,0.7474127151760167,0.7008245489167497,0.7143707655495324,0.6214869032534828,0.0422935511728547
TMRWI001564,PH083747142,2022-01-01,Y,0.6942556911918212,0.6942556911918212,0.6942556911918212,0.6942556911918212,
TMRWI001565,PH083747115,2022-01-01,Y,0.748759728178436,0.6812314296452411,0.6835910199651765,0.5778468440803132,0.0587207897016432
TMRWI001566,PH083747141,2022-01-01,Y,0.6942556911918212,0.6929101740089869,0.6929101740089869,0.6915646568261528,0.0019028486483702
TMRWI001567,PH137503013,2022-01-01,Y,0.7401813726329322,0.6959669403764305,0.7039949402625871,0.620192371474942,0.0401704466929882
TMRWI001568,PH015518011,2022-01-01,Y,0.6506646444685549,0.5921752467015826,0.5746504032319465,0.5503772851532489,0.0362928241154959
TMRWI001569,PH083747116,2022-01-01,Y,0.748759728178436,0.6789624069189594,0.6946215277085442,0.5778468440803132,0.0739446044534933
TMRWI00156A,PH083747140,2022-01-01,Y,0.6942556911918212,0.6929101740089869,0.6929101740089869,0.6915646568261528,0.0019028486483702
TMRWI00156B,PH137503014,2022-01-01,Y,0.7401813726329322,0.6515134670506028,0.6453637099693499,0.5685202796441647,0.0568494669998621
TMRWI00156C,PH015518010,2022-01-01,Y,0.627593647024456,0.5974323829802515,0.5968790040769214,0.566941626153405,0.0257064806700425
TMRWI00156D,PH083747117,2022-01-01,Y,0.748759728178436,0.7066543285485578,0.7015009265531509,0.6710341938737987,0.0270907798712522
TMRWI00156E,PH083747139,2022-01-01,Y,0.717910876743548,0.7044193829558896,0.7019102006802949,0.6959462537194202,0.0097169345926899
TMRWI00156F,PH137603001,2022-01-01,Y,0.8074580550852299,0.7862675023216601,0.7878171314596905,0.7668890083139853,0.0119809673756274
TMRWI001570,PH015518009,2022-01-01,Y,0.7544639845064063,0.6393323489068004,0.6569241050044557,0.5180247580551641,0.0707966639893105
TMRWI001571,PH083747118,2022-01-01,Y,0.6927715779083375,0.6927715779083375,0.6927715779083375,0.6927715779083375,
TMRWI001572,PH083747138,2022-01-01,Y,0.6837962279858618,0.6837962279858618,0.6837962279858618,0.6837962279858618,
TMRWI001573,PH083747119,2022-01-01,Y,0.6927715779083375,0.6820890833897064,0.6820890833897064,0.6714065888710753,0.0151073286282243
TMRWI001574,PH137603002,2022-01-01,Y,0.8074580550852299,0.7798256271333289,0.7732546752292581,0.7668890083139853,0.01462808663039
TMRWI001575,PH083747094,2022-01-01,Y,0.7510235629338198,0.7330348858538275,0.7429058394405419,0.6953043016004061,0.0256754153331612
TMRWI001576,PH097332013,2022-01-01,Y,0.4692914558888172,0.3180435406673238,0.3187060803753883,0.1843808164118346,0.0575314177418853
TMRWI001577,PH015518028,2022-01-01,Y,0.6734359296736856,0.5816413401236323,0.5703889789219554,0.5198002414772339,0.0488877218749419
TMRWI001578,PH137401023,2022-01-01,Y,0.7957714337933811,0.7845883966570878,0.7852821487763875,0.7720178552821954,0.0099832894477688
TMRWI001579,PH097332039,2022-01-01,Y,0.3956765801269937,0.3084157204383769,0.3187119534437245,0.2018853820845383,0.0510726027040345
TMRWI00157A,PH083747069,2022-01-01,Y,0.7058019660492322,0.7036961086049148,0.7049874323400005,0.6990076036904262,0.0031523928701003
TMRWI00157B,PH097332038,2022-01-01,Y,0.4590079039097198,0.3862976116752364,0.3921188930128704,0.2936135251766955,0.0438249473292153
TMRWI00157C,PH137401004,2022-01-01,Y,0.7948688038017321,0.7808309136627715,0.7909689077310612,0.7566550294555211,0.021027537426962
TMRWI00157D,PH034919017,2022-01-01,Y,0.5101487823328369,0.4429605399217252,0.4449809500117658,0.3932304938549784,0.0313426255797663
TMRWI00157E,PH083747070,2022-01-01,Y,0.6990076036904262,0.6990076036904262,0.6990076036904262,0.6990076036904262,
TMRWI00157F,PH097332037,2022-01-01,Y,0.5307553855980199,0.4354208009673613,0.4258794742648673,0.3658950667544879,0.0439028253082466
TMRWI001580,PH137401005,2022-01-01,Y,0.7777032920285563,0.76481808464447,0.7639353002130476,0.7536984461232286,0.0107226990633477
TMRWI001581,PH034919016,2022-01-01,Y,0.6108903883224204,0.4595029715620549,0.4303472893360461,0.3883366061015454,0.0627210218566101
TMRWI001582,PH083747071,2022-01-01,Y,0.6990076036904262,0.6974769287049232,0.6974769287049232,0.6959462537194202,0.0021647013240836
TMRWI001583,PH097332036,2022-01-01,Y,0.4318878217073437,0.3251495375737008,0.3291100909485249,0.2529481950920765,0.0496497570815935
TMRWI001584,PH137401006,2022-01-01,Y,0.7909689077310612,0.7710202646639445,0.7682285607345978,0.7566550294555211,0.0163241807416303
TMRWI001585,PH034919018,2022-01-01,Y,0.4155302568107647,0.3646586486829672,0.3807798013370853,0.2812041693987437,0.0496096925139186
TMRWI001586,PH034919015,2022-01-01,Y,0.6252293459758473,0.5483711901387164,0.5460195802627443,0.4241829655651974,0.0719403310475506
TMRWI001587,PH097332035,2022-01-01,Y,0.4318878217073437,0.3265350020433613,0.3291100909485249,0.2341771356759799,0.0641897877124296
TMRWI001588,PH083747073,2022-01-01,Y,0.6990076036904262,0.6952861302582896,0.6952861302582896,0.6915646568261528,0.0052629581997389
TMRWI001589,PH137401007,2022-01-01,Y,0.8067042840240631,0.7391872315708001,0.7391872315708001,0.671670179117537,0.0954835312708602
TMRWI00158A,PH034919014,2022-01-01,Y,0.6252293459758473,0.4638461421460056,0.4338340877932349,0.3699661745184863,0.0707827985200179
TMRWI00158B,PH097332034,2022-01-01,Y,0.4250497111824634,0.3507229430225121,0.3397887729949153,0.264338200470532,0.0450210761472193
TMRWI00158C,PH083747074,2022-01-01,Y,0.7051620670098373,0.6974975046795594,0.6966316474411237,0.6915646568261528,0.0059647283558792
TMRWI00158D,PH097332033,2022-01-01,Y,0.5119009205515653,0.3838521344708149,0.3550346138869965,0.3286151131927901,0.0555845677216155
TMRWI00158E,PH137401008,2022-01-01,Y,0.7691167709854559,0.7614076085543422,0.7614076085543422,0.7536984461232286,0.010902402064618
TMRWI00158F,PH034919013,2022-01-01,Y,0.6229720222999355,0.4878482089661755,0.4807868510243852,0.3932304938549784,0.0503552744703807
TMRWI001590,PH083747075,2022-01-01,Y,0.6942556911918212,0.6929101740089869,0.6929101740089869,0.6915646568261528,0.0019028486483702
TMRWI001591,PH097332032,2022-01-01,Y,0.5642272411252863,0.3589455274455096,0.3560870374416317,0.1697984294038589,0.0681154451785871
TMRWI001592,PH137401009,2022-01-01,Y,0.671670179117537,0.671670179117537,0.671670179117537,0.671670179117537,
TMRWI001593,PH083747072,2022-01-01,Y,0.6990076036904262,0.6952861302582896,0.6952861302582896,0.6915646568261528,0.0052629581997389
TMRWI001594,PH137401003,2022-01-01,Y,0.7948688038017321,0.7801924077534688,0.784622898878311,0.7566550294555211,0.0172163385387171
TMRWI001595,PH083747068,2022-01-01,Y,0.7048127976701636,0.7019102006802949,0.7019102006802949,0.6990076036904262,0.0041048920291755
TMRWI001596,PH097332040,2022-01-01,Y,0.4187124833164353,0.3631975744532937,0.3576144206337859,0.3066484748990232,0.022256062007149
TMRWI001597,PH083747060,2022-01-01,Y,0.717910876743548,0.6950703415172096,0.6959462537194202,0.6713538940886606,0.023290847453911
TMRWI001598,PH097332047,2022-01-01,Y,0.617026661032009,0.5449679952351141,0.5251008748630654,0.4895887857363788,0.0414909226270686
TMRWI001599,PH112402196,2022-01-01,Y,0.7664762758550279,0.7449001844823383,0.7509315629394391,0.7065779800914891,0.0222474928429471
TMRWI00159A,PH050506003,2022-01-01,Y,0.571924769656547,0.5327506199333725,0.5308382791706245,0.5055238635611693,0.0229517559721969
TMRWI00159B,PH083747061,2022-01-01,Y,0.6183243899912726,0.5891899984399416,0.5826061621481308,0.5668336178783422,0.0206287613806803
TMRWI00159C,PH097332046,2022-01-01,Y,0.538611516814346,0.4903058357599956,0.4954395951268413,0.4303005091227491,0.0307533821775552
TMRWI00159D,PH112402197,2022-01-01,Y,0.7670479941754607,0.7204951834171471,0.730292240469193,0.6413686452114281,0.0359199990594496
TMRWI00159E,PH050506002,2022-01-01,Y,0.4747786877750446,0.4229668136181708,0.4149060312811107,0.3906295354396389,0.0288522642846383
TMRWI00159F,PH083747062,2022-01-01,Y,0.717910876743548,0.7069285652314841,0.7069285652314841,0.6959462537194202,0.0155313338865669
TMRWI0015A0,PH097332045,2022-01-01,Y,0.6559380906349598,0.5772738384839466,0.5894589767310958,0.458790281190656,0.0598832276897767
TMRWI0015A1,PH083747063,2022-01-01,Y,0.717910876743548,0.7062233093777106,0.7048127976701636,0.6959462537194202,0.0110500372671705
TMRWI0015A2,PH112402198,2022-01-01,Y,0.7670479941754607,0.7044132212587292,0.6964610165018128,0.6415235933677644,0.036041656337177
TMRWI0015A3,PH050506001,2022-01-01,Y,0.6510922541664741,0.5895124144711353,0.5925367555384298,0.5238475959426361,0.0523110914132926
TMRWI0015A4,PH097332044,2022-01-01,Y,0.6146761030387463,0.5301226671426311,0.5297814816608946,0.4467672903045899,0.0464354616235914
TMRWI0015A5,PH083747064,2022-01-01,Y,0.6959462537194202,0.6959462537194202,0.6959462537194202,0.6959462537194202,
TMRWI0015A6,PH097332043,2022-01-01,Y,0.5246636677223223,0.4145121161460046,0.4107760528902989,0.3327276366069385,0.0512639719259035
TMRWI0015A7,PH112402901,2022-01-01,Y,0.5311667272578825,0.3840848435456071,0.379943005310803,0.2157387149062857,0.0554466642481494
TMRWI0015A8,PH034919022,2022-01-01,Y,0.5022678348577674,0.4663073476251758,0.4889816836443967,0.4080713482912065,0.0417157658833977
TMRWI0015A9,PH083747065,2022-01-01,Y,0.6959462537194202,0.6959462537194202,0.6959462537194202,0.6959462537194202,
TMRWI0015AA,PH097332042,2022-01-01,Y,0.4207237815119861,0.3562715477325005,0.3666940324832198,0.2634857629472907,0.042501371687766
TMRWI0015AB,PH137401001,2022-01-01,Y,0.7957714337933811,0.7847822262697575,0.7870266682384793,0.7720178552821954,0.0092386730942465
TMRWI0015AC,PH034919021,2022-01-01,Y,0.5879885210585283,0.4661497850993585,0.4513866696409992,0.378640957091774,0.0599342623416692
TMRWI0015AD,PH083747066,2022-01-01,Y,0.717910876743548,0.7042882447177982,0.6990076036904262,0.6959462537194202,0.0118964298591209
TMRWI0015AE,PH097332041,2022-01-01,Y,0.4484307479402679,0.362057431325291,0.3551503785620945,0.3430287896291783,0.0223057650643463
TMRWI0015AF,PH137401002,2022-01-01,Y,0.671670179117537,0.671670179117537,0.671670179117537,0.671670179117537,
TMRWI0015B0,PH034919020,2022-01-01,Y,0.6223152543191229,0.4631148663528516,0.4230115547891971,0.3957709453249601,0.0731588650580127
TMRWI0015B1,PH083747067,2022-01-01,Y,0.6990076036904262,0.6974769287049232,0.6974769287049232,0.6959462537194202,0.0021647013240836
TMRWI0015B2,PH034919012,2022-01-01,Y,0.6229720222999355,0.4837859870071367,0.4837308417884075,0.4207773362782819,0.045418837822546
TMRWI0015B3,PH112402195,2022-01-01,Y,0.707748731891258,0.5933927723299238,0.5966204133076505,0.5043514339565344,0.0539013576284537
TMRWI0015B4,PH083747076,2022-01-01,Y,0.7051620670098373,0.7020848353501318,0.7020848353501318,0.6990076036904262,0.0043518627477194
TMRWI0015B5,PH137401010,2022-01-01,Y,0.8067042840240631,0.7551337104600265,0.7870266682384793,0.671670179117537,0.0729480838601693
TMRWI0015B6,PH034919003,2022-01-01,Y,0.6761663868626742,0.5227213426879979,0.5148556957927396,0.3883366061015454,0.0651154049524733
TMRWI0015B7,PH083747086,2022-01-01,Y,0.7208771571654005,0.7208771571654005,0.7208771571654005,0.7208771571654005,
TMRWI0015B8,PH097332020,2022-01-01,Y,0.6690956611191575,0.6330922609137537,0.6342787410396331,0.6082008028341704,0.0244729324044296
TMRWI0015B9,PH137401018,2022-01-01,Y,0.817270307104757,0.8008283762642953,0.8015031521964748,0.7830368935594743,0.0159035909847072
TMRWI0015BA,PH034919001,2022-01-01,Y,0.5168213358370336,0.4404513021815044,0.4316901789023857,0.3999926951264593,0.0335159323203764
TMRWI0015BB,PH083747087,2022-01-01,Y,0.738726747803022,0.7197349656308543,0.7208771571654005,0.69960099192414,0.0195878698280251
TMRWI0015BC,PH097332019,2022-01-01,Y,0.6690956611191575,0.6019650864521067,0.6019962850746828,0.5061079022254817,0.0479903989054797
TMRWI0015BD,PH083747088,2022-01-01,Y,0.7471260240914837,0.7250185337665854,0.7250904435196692,0.7027672239355194,0.0197165458440807
TMRWI0015BE,PH137401019,2022-01-01,Y,0.8067042840240631,0.795329269058496,0.7922568549129453,0.7870266682384793,0.0101922488815078
TMRWI0015BF,PH015518032,2022-01-01,Y,0.7477714986230424,0.6688308990956076,0.6738624161408444,0.5912171561871667,0.0563652318367669
TMRWI0015C0,PH097332018,2022-01-01,Y,0.4145404885547667,0.2989491288238451,0.296832425933786,0.1684838036917967,0.0478720334228817
TMRWI0015C1,PH083747089,2022-01-01,Y,0.738726747803022,0.7186866670608446,0.7182094642581082,0.69960099192414,0.0161302660393634
TMRWI0015C2,PH137401017,2022-01-01,Y,0.7957714337933811,0.7757991457945476,0.773877774706054,0.7566550294555211,0.0134162232377503
TMRWI0015C3,PH097332017,2022-01-01,Y,0.4656434956720342,0.4026328004190907,0.4084607680248966,0.2996555046637085,0.0348210867716915
TMRWI0015C4,PH015518031,2022-01-01,Y,0.7556870222487215,0.691507500686903,0.7321373537913687,0.5588098585341202,0.0704844773120853
TMRWI0015C5,PH083747090,2022-01-01,Y,0.738726747803022,0.719163869863581,0.719163869863581,0.69960099192414,0.0276660873010068
TMRWI0015C6,PH097332016,2022-01-01,Y,0.6635707225857114,0.5835869323156198,0.6001616503263061,0.5036747731523453,0.0531068479679533
TMRWI0015C7,PH137401021,2022-01-01,Y,0.8107494494800044,0.7630413042072015,0.8067042840240631,0.671670179117537,0.0791555602342932
TMRWI0015C8,PH015518030,2022-01-01,Y,0.7477714986230424,0.6272583798890063,0.6162382255180507,0.5285100810408719,0.0761719746960219
TMRWI0015C9,PH083747091,2022-01-01,Y,0.7510235629338198,0.744875155368421,0.744875155368421,0.738726747803022,0.0086951613659843
TMRWI0015CA,PH097332015,2022-01-01,Y,0.5002423176421716,0.4336347921631534,0.4357853277666763,0.3702878340036523,0.0342028245284036
TMRWI0015CB,PH137401022,2022-01-01,Y,0.7948688038017321,0.7832140272573017,0.7901011383388667,0.7566550294555211,0.0127158568772572
TMRWI0015CC,PH015518029,2022-01-01,Y,0.6527181639219998,0.6036026659855911,0.6142228409360669,0.5196673374116333,0.0507962840992792
TMRWI0015CD,PH083747092,2022-01-01,Y,0.7510235629338198,0.7381045265447853,0.7429263859472528,0.7155417713508159,0.015892912471114
TMRWI0015CE,PH097332014,2022-01-01,Y,0.4012473398270597,0.3197776234138488,0.3173113731151666,0.2591727520019308,0.0388640271623013
TMRWI0015CF,PH083747093,2022-01-01,Y,0.7510235629338198,0.734847270372831,0.7386856547896002,0.7148325933950731,0.0183982734308628
TMRWI0015D0,PH137401020,2022-01-01,Y,0.8107494494800044,0.7965697240630708,0.7922568549129453,0.7830368935594743,0.0116978081442544
TMRWI0015D1,PH097332021,2022-01-01,Y,0.6971671227955281,0.6426545131755173,0.6523152771241351,0.5414728786677326,0.0494065976910188
TMRWI0015D2,PH083747085,2022-01-01,Y,0.7208771571654005,0.7102390745447702,0.7102390745447702,0.69960099192414,0.0150445207197407
TMRWI0015D3,PH034919004,2022-01-01,Y,0.6252293459758473,0.5521697957202036,0.6024788455653451,0.3957709453249601,0.0975500800289467
TMRWI0015D4,PH034919011,2022-01-01,Y,0.5686644000540061,0.4703768873732247,0.4515047805392338,0.4306211297789869,0.0454480374852162
TMRWI0015D5,PH083747077,2022-01-01,Y,0.7051620670098373,0.699475120630695,0.6990076036904262,0.6942556911918212,0.0054681978236006
TMRWI0015D6,PH097332030,2022-01-01,Y,0.4909988010621893,0.4315376431915476,0.4368355867980467,0.3658950667544879,0.0389102391414975
TMRWI0015D7,PH083747078,2022-01-01,Y,0.7051620670098373,0.7051620670098373,0.7051620670098373,0.7051620670098373,
TMRWI0015D8,PH137401011,2022-01-01,Y,0.7957714337933811,0.7913990510159302,0.7913990510159302,0.7870266682384793,0.0061834830237575
TMRWI0015D9,PH034919010,2022-01-01,Y,0.6223152543191229,0.479175599005141,0.4873744459769675,0.378640957091774,0.0950566104589797
TMRWI0015DA,PH097332028,2022-01-01,Y,0.5340977983549511,0.4509102725466692,0.4534085014558652,0.3575172649761679,0.050433402558784
TMRWI0015DB,PH097332027,2022-01-01,Y,0.4052590686653852,0.2897145734119798,0.2995695909224652,0.1804189276751079,0.0553781611326837
TMRWI0015DC,PH137401012,2022-01-01,Y,0.671670179117537,0.671670179117537,0.671670179117537,0.671670179117537,
TMRWI0015DD,PH034919008,2022-01-01,Y,0.5686644000540061,0.4579060643977551,0.4545707564124799,0.3841853703132867,0.0476189134814968
TMRWI0015DE,PH083747080,2022-01-01,Y,0.6942556911918212,0.6942556911918212,0.6942556911918212,0.6942556911918212,
TMRWI0015DF,PH097332026,2022-01-01,Y,0.6234989066643033,0.5803718778469237,0.592765856724655,0.4882340898081259,0.0374486233979473
TMRWI0015E0,PH137401013,2022-01-01,Y,0.7892958481278234,0.7686948901765278,0.7691167709854559,0.7536984461232286,0.0111722773711552
TMRWI0015E1,PH034919007,2022-01-01,Y,0.5095094706737024,0.4145872214677374,0.4055384154588349,0.3789439112180509,0.0356508937728286
TMRWI0015E2,PH083747081,2022-01-01,Y,0.6942556911918212,0.6942556911918212,0.6942556911918212,0.6942556911918212,
TMRWI0015E3,PH097332025,2022-01-01,Y,0.4125013854538913,0.3281432840660062,0.3322547912044297,0.1821627836593135,0.0581930900373073
TMRWI0015E4,PH137401014,2022-01-01,Y,0.7948688038017321,0.7885539349743053,0.7905350230349639,0.7782768900255609,0.0071582389094269
TMRWI0015E5,PH034919006,2022-01-01,Y,0.5879885210585283,0.4647650421513221,0.4721837155716658,0.378640957091774,0.0595718626355128
TMRWI0015E6,PH083747082,2022-01-01,Y,0.7051620670098373,0.6997088791008292,0.6997088791008292,0.6942556911918212,0.0077119722990881
TMRWI0015E7,PH097332024,2022-01-01,Y,0.4536614315400807,0.3183315968567495,0.312734345272839,0.1955886279577234,0.0701525738302165
TMRWI0015E8,PH083747083,2022-01-01,Y,0.7208771571654005,0.7049739768227997,0.7023815294669886,0.6942556911918212,0.0114992338370317
TMRWI0015E9,PH137401015,2022-01-01,Y,0.8107494494800044,0.7968931715197394,0.7968931715197394,0.7830368935594743,0.0195957362154182
TMRWI0015EA,PH034919005,2022-01-01,Y,0.5814599695107667,0.4704646862382575,0.450954480064493,0.3999926951264593,0.0574198045105409
TMRWI0015EB,PH097332023,2022-01-01,Y,0.5910433546107842,0.4822538024012158,0.4757941753471045,0.3802869996685254,0.0538598346669033
TMRWI0015EC,PH083747084,2022-01-01,Y,0.7208771571654005,0.7130196120876189,0.7130196120876189,0.7051620670098373,0.0111122468159566
TMRWI0015ED,PH097332022,2022-01-01,Y,0.5512276704346997,0.477628162313336,0.4779224715523587,0.40572801562227,0.0456156844215452
TMRWI0015EE,PH137401016,2022-01-01,Y,0.7909689077310612,0.7708845891274694,0.7691167709854559,0.7536984461232286,0.0154756443720695
TMRWI0015EF,PH097332031,2022-01-01,Y,0.715516625911783,0.6398229977997191,0.6386247739097859,0.5398550415992945,0.0510923125874582
TMRWI0015F0,PH097332076,2022-01-01,Y,0.7137112709785489,0.6529968087017701,0.6557826449118005,0.5414728786677326,0.0375545290982586
TMRWI0015F1,PH063022086,2022-01-01,Y,0.6593369373871034,0.5984176873848781,0.615183721989002,0.5066468387935368,0.0538306547277379
TMRWI0015F2,PH050506029,2022-01-01,Y,0.7370257764038266,0.7005187578181093,0.7005187578181093,0.6640117392323921,0.0516287208057279
TMRWI0015F3,PH063022043,2022-01-01,Y,0.7585689745224271,0.7407851597011698,0.7438487113785078,0.7199377932025743,0.0194969498691878
TMRWI0015F4,PH063022135,2022-01-01,Y,0.7074614301383686,0.6740420870767748,0.6847478582923274,0.6250740809227241,0.031262411611101
TMRWI0015F5,PH104305071,2022-01-01,Y,0.3859683028228003,0.3115492059306705,0.3057801809104827,0.2403594155388697,0.033097289055069
TMRWI0015F6,PH112402081,2022-01-01,Y,0.6870558568894046,0.5573899362371313,0.5431062650589973,0.4971566563329403,0.0426903726384196
TMRWI0015F7,PH063022042,2022-01-01,Y,0.7729132576591922,0.742077896162709,0.7414870541560237,0.7235281267134767,0.0197948038584055
TMRWI0015F8,PH063022136,2022-01-01,Y,0.7219378120422577,0.7219378120422577,0.7219378120422577,0.7219378120422577,
TMRWI0015F9,PH104305070,2022-01-01,Y,0.4510030299619089,0.317638257859648,0.3172040280044538,0.2175763856443492,0.052278729771941
TMRWI0015FA,PH112402082,2022-01-01,Y,0.6455742229398476,0.5033677048353884,0.5039654886437195,0.4268534470439338,0.0463918255295744
TMRWI0015FB,PH063022041,2022-01-01,Y,0.7307014037069877,0.6917947612713801,0.689264410560059,0.6504752152399556,0.0270768638398457
TMRWI0015FC,PH063022137,2022-01-01,Y,0.7500278424585016,0.7469382769185047,0.7469382769185047,0.7438487113785078,0.0043693054885042
TMRWI0015FD,PH104305069,2022-01-01,Y,0.5003299809124914,0.3735853674615379,0.361117738654059,0.3219974100931388,0.0471670286041775
TMRWI0015FE,PH063022138,2022-01-01,Y,0.7219378120422577,0.7219378120422577,0.7219378120422577,0.7219378120422577,
TMRWI0015FF,PH112402083,2022-01-01,Y,0.5157463641918237,0.4501865001999415,0.4479287432583816,0.3954985079710209,0.0275341514777463
TMRWI001600,PH063022040,2022-01-01,Y,0.7453545374818182,0.7076978194417374,0.7011300083298501,0.6831767236254312,0.0267413477511262
TMRWI001601,PH104305068,2022-01-01,Y,0.4031840150637544,0.3321270578145303,0.3257822019352823,0.2893097428111326,0.0282589566458971
TMRWI001602,PH063022139,2022-01-01,Y,0.77813899849587,0.7560969491150434,0.746322371577307,0.7438294772719535,0.0191296258767523
TMRWI001603,PH104305067,2022-01-01,Y,0.6927798022132906,0.5279976291249224,0.5220083201059257,0.3534876862296132,0.0824059809441181
TMRWI001604,PH112402086,2022-01-01,Y,0.7599967586137142,0.6835315990502909,0.6867413645507843,0.597871598663288,0.040321045300883
TMRWI001605,PH063022038,2022-01-01,Y,0.7224590720324645,0.6896014883636196,0.6880766676300389,0.6597935461619359,0.0279073804352375
TMRWI001606,PH063022140,2022-01-01,Y,0.7414870541560237,0.7414870541560237,0.7414870541560237,0.7414870541560237,
TMRWI001607,PH104305065,2022-01-01,Y,0.5617069129497136,0.4650635078255246,0.4806287306489016,0.3828946330922633,0.0433234078960978
TMRWI001608,PH112402087,2022-01-01,Y,0.7227252036258155,0.6330444404953166,0.6440174634959566,0.5109848659604797,0.0476386958361479
TMRWI001609,PH063022036,2022-01-01,Y,0.7293838135380689,0.6994318508185337,0.6953629931169603,0.6776176035021451,0.0227200823215006
TMRWI00160A,PH063022144,2022-01-01,Y,0.7392731848859496,0.6718098352154578,0.6849031333162152,0.5699937809664374,0.0579436605198667
TMRWI00160B,PH104305064,2022-01-01,Y,0.7434944584625235,0.6965807140209409,0.7132399859253521,0.5444604321585711,0.0538469526763048
TMRWI00160C,PH112402088,2022-01-01,Y,0.4938769833462682,0.3893429669980018,0.386100594819021,0.2970457113582433,0.0470279822440968
TMRWI00160D,PH063022035,2022-01-01,Y,0.7585689745224271,0.7374368944917458,0.7373721240516897,0.7164343553411766,0.017280734801785
TMRWI00160E,PH063022146,2022-01-01,Y,0.746322371577307,0.7379826988136254,0.7414870541560237,0.7261386707075458,0.0105383027558685
TMRWI00160F,PH104305063,2022-01-01,Y,0.645173972907036,0.4874228465368905,0.4837075186602373,0.3588674951242188,0.0562539271515796
TMRWI001610,PH112402080,2022-01-01,Y,0.6374586669501923,0.5473921226659832,0.5466251177238775,0.4885662925906067,0.0385785012505567
TMRWI001611,PH104305072,2022-01-01,Y,0.3829346886262515,0.2721554847754631,0.2860681505322389,0.1282839105449262,0.073877481380495
TMRWI001612,PH063022134,2022-01-01,Y,0.7276438348646024,0.6935450407992286,0.6918851949458933,0.6627659384405256,0.0339782358317649
TMRWI001613,PH104305073,2022-01-01,Y,0.7533136761915312,0.7533136761915312,0.7533136761915312,0.7533136761915312,
TMRWI001614,PH104305081,2022-01-01,Y,0.7276379470914672,0.7276379470914672,0.7276379470914672,0.7276379470914672,
TMRWI001615,PH112402072,2022-01-01,Y,0.6876970800444318,0.5827576859843456,0.5612387776876182,0.4789432134742284,0.0676895389330975
TMRWI001616,PH063022050,2022-01-01,Y,0.7131132065986526,0.6928536722564869,0.6899253006886925,0.6784508810499097,0.0155577036773569
TMRWI001617,PH063022125,2022-01-01,Y,0.7500278424585016,0.7500278424585016,0.7500278424585016,0.7500278424585016,
TMRWI001618,PH104305080,2022-01-01,Y,0.7355495898294098,0.7315937684604386,0.7315937684604386,0.7276379470914672,0.0055943762303244
TMRWI001619,PH112402073,2022-01-01,Y,0.5071289280455199,0.3781462924410117,0.3708970450665,0.2496051648268479,0.0459389670270241
TMRWI00161A,PH063022049,2022-01-01,Y,0.7214075000710006,0.6717833642232282,0.6784508810499097,0.5736149073110662,0.0427796245714326
TMRWI00161B,PH063022126,2022-01-01,Y,0.7500278424585016,0.7359828272503797,0.7359828272503797,0.7219378120422577,0.0198626509910624
TMRWI00161C,PH104305079,2022-01-01,Y,0.7328062377087123,0.7283886198357611,0.7276379470914672,0.7247216747071035,0.0040942242132685
TMRWI00161D,PH063022127,2022-01-01,Y,0.7214075000710006,0.6969828285378836,0.694036466515312,0.6784508810499097,0.0182550005512747
TMRWI00161E,PH112402074,2022-01-01,Y,0.7853547737788956,0.6933693668299744,0.7031260042985659,0.5823953499600963,0.0614548436667329
TMRWI00161F,PH063022048,2022-01-01,Y,0.7276438348646024,0.6794941228374466,0.6816955765872139,0.6019052063425618,0.0450615291701042
TMRWI001620,PH104305078,2022-01-01,Y,0.7328062377087123,0.7287639562079079,0.7287639562079079,0.7247216747071035,0.0057166493213675
TMRWI001621,PH063022128,2022-01-01,Y,0.7306572967055913,0.7062434099120717,0.698639475305622,0.689433457725002,0.0216383014859938
TMRWI001622,PH063022148,2022-01-01,Y,0.7438487113785078,0.7328530573611629,0.7338128624317848,0.7199377932025743,0.0116524295655914
TMRWI001623,PH104305077,2022-01-01,Y,0.7617970789180112,0.7553101990681043,0.7601817624601953,0.743951755826106,0.009869801744513
TMRWI001624,PH063022047,2022-01-01,Y,0.7693588456904442,0.7259816707588029,0.7495854892848692,0.6645332556205891,0.050008668309322
TMRWI001625,PH063022129,2022-01-01,Y,0.7436262310296664,0.7394872772087062,0.7394872772087062,0.735348323387746,0.0058533646276378
TMRWI001626,PH104305076,2022-01-01,Y,0.7601817624601953,0.7251773238247131,0.7163004908280963,0.6990497181858477,0.0315179366762414
TMRWI001627,PH112402077,2022-01-01,Y,0.747547526636955,0.6564161788274187,0.6575039072693569,0.5634074135400232,0.0548175363806588
TMRWI001628,PH063022046,2022-01-01,Y,0.77813899849587,0.7622538428882347,0.7622538428882347,0.7463686872805995,0.0224650025007248
TMRWI001629,PH063022131,2022-01-01,Y,0.7729132576591922,0.7430542227876242,0.746322371577307,0.7235281267134767,0.0198785862482653
TMRWI00162A,PH104305075,2022-01-01,Y,0.7601817624601953,0.7601817624601953,0.7601817624601953,0.7601817624601953,
TMRWI00162B,PH112402078,2022-01-01,Y,0.5864718465352085,0.5258687982695042,0.522155783266324,0.4786823708280642,0.0293538276352239
TMRWI00162C,PH063022045,2022-01-01,Y,0.7453545374818182,0.7453545374818182,0.7453545374818182,0.7453545374818182,
TMRWI00162D,PH063022132,2022-01-01,Y,0.7729132576591922,0.7470648255238944,0.7464434862019604,0.7224590720324645,0.0278363316238147
TMRWI00162E,PH104305074,2022-01-01,Y,0.743951755826106,0.743951755826106,0.743951755826106,0.743951755826106,
TMRWI00162F,PH063022133,2022-01-01,Y,0.7729132576591922,0.7596409724698958,0.7596409724698958,0.7463686872805995,0.0187698457183864
TMRWI001630,PH112402079,2022-01-01,Y,0.7476113861412961,0.6148076978447543,0.5980658710858239,0.5168660728880469,0.0727282649365082
TMRWI001631,PH063022044,2022-01-01,Y,0.7088697980713843,0.7072279684895653,0.7072279684895653,0.7055861389077462,0.0023218976617138
TMRWI001632,PH112402075,2022-01-01,Y,0.7853547737788956,0.7021396054967878,0.7042936175872625,0.5943859218780833,0.0458128556465568
TMRWI001633,PH063022124,2022-01-01,Y,0.7570429520965496,0.7271751198341386,0.720740715718578,0.6937419029835991,0.026311146810636
TMRWI001634,PH112402089,2022-01-01,Y,0.4869595967596128,0.3495272804708895,0.3506118755736958,0.2674620807696825,0.046255346183083
TMRWI001635,PH104305062,2022-01-01,Y,0.3835391861670086,0.2555412455986495,0.2513402032248806,0.134299733316487,0.0525107356790793
TMRWI001636,PH063022025,2022-01-01,Y,0.7719002656684016,0.7372496729809362,0.7494721518488392,0.6831767236254312,0.0326747439434423
TMRWI001637,PH104305052,2022-01-01,Y,0.7774169353000647,0.7074141889833407,0.703385551672635,0.5444604321585711,0.0471353173609465
TMRWI001638,PH063022160,2022-01-01,Y,0.7741737562229254,0.7413759379172553,0.7555751943856954,0.6769790918152115,0.0333939763879584
TMRWI001639,PH104305051,2022-01-01,Y,0.7229548231674139,0.6612136858635694,0.6700683399313583,0.5587619503786004,0.0458151508839679
TMRWI00163A,PH112402102,2022-01-01,Y,0.5101963950613387,0.4215316017881634,0.4405553971411849,0.3264412840576684,0.0537438990911647
TMRWI00163B,PH063022024,2022-01-01,Y,0.7178338672927869,0.6558979266550279,0.6847999011916496,0.5632986936747958,0.0581801780439375
TMRWI00163C,PH063022161,2022-01-01,Y,0.7055861389077462,0.7024399607611558,0.7024399607611558,0.6992937826145652,0.0044493678045501
TMRWI00163D,PH104305050,2022-01-01,Y,0.7291308054280928,0.5613538332339473,0.5385264773655534,0.4901066757915482,0.0551249703257353
TMRWI00163E,PH112402104,2022-01-01,Y,0.6735242023072587,0.5548902367696738,0.5441001218296657,0.4813147632864655,0.0444279954390881
TMRWI00163F,PH063022023,2022-01-01,Y,0.7065927594125451,0.6923816174078684,0.694458894742859,0.6740159207332106,0.013514514755063
TMRWI001640,PH063022163,2022-01-01,Y,0.7504484778635553,0.7258616172093459,0.7296280439951146,0.6937419029835991,0.0268278890647582
TMRWI001641,PH104305049,2022-01-01,Y,0.7410835262126958,0.6183293015946599,0.603867225556628,0.5210551046259997,0.0734629013582122
TMRWI001642,PH112402105,2022-01-01,Y,0.5633729763333815,0.4624625214134265,0.456627964393321,0.3618973311381042,0.0386507133753426
TMRWI001643,PH063022022,2022-01-01,Y,0.7585689745224271,0.7479603632687675,0.7469382769185047,0.7393959247156334,0.0083080762299572
TMRWI001644,PH063022164,2022-01-01,Y,0.6943160775189386,0.674255476542925,0.6699699451061177,0.6627659384405256,0.014188124074581
TMRWI001645,PH104305048,2022-01-01,Y,0.7050573599082014,0.508872640045089,0.5051805021634146,0.4254683929727666,0.0567992297565126
TMRWI001646,PH063022165,2022-01-01,Y,0.7555751943856954,0.7094833167923088,0.693053667738478,0.6784508810499097,0.0354710235266398
TMRWI001647,PH112402106,2022-01-01,Y,0.4991009075721072,0.3602718163990241,0.3541682620720995,0.2207192086927463,0.053554909247805
TMRWI001648,PH063022021,2022-01-01,Y,0.7719002656684016,0.7434350500415601,0.75358976621586,0.713901550508411,0.0249290100316837
TMRWI001649,PH104305047,2022-01-01,Y,0.4425542590293648,0.3275528085774497,0.322945176160446,0.1880552954693038,0.0540692511160706
TMRWI00164A,PH063022166,2022-01-01,Y,0.7217250514039493,0.7007779105165683,0.7065927594125451,0.6740159207332106,0.0243803125103367
TMRWI00164B,PH104305046,2022-01-01,Y,0.7410835262126958,0.5662231174526714,0.539265899273516,0.4668302774176153,0.0743161420691138
TMRWI00164C,PH112402107,2022-01-01,Y,0.5671805285537068,0.5117201776612973,0.5137570417100595,0.4334485508688454,0.0286830626878675
TMRWI00164D,PH063022020,2022-01-01,Y,0.7693588456904442,0.7459089588614544,0.7459089588614544,0.7224590720324645,0.0331631479896716
TMRWI00164E,PH063022167,2022-01-01,Y,0.7276438348646024,0.7145258983838882,0.7253961989373765,0.690537661349686,0.0208047976155055
TMRWI00164F,PH104305045,2022-01-01,Y,0.7774169353000647,0.7330878290256617,0.7296766207327107,0.6990497181858477,0.0310544807881877
TMRWI001650,PH112402108,2022-01-01,Y,0.450987730975327,0.3774054385844875,0.3821310069085931,0.2912312429661278,0.0386936129721678
TMRWI001651,PH063022019,2022-01-01,Y,0.7066247082262798,0.6563734940661925,0.6632432398119853,0.6033737505847631,0.0357732996567087
TMRWI001652,PH063022168,2022-01-01,Y,0.7253961989373765,0.6868824895011275,0.694458894742859,0.6114471308287803,0.0362491375666492
TMRWI001653,PH112402101,2022-01-01,Y,0.7670479941754607,0.6700766937746166,0.6726766291506461,0.5812657944850125,0.0339979343838167
TMRWI001654,PH063022159,2022-01-01,Y,0.7547067377673128,0.7173728651497637,0.7173728651497637,0.6800389925322147,0.0527980689916474
TMRWI001655,PH104305053,2022-01-01,Y,0.7673608479441021,0.7105339866793471,0.7252559585572471,0.5911469666536514,0.0468360053547916
TMRWI001656,PH063022158,2022-01-01,Y,0.7618067341574957,0.7294400950975299,0.7394872772087062,0.6769790918152115,0.0366783760256634
TMRWI001657,PH063022149,2022-01-01,Y,0.7436262310296664,0.7295293233490104,0.7353433451170115,0.7038043721323521,0.0182495082378931
TMRWI001658,PH104305061,2022-01-01,Y,0.7773594235083097,0.7082124693672045,0.6978726620440423,0.6007962044067019,0.0475471715792602
TMRWI001659,PH112402090,2022-01-01,Y,0.5381404062310551,0.4794700546316781,0.4841567520128739,0.3733528793283627,0.0407167412780153
TMRWI00165A,PH063022033,2022-01-01,Y,0.7178338672927869,0.6235679622159468,0.6163155450826573,0.5632986936747958,0.0571007759913631
TMRWI00165B,PH063022150,2022-01-01,Y,0.7585689745224271,0.7449016161324338,0.7505498484023667,0.7199377932025743,0.0179220968919114
TMRWI00165C,PH104305060,2022-01-01,Y,0.7357380463029822,0.5802038134517713,0.5623470001005778,0.5010342420175214,0.0604759822514306
TMRWI00165D,PH112402091,2022-01-01,Y,0.4938769833462682,0.3524719472550441,0.3587730446355684,0.2592127755086439,0.0459973039429504
TMRWI00165E,PH063022032,2022-01-01,Y,0.7293838135380689,0.688945059457838,0.6847622282236943,0.6587864682764382,0.0247645209641464
TMRWI00165F,PH063022151,2022-01-01,Y,0.7131132065986526,0.6681963313417367,0.6886041308639065,0.5699937809664374,0.0516940543472697
TMRWI001660,PH104305059,2022-01-01,Y,0.5474358864626047,0.41341882269469,0.4251880277503707,0.3208418470691987,0.0539570809341144
TMRWI001661,PH112402092,2022-01-01,Y,0.5109848717482816,0.3842247507936884,0.3888136621918734,0.2907237727228545,0.0424588315633213
TMRWI001662,PH063022031,2022-01-01,Y,0.7276438348646024,0.6862635036470448,0.6816955765872139,0.6493381603995237,0.0300290306759934
TMRWI001663,PH063022152,2022-01-01,Y,0.6999865468601904,0.6554454496674373,0.6535066103501348,0.6147820311092895,0.0407898944442125
TMRWI001664,PH104305058,2022-01-01,Y,0.7741987000659996,0.7433689295874277,0.7519402778617426,0.6867077484201783,0.0321106152589323
TMRWI001665,PH063022034,2022-01-01,Y,0.7453545374818182,0.7453545374818182,0.7453545374818182,0.7453545374818182,
TMRWI001666,PH063022154,2022-01-01,Y,0.7547067377673128,0.7242243203754559,0.7242243203754559,0.6937419029835991,0.0431086480894814
TMRWI001667,PH063022030,2022-01-01,Y,0.7215261596856521,0.6897911209851442,0.6931168765925889,0.6334186610121052,0.0265651871761963
TMRWI001668,PH104305057,2022-01-01,Y,0.5220753086245312,0.3892299080459123,0.3830661327106588,0.3172013802217518,0.0503412332404938
TMRWI001669,PH063022155,2022-01-01,Y,0.7178464204127617,0.6293090889815769,0.6167884330824146,0.5658130693487169,0.0753054648048592
TMRWI00166A,PH104305056,2022-01-01,Y,0.7741987000659996,0.675437660256165,0.6866601208138079,0.540270456308996,0.0638527732368481
TMRWI00166B,PH112402098,2022-01-01,Y,0.3870146780673355,0.2728524356971726,0.2661652254106157,0.2065136705946815,0.0464194469410611
TMRWI00166C,PH063022029,2022-01-01,Y,0.7495854892848692,0.7332820707767591,0.744744653031502,0.6940534877591632,0.0265438904209778
TMRWI00166D,PH063022156,2022-01-01,Y,0.7293838135380689,0.7015761931289817,0.7038043721323521,0.6756555822874905,0.022532529957529
TMRWI00166E,PH104305055,2022-01-01,Y,0.7187048847075417,0.6728992446341108,0.6859403076757024,0.6155979251390551,0.0389772725539382
TMRWI00166F,PH112402099,2022-01-01,Y,0.4939906731185711,0.361605324605536,0.3572436913120521,0.273119494018032,0.0425516911873735
TMRWI001670,PH063022028,2022-01-01,Y,0.7453545374818182,0.7453545374818182,0.7453545374818182,0.7453545374818182,
TMRWI001671,PH063022157,2022-01-01,Y,0.7547067377673128,0.7282547084353608,0.7322850964952657,0.6937419029835991,0.0270177540812873
TMRWI001672,PH104305054,2022-01-01,Y,0.7249667919619475,0.533253710215728,0.516474049011225,0.4251880277503707,0.0745652172642587
TMRWI001673,PH112402100,2022-01-01,Y,0.5730401152094032,0.4780434738039397,0.471017321747984,0.4046954176663715,0.0444428249911576
TMRWI001674,PH063022026,2022-01-01,Y,0.7066247082262798,0.6518100567411587,0.6639987014261659,0.549523878211395,0.0533569450261802
TMRWI001675,PH112402097,2022-01-01,Y,0.6743078679731915,0.5575367020127533,0.5485641492333688,0.5024552354972954,0.0448054603664469
TMRWI001676,PH104305044,2022-01-01,Y,0.7774169353000647,0.7085410458994562,0.7146399352156466,0.6007962044067019,0.0391750412758825
TMRWI001677,PH063022051,2022-01-01,Y,0.7214075000710006,0.6958471637939319,0.6907885055340846,0.6784508810499097,0.0179388637480951
TMRWI001678,PH112402001,2022-01-01,Y,0.5691941979470008,0.4852523441004412,0.4777035591875358,0.3992987731208615,0.0450894064133122
TMRWI001679,PH112402031,2022-01-01,Y,0.7127109738117021,0.6607931460621025,0.6654218788337205,0.5815604958637884,0.037438797641821
TMRWI00167A,PH063022096,2022-01-01,Y,0.77813899849587,0.7601863743416036,0.7581189057949725,0.7463686872805995,0.0149154554829614
TMRWI00167B,PH112402050,2022-01-01,Y,0.7022260688883913,0.5768124773493536,0.5691941979470008,0.4491606299578638,0.0672818241626661
TMRWI00167C,PH063022075,2022-01-01,Y,0.7438487113785078,0.7438487113785078,0.7438487113785078,0.7438487113785078,
TMRWI00167D,PH112402030,2022-01-01,Y,0.7685522314911876,0.6459547717709844,0.6455031950633028,0.5634074135400232,0.0504581972673475
TMRWI00167E,PH063022097,2022-01-01,Y,0.7504484778635553,0.7479015076726867,0.7479015076726867,0.7453545374818182,0.0036019597868862
TMRWI00167F,PH112402029,2022-01-01,Y,0.5311667272578825,0.425364725239634,0.4304077275517398,0.3415047390246469,0.0538355941799873
TMRWI001680,PH112402051,2022-01-01,Y,0.5225834264647464,0.4620240747028437,0.4573921727266341,0.3693059895950151,0.0425324806896719
TMRWI001681,PH063022074,2022-01-01,Y,0.7438487113785078,0.7438487113785078,0.7438487113785078,0.7438487113785078,
TMRWI001682,PH063022098,2022-01-01,Y,0.6999108441663835,0.6604679302065445,0.6847999011916496,0.5799507058492102,0.0472559714119886
TMRWI001683,PH112402028,2022-01-01,Y,0.558741830660349,0.4988246086662627,0.4977749930997215,0.4287442437404102,0.0370607994689202
TMRWI001684,PH112402052,2022-01-01,Y,0.6204219087798132,0.5208397452820652,0.514053782106012,0.458928058151173,0.0332173415606237
TMRWI001685,PH063022073,2022-01-01,Y,0.7729132576591922,0.7638232782338279,0.76800558399776,0.7463686872805995,0.0119154866836102
TMRWI001686,PH063022099,2022-01-01,Y,0.77813899849587,0.7426821753235748,0.7492681075196331,0.6940534877591632,0.0354393470944028
TMRWI001687,PH112402027,2022-01-01,Y,0.4971990722320547,0.4378115706723779,0.4350788293806631,0.3742930542601347,0.0279344029215057
TMRWI001688,PH112402053,2022-01-01,Y,0.5281774362469297,0.4632864839975662,0.4654702601561542,0.3694985689536363,0.0405910979520737
TMRWI001689,PH063022072,2022-01-01,Y,0.6767509233585051,0.6099524508659433,0.5954546266842992,0.5490133312888766,0.0391239652507084
TMRWI00168A,PH063022100,2022-01-01,Y,0.77813899849587,0.7536648836564325,0.7463455294289532,0.7438294772719535,0.016359140983037
TMRWI00168B,PH112402026,2022-01-01,Y,0.6974029993485305,0.6000987058245922,0.5895561805074314,0.5034871727399944,0.0515037313742148
TMRWI00168C,PH063022101,2022-01-01,Y,0.7547067377673128,0.7492681075196331,0.7492681075196331,0.7438294772719535,0.0076913846570011
TMRWI00168D,PH112402054,2022-01-01,Y,0.5113621631015941,0.4304921993822586,0.4234907477849026,0.3838991801334346,0.0329377382948579
TMRWI00168E,PH063022071,2022-01-01,Y,0.7585689745224271,0.7381330848597457,0.7393959247156334,0.7164343553411766,0.0210956774426294
TMRWI00168F,PH112402024,2022-01-01,Y,0.5712933103646342,0.4623243240070091,0.4620425900086167,0.4029135765620588,0.0396023239238321
TMRWI001690,PH063022102,2022-01-01,Y,0.7414870541560237,0.7325075904347502,0.7325075904347502,0.7235281267134767,0.0126988793774622
TMRWI001691,PH112402023,2022-01-01,Y,0.7670479941754607,0.6712977353215609,0.6740126566002624,0.5634672384627603,0.0484259598476532
TMRWI001692,PH112402055,2022-01-01,Y,0.6962143113035023,0.5875906639925563,0.5820518908388106,0.5134450453152223,0.0386575450422243
TMRWI001693,PH063022070,2022-01-01,Y,0.7572509854262256,0.7385943893144,0.7385943893144,0.7199377932025743,0.0263844112490609
TMRWI001694,PH063022103,2022-01-01,Y,0.7438294772719535,0.7097895309344591,0.7072413093510885,0.6808460277637057,0.0281300499672506
TMRWI001695,PH112402022,2022-01-01,Y,0.576510428520274,0.5048837060653619,0.5135950377960281,0.4067703350551935,0.0464569667810843
TMRWI001696,PH063022095,2022-01-01,Y,0.77813899849587,0.7404281910371678,0.7447601389468191,0.6940534877591632,0.0349133100715853
TMRWI001697,PH063022076,2022-01-01,Y,0.7547067377673128,0.7242243203754559,0.7242243203754559,0.6937419029835991,0.0431086480894814
TMRWI001698,PH112402049,2022-01-01,Y,0.7227252036258155,0.6149523244092815,0.6198635254198832,0.5008011390528357,0.0501217173244985
TMRWI001699,PH112402032,2022-01-01,Y,0.5589053570044485,0.4563854754441143,0.4623176964939095,0.336036665701482,0.0465388913300198
TMRWI00169A,PH112402041,2022-01-01,Y,0.4884317452488529,0.4254351091079628,0.4345154865203356,0.3467899158049526,0.0424831828248975
TMRWI00169B,PH063022085,2022-01-01,Y,0.7463686872805995,0.74550684537662,0.746322371577307,0.7438294772719535,0.0014528279681391
TMRWI00169C,PH112402040,2022-01-01,Y,0.7407105581561556,0.6767286535267973,0.6721629733463991,0.5752216492351188,0.0431527950184716
TMRWI00169D,PH063022087,2022-01-01,Y,0.7693588456904442,0.7036089227892458,0.690669969156051,0.6499361105122788,0.04547307569141
TMRWI00169E,PH112402039,2022-01-01,Y,0.4747107930690121,0.4142225099820311,0.4089981736705272,0.3733528793283627,0.0310588441390767
TMRWI00169F,PH112402042,2022-01-01,Y,0.5124230390926567,0.4310984501570657,0.4101967987648822,0.3766143808861547,0.0449038679560521
TMRWI0016A0,PH063022084,2022-01-01,Y,0.7547067377673128,0.7197340277866704,0.7220951904235772,0.6800389925322147,0.0383742720345567
TMRWI0016A1,PH063022088,2022-01-01,Y,0.7729132576591922,0.7596409724698958,0.7596409724698958,0.7463686872805995,0.0187698457183864
TMRWI0016A2,PH112402038,2022-01-01,Y,0.3862513682555615,0.3283012397462898,0.3392429108946748,0.2533590727707067,0.0390018043482083
TMRWI0016A3,PH112402043,2022-01-01,Y,0.7556896270629371,0.6614044462132577,0.6666226891329446,0.5548569281531465,0.0472408827758666
TMRWI0016A4,PH063022081,2022-01-01,Y,0.7414870541560237,0.7414870541560237,0.7414870541560237,0.7414870541560237,
TMRWI0016A5,PH063022089,2022-01-01,Y,0.7693588456904442,0.7459089588614544,0.7459089588614544,0.7224590720324645,0.0331631479896716
TMRWI0016A6,PH112402037,2022-01-01,Y,0.5735971751743543,0.5090856573316818,0.5124576053131513,0.4274885081609613,0.0319133865863396
TMRWI0016A7,PH112402044,2022-01-01,Y,0.5364775086137756,0.4551645493851183,0.4610901312623676,0.3720068710395137,0.0376020541502892
TMRWI0016A8,PH112402056,2022-01-01,Y,0.5644989323290154,0.5016026734965103,0.5089476507689661,0.4067703350551935,0.0377724892992743
TMRWI0016A9,PH063022080,2022-01-01,Y,0.7436262310296664,0.7436262310296664,0.7436262310296664,0.7436262310296664,
TMRWI0016AA,PH112402036,2022-01-01,Y,0.6808962722552246,0.6656105932253139,0.6692710387371392,0.645301938437204,0.0135656854936002
TMRWI0016AB,PH063022091,2022-01-01,Y,0.7453545374818182,0.7254703381947822,0.7254703381947822,0.7055861389077462,0.0281205043086557
TMRWI0016AC,PH112402045,2022-01-01,Y,0.4488977757394277,0.3569720489065851,0.3591134085131505,0.2804065311580442,0.0342824843950991
TMRWI0016AD,PH063022079,2022-01-01,Y,0.7436262310296664,0.7318029699195296,0.735348323387746,0.7164343553411766,0.0139383167662209
TMRWI0016AE,PH112402035,2022-01-01,Y,0.7199065653711197,0.6485551254076783,0.6697365811477789,0.54949330134799,0.0508588213863196
TMRWI0016AF,PH063022092,2022-01-01,Y,0.7729132576591922,0.7711360516748182,0.7711360516748182,0.7693588456904442,0.0025133488062322
TMRWI0016B0,PH112402034,2022-01-01,Y,0.4403839553808716,0.299355906792279,0.3041373376150247,0.1845728562555067,0.0558760264096412
TMRWI0016B1,PH112402047,2022-01-01,Y,0.5182286551871362,0.4442765415097408,0.448015981726091,0.3797592141904345,0.0314182333401171
TMRWI0016B2,PH063022078,2022-01-01,Y,0.7453545374818182,0.7142656305536248,0.7142656305536248,0.6831767236254312,0.0439663538172061
TMRWI0016B3,PH063022093,2022-01-01,Y,0.7131132065986526,0.7036667514682295,0.7024399607611558,0.6966738777519539,0.0073244499698149
TMRWI0016B4,PH112402033,2022-01-01,Y,0.5457123763088532,0.5018277308091698,0.4991102109498551,0.4489887566459001,0.0242946592037533
TMRWI0016B5,PH112402048,2022-01-01,Y,0.6016273382332974,0.4919628979292959,0.4912261574496933,0.413085844259103,0.0358904172989159
TMRWI0016B6,PH063022077,2022-01-01,Y,0.7547067377673128,0.7095997393528969,0.6940534877591632,0.6800389925322147,0.0396873090368335
TMRWI0016B7,PH063022094,2022-01-01,Y,0.7693588456904442,0.6899120682288299,0.6767509233585051,0.601882442089797,0.0546911841932961
TMRWI0016B8,PH063022090,2022-01-01,Y,0.7438487113785078,0.7426678827672657,0.7426678827672657,0.7414870541560237,0.0016699438368567
TMRWI0016B9,PH112402071,2022-01-01,Y,0.3870146780673355,0.3103947247764137,0.3157655951183555,0.2079899182115375,0.051324258052238
TMRWI0016BA,PH063022069,2022-01-01,Y,0.7438487113785078,0.7438487113785078,0.7438487113785078,0.7438487113785078,
TMRWI0016BB,PH112402021,2022-01-01,Y,0.7539714098640528,0.7121302057697438,0.7123900273689561,0.6401689065030625,0.0238916364899203
TMRWI0016BC,PH063022115,2022-01-01,Y,0.7573988110963179,0.6661798743651919,0.6906386946232044,0.5650095857359082,0.0640574804120735
TMRWI0016BD,PH112402010,2022-01-01,Y,0.7556896270629371,0.6705298075001475,0.6871687140776312,0.5452193885738474,0.0606965729543435
TMRWI0016BE,PH112402065,2022-01-01,Y,0.4959225935374672,0.3456766871887985,0.3410580491079757,0.2079902779140743,0.0478028404426538
TMRWI0016BF,PH063022057,2022-01-01,Y,0.7500278424585016,0.7393253550088227,0.7426678827672657,0.7219378120422577,0.0121381435164094
TMRWI0016C0,PH063022116,2022-01-01,Y,0.7414870541560237,0.7320232859499236,0.7323341388007065,0.7219378120422577,0.0107480951700221
TMRWI0016C1,PH112402009,2022-01-01,Y,0.5589006670528134,0.5241703111664792,0.5253056600974625,0.4714844218551169,0.0199860485499769
TMRWI0016C2,PH063022117,2022-01-01,Y,0.7413028766959542,0.6575670960023196,0.6776176035021451,0.5650095857359082,0.0672095543797049
TMRWI0016C3,PH112402066,2022-01-01,Y,0.6492931493373927,0.5332212526229965,0.5194470986148042,0.4861103220304665,0.0420331243266243
TMRWI0016C4,PH063022056,2022-01-01,Y,0.7453545374818182,0.7158715180471728,0.7055861389077462,0.6966738777519539,0.0259189781041811
TMRWI0016C5,PH112402007,2022-01-01,Y,0.5840042913695739,0.492885249153367,0.4929851757030913,0.4129659035153952,0.0390160041085826
TMRWI0016C6,PH063022118,2022-01-01,Y,0.7393959247156334,0.727915140028405,0.727915140028405,0.7164343553411766,0.0162362814113637
TMRWI0016C7,PH112402006,2022-01-01,Y,0.7258229399173421,0.642338983545254,0.6492378289280849,0.5357932101048622,0.0543797672089656
TMRWI0016C8,PH112402067,2022-01-01,Y,0.526407984255341,0.3705957545386799,0.368415867069687,0.2438749289691767,0.0604001283334271
TMRWI0016C9,PH063022055,2022-01-01,Y,0.7585689745224271,0.7512088429504675,0.7512088429504675,0.7438487113785078,0.0104087978899156
TMRWI0016CA,PH063022119,2022-01-01,Y,0.7436262310296664,0.7176444521703857,0.7249862429183326,0.6769790918152115,0.0314589320858589
TMRWI0016CB,PH112402005,2022-01-01,Y,0.7390484048795061,0.6734988792664945,0.6774524380350558,0.5784812866938224,0.0419974690442799
TMRWI0016CC,PH112402068,2022-01-01,Y,0.635424829844078,0.5128823194105836,0.519112367962085,0.4221354608809996,0.0399057388451621
TMRWI0016CD,PH063022054,2022-01-01,Y,0.7414870541560237,0.7325075904347502,0.7325075904347502,0.7235281267134767,0.0126988793774622
TMRWI0016CE,PH063022120,2022-01-01,Y,0.7306572967055913,0.6976001082600973,0.6871971987637429,0.6578226913011676,0.0302445230758928
TMRWI0016CF,PH112402004,2022-01-01,Y,0.5033933682788795,0.4595961702040845,0.4601785668723182,0.399807054047262,0.0252512437957525
TMRWI0016D0,PH112402069,2022-01-01,Y,0.6737209069912697,0.5515148320937727,0.545913858627513,0.4479287432583816,0.0707300009155403
TMRWI0016D1,PH063022053,2022-01-01,Y,0.7585689745224271,0.7469586489550866,0.7469586489550866,0.735348323387746,0.0164194798809
TMRWI0016D2,PH063022121,2022-01-01,Y,0.7197708120452058,0.6810193003228832,0.677185139367024,0.6499361105122788,0.0289292029827293
TMRWI0016D3,PH112402003,2022-01-01,Y,0.6169749490910197,0.5490484289197832,0.5457081180559848,0.496926346380258,0.0311285310899397
TMRWI0016D4,PH063022122,2022-01-01,Y,0.7411401508879365,0.7323341388007065,0.7323341388007065,0.7235281267134767,0.0124535817241819
TMRWI0016D5,PH112402070,2022-01-01,Y,0.5770159185863415,0.469404819934235,0.45825636142596,0.4132417692105774,0.0342461791000391
TMRWI0016D6,PH063022052,2022-01-01,Y,0.735348323387746,0.7258913393644613,0.7258913393644613,0.7164343553411766,0.0133741950648749
TMRWI0016D7,PH112402002,2022-01-01,Y,0.7664762758550279,0.7285749893508637,0.7206228507284691,0.7065779800914891,0.0272593272895987
TMRWI0016D8,PH063022123,2022-01-01,Y,0.7414870541560237,0.7317124330991407,0.7317124330991407,0.7219378120422577,0.0138234016657015
TMRWI0016D9,PH063022060,2022-01-01,Y,0.7293838135380689,0.6784212712734788,0.6783934411824434,0.6019052063425618,0.0376556488485666
TMRWI0016DA,PH112402064,2022-01-01,Y,0.5822355260547859,0.4829856323441506,0.4872098352402828,0.4046954176663715,0.040943053966364
TMRWI0016DB,PH112402012,2022-01-01,Y,0.7127323875201387,0.605499974236395,0.600132222132781,0.5395378252801738,0.0597480455615289
TMRWI0016DC,PH063022114,2022-01-01,Y,0.7572509854262256,0.732118502686076,0.7362305211424264,0.6808460277637057,0.0258317941691926
TMRWI0016DD,PH112402057,2022-01-01,Y,0.7394672184463731,0.6423049781215443,0.6608905465796339,0.5413742643628351,0.0642455464985465
TMRWI0016DE,PH063022068,2022-01-01,Y,0.7110878795402112,0.5981743930735228,0.5910659737774975,0.5375144319720274,0.0436735445177013
TMRWI0016DF,PH063022105,2022-01-01,Y,0.7197708120452058,0.6913803635930845,0.6797784408930361,0.6745918378410118,0.0247232357366351
TMRWI0016E0,PH112402020,2022-01-01,Y,0.7441395641235452,0.7070922049396297,0.7187286391012974,0.6029231957551133,0.0376593207600622
TMRWI0016E1,PH063022106,2022-01-01,Y,0.7547067377673128,0.7089969233047745,0.7013058505274916,0.6661756306105808,0.0366403471107844
TMRWI0016E2,PH112402058,2022-01-01,Y,0.6396662604613667,0.5618943047553704,0.5384951784550508,0.5005900836062477,0.049151204800941
TMRWI0016E3,PH063022067,2022-01-01,Y,0.7215261596856521,0.6734814921627875,0.6794537231234665,0.5736149073110662,0.0439392578010087
TMRWI0016E4,PH112402019,2022-01-01,Y,0.6735242023072587,0.5659189435812085,0.5502388197985841,0.4878013537768724,0.0480341046646232
TMRWI0016E5,PH063022107,2022-01-01,Y,0.7411401508879365,0.7288686965478903,0.7235281267134767,0.7219378120422577,0.0106570971142827
TMRWI0016E6,PH112402018,2022-01-01,Y,0.5611398595160275,0.5241102720537935,0.5229212236627095,0.4945416502493555,0.0156956956440999
TMRWI0016E7,PH112402059,2022-01-01,Y,0.7556896270629371,0.6390405161588318,0.6545342889296709,0.5337404251163632,0.0659674098318544
TMRWI0016E8,PH063022065,2022-01-01,Y,0.7436262310296664,0.7248033204727353,0.7258913393644613,0.7038043721323521,0.0180415673477217
TMRWI0016E9,PH063022108,2022-01-01,Y,0.7055861389077462,0.7055861389077462,0.7055861389077462,0.7055861389077462,
TMRWI0016EA,PH112402017,2022-01-01,Y,0.5905091369804153,0.5293927621058837,0.5209319600815255,0.4943348939387839,0.023826090758097
TMRWI0016EB,PH063022104,2022-01-01,Y,0.7585689745224271,0.7512088429504675,0.7512088429504675,0.7438487113785078,0.0104087978899156
TMRWI0016EC,PH112402060,2022-01-01,Y,0.382586524024974,0.3134571696887165,0.3146109105797474,0.2388772418584953,0.0377718948056052
TMRWI0016ED,PH063022109,2022-01-01,Y,0.7217250514039493,0.7217250514039493,0.7217250514039493,0.7217250514039493,
TMRWI0016EE,PH112402016,2022-01-01,Y,0.5690730959073647,0.4940664958631398,0.4961081595123895,0.4418686788759229,0.0289576149371462
TMRWI0016EF,PH112402061,2022-01-01,Y,0.7818932644622262,0.6925490916867341,0.7001980133148371,0.5943859218780833,0.0430118449274306
TMRWI0016F0,PH063022063,2022-01-01,Y,0.77813899849587,0.7360962431275166,0.7360962431275166,0.6940534877591632,0.0594574348414596
TMRWI0016F1,PH063022110,2022-01-01,Y,0.7393959247156334,0.7035786153644945,0.7038043721323521,0.6756555822874905,0.0258257598899426
TMRWI0016F2,PH112402015,2022-01-01,Y,0.5911668235644247,0.4878380740036934,0.4876144361824805,0.4095033757795909,0.0422438701493441
TMRWI0016F3,PH063022112,2022-01-01,Y,0.7570429520965496,0.7238418569329088,0.720740715718578,0.6937419029835991,0.0317642647061672
TMRWI0016F4,PH112402062,2022-01-01,Y,0.4830026353240321,0.37110103387256,0.3688100412733193,0.2804065311580442,0.0501737401294841
TMRWI0016F5,PH063022062,2022-01-01,Y,0.7438487113785078,0.7438487113785078,0.7438487113785078,0.7438487113785078,
TMRWI0016F6,PH112402014,2022-01-01,Y,0.6808962722552246,0.5614665098975805,0.5343262905091033,0.4791076414955878,0.061414706098141
TMRWI0016F7,PH063022113,2022-01-01,Y,0.7411401508879365,0.7290424498779592,0.7235281267134767,0.7224590720324645,0.0104905432067578
TMRWI0016F8,PH112402013,2022-01-01,Y,0.5578942093578602,0.4668106070173037,0.4689383351981312,0.3842043642398323,0.0397638582606828
TMRWI0016F9,PH112402063,2022-01-01,Y,0.7263907246317665,0.5692234654864624,0.553898559030447,0.5043514339565344,0.0586252112496287
TMRWI0016FA,PH063022061,2022-01-01,Y,0.7411401508879365,0.7004668485249361,0.7004668485249361,0.6597935461619359,0.0575207358282567
TMRWI0016FB,PH063022064,2022-01-01,Y,0.7340674446289499,0.6984100669265266,0.692153562702512,0.6578226913011676,0.0279814242599283
TMRWI0016FC,PH083747026,2022-01-01,Y,0.548941638899633,0.4590259820644161,0.4703004711609864,0.3420166770296587,0.0649836538718213
TMRWI0016FD,PH112402110,2022-01-01,Y,0.7685522314911876,0.6145965357662236,0.5901765302537832,0.5217755307541128,0.0588275888054068
TMRWI0016FE,PH063022169,2022-01-01,Y,0.7411401508879365,0.7077975896941123,0.7224590720324645,0.6597935461619359,0.0426091166697974
TMRWI0016FF,PH097332103,2022-01-01,Y,0.4664670138417885,0.4108098245467708,0.4109990801684487,0.3517950028544844,0.0296717590893731
TMRWI001700,PH112402151,2022-01-01,Y,0.7502099633039783,0.7229046943191195,0.7217459376297153,0.7065779800914891,0.0180342647032456
TMRWI001701,PH050506052,2022-01-01,Y,0.7280836152660598,0.6437115072861186,0.6640117392323921,0.5605059252924035,0.0702049305875177
TMRWI001702,PH072230018,2022-01-01,Y,0.7736392647202992,0.7721223895647282,0.7721223895647282,0.7706055144091571,0.0021451854174353
TMRWI001703,PH097332102,2022-01-01,Y,0.5910433546107842,0.5258045460431523,0.5230973851199339,0.4584712156095278,0.0375206341079379
TMRWI001704,PH112402152,2022-01-01,Y,0.7502099633039783,0.7061570501958743,0.7127311158020386,0.6228799186346896,0.0320920559326963
TMRWI001705,PH050506051,2022-01-01,Y,0.7672732347607055,0.7234653052874968,0.733513561180976,0.6468792099158459,0.0365370480058796
TMRWI001706,PH072230019,2022-01-01,Y,0.7449044277857909,0.7106246708349233,0.7135872019722991,0.6536630231524767,0.0315083091967843
TMRWI001707,PH097332101,2022-01-01,Y,0.6862680775813281,0.6271984867807137,0.6386421840781565,0.5396901112495458,0.0554378379827814
TMRWI001708,PH112402153,2022-01-01,Y,0.7497819249936322,0.7241265944751742,0.7289319468254638,0.6991735624197319,0.0207903459493907
TMRWI001709,PH050506050,2022-01-01,Y,0.4674779364734271,0.3547415666586683,0.353662105395137,0.269619056633725,0.0415731761649898
TMRWI00170A,PH072230020,2022-01-01,Y,0.7769703201174074,0.6956793247517772,0.7174647935844187,0.5569499878236782,0.0738952082906066
TMRWI00170B,PH097332100,2022-01-01,Y,0.491539113646069,0.3487221965466868,0.3473295160800552,0.2780703593034782,0.0444904891628194
TMRWI00170C,PH072230021,2022-01-01,Y,0.7638981502501401,0.7395263218837304,0.7411425298217311,0.7135563508693525,0.0153734434762946
TMRWI00170D,PH112402154,2022-01-01,Y,0.6797207764062102,0.6776889899830352,0.6776889899830352,0.6756572035598601,0.0028733799154996
TMRWI00170E,PH050506049,2022-01-01,Y,0.5777617744065338,0.4951272426978601,0.4994067989932099,0.4266727961001016,0.0530102699594496
TMRWI00170F,PH097332099,2022-01-01,Y,0.6971671227955281,0.6587635857414672,0.6588073457337995,0.6236077362454947,0.030766760704657
TMRWI001710,PH072230022,2022-01-01,Y,0.79631465774807,0.7474285820110539,0.7703712737366427,0.6300063482798166,0.0509299785011765
TMRWI001711,PH097332098,2022-01-01,Y,0.533006006015908,0.4471016576837772,0.4418501797257164,0.3812089185695837,0.0399771981939461
TMRWI001712,PH112402155,2022-01-01,Y,0.6797207764062102,0.6587179815281217,0.6756572035598601,0.6207759646182948,0.0329215072780484
TMRWI001713,PH050506048,2022-01-01,Y,0.4005920111326898,0.3679076277739416,0.3706134867276652,0.3397119577525385,0.0206595533395367
TMRWI001714,PH072230023,2022-01-01,Y,0.7695985173389894,0.7489487378894115,0.754019221625537,0.7263680010237268,0.0149219126483891
TMRWI001715,PH097332097,2022-01-01,Y,0.5526006071420544,0.4075932078838447,0.4173945328642869,0.2157680204852108,0.0564618627021364
TMRWI001716,PH112402156,2022-01-01,Y,0.7045096168875957,0.6683354526373669,0.6797207764062102,0.6207759646182948,0.0430122113890938
TMRWI001717,PH050506047,2022-01-01,Y,0.5784028601816622,0.4948040525216356,0.4894061147251355,0.4027569858757596,0.0478149318673336
TMRWI001718,PH072230024,2022-01-01,Y,0.7611944685728428,0.749036573242604,0.7582615351088635,0.7126210543022954,0.0205454295786578
TMRWI001719,PH097332096,2022-01-01,Y,0.3844843457517581,0.3257888845382028,0.3395632110926398,0.1838566333806535,0.0427332948262684
TMRWI00171A,PH112402157,2022-01-01,Y,0.7621762739996168,0.7103713440320548,0.701825949284371,0.6756572035598601,0.0408743896851541
TMRWI00171B,PH050506046,2022-01-01,Y,0.7672732347607055,0.6977198889758529,0.6867147565423495,0.6468792099158459,0.0475699940274592
TMRWI00171C,PH072230017,2022-01-01,Y,0.7904036303353861,0.767738563424771,0.7697722206581666,0.7514420333581611,0.0118594347688515
TMRWI00171D,PH097332104,2022-01-01,Y,0.626595191605578,0.5305301108518335,0.5322413029491779,0.4556923416996711,0.0486283207383556
TMRWI00171E,PH050506053,2022-01-01,Y,0.6743912920147642,0.5862733532109113,0.5747154501110533,0.5059679379598367,0.0682310829451965
TMRWI00171F,PH112402150,2022-01-01,Y,0.7289319468254638,0.7190852881822227,0.7217459376297153,0.7065779800914891,0.0114120221169494
TMRWI001720,PH050506060,2022-01-01,Y,0.5504437136701149,0.4992110462436868,0.5094389494238711,0.4057573333319061,0.040453171376036
TMRWI001721,PH072230008,2022-01-01,Y,0.7582615351088635,0.7537861016406624,0.7536837677681936,0.74941300204493,0.0044251540664672
TMRWI001722,PH104305005,2022-01-01,Y,0.7562494139022098,0.6744115269022243,0.6861084692855132,0.5159634861840164,0.0550385203833811
TMRWI001723,PH112402144,2022-01-01,Y,0.7768694595568949,0.7471080085033739,0.7502099633039783,0.7142446026492486,0.031427452463802
TMRWI001724,PH050506059,2022-01-01,Y,0.5796993054231713,0.5192369826650789,0.5265575562674771,0.4501626176296854,0.0363515195295102
TMRWI001725,PH072230009,2022-01-01,Y,0.7974566378128516,0.7745049973507095,0.7769045172484192,0.7537199220859246,0.0167669424658481
TMRWI001726,PH104305004,2022-01-01,Y,0.5566813534631028,0.4656301954248651,0.4667759186867847,0.3583259107688616,0.0533255319802502
TMRWI001727,PH112402145,2022-01-01,Y,0.7768694595568949,0.7407674907849593,0.7359779504668468,0.7142446026492486,0.0286228085972209
TMRWI001728,PH050506058,2022-01-01,Y,0.6079826199151932,0.4870786652239247,0.4795012734981637,0.3887916107366452,0.061094136418397
TMRWI001729,PH072230010,2022-01-01,Y,0.7771576641650363,0.7666547816587796,0.7691003291674159,0.7512608041352506,0.0115535039717481
TMRWI00172A,PH104305003,2022-01-01,Y,0.7627226330191985,0.6848518567109847,0.6949933335416865,0.5409687763611617,0.0563527961746211
TMRWI00172B,PH072230011,2022-01-01,Y,0.7582615351088635,0.7457410927430459,0.74941300204493,0.7262046289715113,0.0126110138286926
TMRWI00172C,PH112402146,2022-01-01,Y,0.7217459376297153,0.717995270139482,0.717995270139482,0.7142446026492486,0.0053042448326398
TMRWI00172D,PH050506057,2022-01-01,Y,0.5223709650346785,0.450974865902322,0.4430849629054217,0.3789728147130294,0.0379380692652175
TMRWI00172E,PH072230025,2022-01-01,Y,0.7825938696988043,0.7508517377284375,0.7481143917838842,0.7263680010237268,0.0171948377465702
TMRWI00172F,PH104305002,2022-01-01,Y,0.6596469023173259,0.5551241037175934,0.5424424751645183,0.4809725763237498,0.0488514976500131
TMRWI001730,PH104305001,2022-01-01,Y,0.6614972101099648,0.5245333227537399,0.4844380977980139,0.4338714343913192,0.0788254602873314
TMRWI001731,PH112402147,2022-01-01,Y,0.7217459376297153,0.7151155090593166,0.7138210849101254,0.7110739287873001,0.0046190459487154
TMRWI001732,PH050506056,2022-01-01,Y,0.6127536947061543,0.4763456596131053,0.4624768329207018,0.3906295354396389,0.0496923531290732
TMRWI001733,PH072230013,2022-01-01,Y,0.7904036303353861,0.7643985049891782,0.7701020158740732,0.7362993814084231,0.0180119016301678
TMRWI001734,PH097332904,2022-01-01,Y,0.3622122619810443,0.3231336240825088,0.3365914979746382,0.2000397986868142,0.0400838902761651
TMRWI001735,PH112402148,2022-01-01,Y,0.7217459376297153,0.7131988534198768,0.7122357479791512,0.7065779800914891,0.0063624786566673
TMRWI001736,PH050506055,2022-01-01,Y,0.7284930474083517,0.6938163087109097,0.6980271326006134,0.6468792099158459,0.0332999379455866
TMRWI001737,PH072230014,2022-01-01,Y,0.7659943565083226,0.7369460321705446,0.737766796618026,0.7132506312401863,0.0223153429160594
TMRWI001738,PH097332902,2022-01-01,Y,0.3815676463874875,0.2683835049522483,0.2702549471137785,0.1613780472217676,0.0545620907401919
TMRWI001739,PH112402149,2022-01-01,Y,0.7289319468254638,0.7170824483334921,0.7164099332085077,0.7065779800914891,0.0101424012132474
TMRWI00173A,PH050506054,2022-01-01,Y,0.7370754400405226,0.6116733574256713,0.5933773113996405,0.4944581201909722,0.0729371473638568
TMRWI00173B,PH072230015,2022-01-01,Y,0.7565964098929129,0.7025589381652435,0.7339059825564731,0.5696674459771981,0.0665533814631247
TMRWI00173C,PH097332901,2022-01-01,Y,0.5250224760878524,0.3243402088393741,0.3172984520467047,0.1686754102863041,0.0996722397580846
TMRWI00173D,PH072230016,2022-01-01,Y,0.7771576641650363,0.7222669712446023,0.7449044277857909,0.6153782700598688,0.0515378129825155
TMRWI00173E,PH072230012,2022-01-01,Y,0.7874248413445808,0.7754038861128453,0.7721223895647282,0.7699459239773438,0.0081737583159307
TMRWI00173F,PH112402143,2022-01-01,Y,0.7768694595568949,0.731303824138891,0.7291295586363429,0.6976733169718743,0.0222183623405995
TMRWI001740,PH097332095,2022-01-01,Y,0.3118618430705656,0.2458894694910009,0.2576177413429355,0.173948300601943,0.0517129290378233
TMRWI001741,PH112402158,2022-01-01,Y,0.6797207764062102,0.6797207764062102,0.6797207764062102,0.6797207764062102,
TMRWI001742,PH083747018,2022-01-01,Y,0.594822836038215,0.5388887675882047,0.5440313415826032,0.4864096630085518,0.0386483081924438
TMRWI001743,PH112402166,2022-01-01,Y,0.7621762739996168,0.7430536980810745,0.7430536980810745,0.723931122162532,0.0270434062115118
TMRWI001744,PH050506037,2022-01-01,Y,0.7284930474083517,0.6703725829252859,0.672661423740208,0.556009550248223,0.0610937736255556
TMRWI001745,PH097332084,2022-01-01,Y,0.5828270673912835,0.447944306083037,0.4428890682470943,0.3392636015354147,0.0587665955208679
TMRWI001746,PH083747019,2022-01-01,Y,0.5665318087232343,0.5065482749013005,0.4966768280172287,0.4483134783645097,0.0416096409348327
TMRWI001747,PH097332083,2022-01-01,Y,0.5117341017211144,0.4325931208946673,0.434299334723765,0.3312361078352608,0.0421407589015534
TMRWI001748,PH112402167,2022-01-01,Y,0.7621762739996168,0.7232961491882908,0.718023561695158,0.6949611993632304,0.0285186043722912
TMRWI001749,PH050506035,2022-01-01,Y,0.7684190731521096,0.7353424970047431,0.7368930527766782,0.7013484702011523,0.018687442380628
TMRWI00174A,PH083747020,2022-01-01,Y,0.5497773482840154,0.4679643529313675,0.4577211214292965,0.4217332560812914,0.0409444557133092
TMRWI00174B,PH097332082,2022-01-01,Y,0.388672652034558,0.347352264067126,0.3460892400372787,0.3210737671384019,0.0140810222148805
TMRWI00174C,PH112402168,2022-01-01,Y,0.723931122162532,0.7094461607628813,0.7094461607628813,0.6949611993632304,0.0204848288618369
TMRWI00174D,PH050506034,2022-01-01,Y,0.7370257764038266,0.7370257764038266,0.7370257764038266,0.7370257764038266,
TMRWI00174E,PH083747021,2022-01-01,Y,0.6015467640951493,0.565840108910723,0.5668336178783422,0.5165420176794941,0.0353267342491055
TMRWI00174F,PH097332081,2022-01-01,Y,0.4205921476017431,0.3603357947822723,0.3532712577045885,0.3156813679732611,0.0244380843705248
TMRWI001750,PH112402169,2022-01-01,Y,0.723931122162532,0.723931122162532,0.723931122162532,0.723931122162532,
TMRWI001751,PH050506033,2022-01-01,Y,0.7370257764038266,0.722112837320465,0.7279642653564163,0.7013484702011523,0.0185444587954133
TMRWI001752,PH083747022,2022-01-01,Y,0.4665785547641796,0.4281030506709187,0.428277429783627,0.3892717322368247,0.0252673176821923
TMRWI001753,PH097332080,2022-01-01,Y,0.617026661032009,0.5074737098411914,0.5054335431105321,0.4056469657030706,0.0626781074419381
TMRWI001754,PH083747023,2022-01-01,Y,0.5888607293503805,0.5435385393367723,0.5552442338031383,0.4794486918238482,0.0362242180771357
TMRWI001755,PH112402170,2022-01-01,Y,0.723931122162532,0.7130306550019796,0.7166151492410782,0.6949611993632304,0.0126485346724138
TMRWI001756,PH050506032,2022-01-01,Y,0.7284930474083517,0.7163957633975755,0.7178707679903988,0.7013484702011523,0.01391490769199
TMRWI001757,PH097332079,2022-01-01,Y,0.4750221734784901,0.3916085348335071,0.3862011009121206,0.3281843243068419,0.0411200361730377
TMRWI001758,PH083747024,2022-01-01,Y,0.610352273891184,0.5170122795525997,0.5169164525943901,0.382337907262315,0.0548594978954695
TMRWI001759,PH097332078,2022-01-01,Y,0.4253404532153693,0.3409443018702515,0.3450244250822703,0.210115198552505,0.041523734137167
TMRWI00175A,PH112402171,2022-01-01,Y,0.723931122162532,0.7125403202090199,0.7187286391012974,0.6949611993632304,0.0154445969446846
TMRWI00175B,PH050506030,2022-01-01,Y,0.7370257764038266,0.6924003534227082,0.6959880022944043,0.6405996326981978,0.0474181691320167
TMRWI00175C,PH083747025,2022-01-01,Y,0.6081951309366549,0.5074233511393169,0.5277093132450088,0.3420166770296587,0.0778745549541953
TMRWI00175D,PH097332077,2022-01-01,Y,0.6918640750012989,0.6541447223583077,0.6558160098390142,0.6130827947539036,0.0323467057836602
TMRWI00175E,PH112402172,2022-01-01,Y,0.7187286391012974,0.7093971659484621,0.7145016593808589,0.6949611993632304,0.012679301551217
TMRWI00175F,PH097332085,2022-01-01,Y,0.6656401899653157,0.5577266867995057,0.5768127085761106,0.4472858320950379,0.0666716418581317
TMRWI001760,PH083747015,2022-01-01,Y,0.7148309301417755,0.7053885919305978,0.7053885919305978,0.6959462537194202,0.0133534827587611
TMRWI001761,PH050506038,2022-01-01,Y,0.7474007306607189,0.7377315756431594,0.7355772338022204,0.7302167624665388,0.0087922171436085
TMRWI001762,PH112402165,2022-01-01,Y,0.7768694595568949,0.7274991105259895,0.7190878624058903,0.6756572035598601,0.0367493480747394
TMRWI001763,PH050506045,2022-01-01,Y,0.6371764285874167,0.5596680720149159,0.5637492666836293,0.4994067989932099,0.0383049661453196
TMRWI001764,PH097332094,2022-01-01,Y,0.715516625911783,0.6560266333392336,0.6476412561658752,0.6249469284954153,0.0271559352621471
TMRWI001765,PH072230027,2022-01-01,Y,0.7531931908809721,0.689435488864398,0.7080797686195409,0.5569499878236782,0.0696692629209069
TMRWI001766,PH097332093,2022-01-01,Y,0.5642272411252863,0.4826717415849689,0.4651020184542213,0.4328190437424231,0.0386371601134
TMRWI001767,PH112402159,2022-01-01,Y,0.7133975671710023,0.6796009812707757,0.692115196646903,0.6207759646182948,0.0417254769568986
TMRWI001768,PH050506044,2022-01-01,Y,0.4120519282539144,0.3417020149406095,0.3391276456153486,0.2755422692820102,0.0319853357966819
TMRWI001769,PH083747006,2022-01-01,Y,0.7428934209395712,0.6675767736359609,0.6675304963533575,0.5923526808975577,0.0725854159954351
TMRWI00176A,PH097332092,2022-01-01,Y,0.6864500272066022,0.5946326134209902,0.6053770058871732,0.4882340898081259,0.0563910946872611
TMRWI00176B,PH112402160,2022-01-01,Y,0.7133975671710023,0.6795610495589642,0.7045096168875957,0.6207759646182948,0.0511029703018462
TMRWI00176C,PH050506043,2022-01-01,Y,0.7474007306607189,0.7105955835140253,0.7370754400405226,0.6473105798408345,0.0550490388111791
TMRWI00176D,PH083747008,2022-01-01,Y,0.6873042036128626,0.616778558744761,0.6096355743308859,0.5605388827044095,0.0629834710231548
TMRWI00176E,PH097332091,2022-01-01,Y,0.4060468386202507,0.3196994080741614,0.3308430991897761,0.1622293637349519,0.0565873593963618
TMRWI00176F,PH112402161,2022-01-01,Y,0.7621762739996168,0.7173848050565195,0.7138210849101254,0.6797207764062102,0.0339146658608833
TMRWI001770,PH050506042,2022-01-01,Y,0.7605984006501866,0.7454444393447331,0.7450077755408155,0.7302167624665388,0.0106496066425334
TMRWI001771,PH072230026,2022-01-01,Y,0.8004257014482318,0.7682390336295882,0.7741742442354616,0.7022739465284293,0.0277207710694862
TMRWI001772,PH083747010,2022-01-01,Y,0.7428934209395712,0.6616102125760925,0.6580881581421798,0.5923526808975577,0.064054347228573
TMRWI001773,PH083747011,2022-01-01,Y,0.7148309301417755,0.7148309301417755,0.7148309301417755,0.7148309301417755,
TMRWI001774,PH112402162,2022-01-01,Y,0.7621762739996168,0.7382104383244328,0.7382104383244328,0.7142446026492486,0.0338928098454503
TMRWI001775,PH050506041,2022-01-01,Y,0.7527467110948091,0.7500737208777639,0.7500737208777639,0.7474007306607189,0.0037801790170358
TMRWI001776,PH097332089,2022-01-01,Y,0.5026370784500314,0.3806103114594043,0.3756901748558256,0.33024319004594,0.0386426849067977
TMRWI001777,PH083747012,2022-01-01,Y,0.7148309301417755,0.7148309301417755,0.7148309301417755,0.7148309301417755,
TMRWI001778,PH097332088,2022-01-01,Y,0.5172833540591979,0.3890012589519838,0.3791540233954095,0.3390368177693896,0.0473273811024944
TMRWI001779,PH112402163,2022-01-01,Y,0.7621762739996168,0.7299394812732892,0.7142446026492486,0.7133975671710023,0.0279210936611642
TMRWI00177A,PH050506040,2022-01-01,Y,0.7474007306607189,0.6922627129280933,0.7355772338022204,0.5939495802961703,0.0682105115548335
TMRWI00177B,PH083747013,2022-01-01,Y,0.7148309301417755,0.7148309301417755,0.7148309301417755,0.7148309301417755,
TMRWI00177C,PH097332087,2022-01-01,Y,0.715516625911783,0.667701146936492,0.6654698021543899,0.6236077362454947,0.027212833436333
TMRWI00177D,PH112402164,2022-01-01,Y,0.723931122162532,0.6997941628611961,0.6997941628611961,0.6756572035598601,0.0341348151983967
TMRWI00177E,PH050506039,2022-01-01,Y,0.7474007306607189,0.7474007306607189,0.7474007306607189,0.7474007306607189,
TMRWI00177F,PH083747014,2022-01-01,Y,0.7148309301417755,0.7007806135624494,0.6959462537194202,0.6915646568261528,0.0123635813912569
TMRWI001780,PH097332086,2022-01-01,Y,0.4880876195713788,0.4240359725015385,0.4230192730066416,0.3312361078352608,0.0559694644748135
TMRWI001781,PH097332090,2022-01-01,Y,0.4183906716860903,0.3939047316874579,0.4006004670233707,0.3648752316799207,0.0179214983739659
TMRWI001782,PH063022018,2022-01-01,Y,0.7504484778635553,0.727564738081126,0.7271121677766013,0.7055861389077462,0.0236128645215465
TMRWI001783,PH104305006,2022-01-01,Y,0.743951755826106,0.743951755826106,0.743951755826106,0.743951755826106,
TMRWI001784,PH104305007,2022-01-01,Y,0.743951755826106,0.743951755826106,0.743951755826106,0.743951755826106,
TMRWI001785,PH063022009,2022-01-01,Y,0.75358976621586,0.7376152847353631,0.7453545374818182,0.713901550508411,0.0209454205332666
TMRWI001786,PH063022179,2022-01-01,Y,0.7148493754970415,0.6689558127287127,0.6667034073419625,0.6094822072685254,0.0325899233090748
TMRWI001787,PH104305033,2022-01-01,Y,0.7533136761915312,0.7486327160088186,0.7486327160088186,0.743951755826106,0.0066198773753206
TMRWI001788,PH063022181,2022-01-01,Y,0.7436262310296664,0.710302661422439,0.710302661422439,0.6769790918152115,0.0471266440852249
TMRWI001789,PH112402120,2022-01-01,Y,0.5411525206787009,0.4503944761202785,0.4549134602993586,0.3375268243740274,0.0489877181288509
TMRWI00178A,PH063022008,2022-01-01,Y,0.7436262310296664,0.7424645538628103,0.7424645538628103,0.7413028766959542,0.001642859604467
TMRWI00178B,PH104305032,2022-01-01,Y,0.7617970789180112,0.7561819792249824,0.7561819792249824,0.7505668795319538,0.0079409501399582
TMRWI00178C,PH063022182,2022-01-01,Y,0.7453545374818182,0.7142656305536248,0.7142656305536248,0.6831767236254312,0.0439663538172061
TMRWI00178D,PH104305031,2022-01-01,Y,0.7533136761915312,0.7533136761915312,0.7533136761915312,0.7533136761915312,
TMRWI00178E,PH112402121,2022-01-01,Y,0.3740488199913077,0.2702534781096789,0.2691062869180833,0.1654034023769572,0.0575542254109871
TMRWI00178F,PH063022007,2022-01-01,Y,0.7235281267134767,0.7235281267134767,0.7235281267134767,0.7235281267134767,
TMRWI001790,PH063022183,2022-01-01,Y,0.7495854892848692,0.6539748206196397,0.649302371162185,0.5601766684092386,0.0716061677345036
TMRWI001791,PH104305030,2022-01-01,Y,0.7505668795319538,0.7505668795319538,0.7505668795319538,0.7505668795319538,
TMRWI001792,PH112402122,2022-01-01,Y,0.5182218174538961,0.4577756041285155,0.4641253692702951,0.3516779802562624,0.0349965488613055
TMRWI001793,PH063022006,2022-01-01,Y,0.7453545374818182,0.7158715180471728,0.7055861389077462,0.6966738777519539,0.0259189781041811
TMRWI001794,PH063022185,2022-01-01,Y,0.7585689745224271,0.7489824496190303,0.7489824496190303,0.7393959247156334,0.0135573935344112
TMRWI001795,PH104305029,2022-01-01,Y,0.7505668795319538,0.7391024133117106,0.7391024133117106,0.7276379470914672,0.0162132036140362
TMRWI001796,PH112402123,2022-01-01,Y,0.6002515548802401,0.4908841818694293,0.4897972000928484,0.3842043642398323,0.0445771304355981
TMRWI001797,PH063022005,2022-01-01,Y,0.7666523223050759,0.7565105047928377,0.7565105047928377,0.7463686872805995,0.0143426958729202
TMRWI001798,PH063022186,2022-01-01,Y,0.7585689745224271,0.7585689745224271,0.7585689745224271,0.7585689745224271,
TMRWI001799,PH104305028,2022-01-01,Y,0.7328062377087123,0.7302220924000897,0.7302220924000897,0.7276379470914672,0.0036545333425968
TMRWI00179A,PH063022187,2022-01-01,Y,0.7290841399430305,0.6442872356593745,0.6215406454160335,0.5699937809664374,0.069517673732381
TMRWI00179B,PH112402124,2022-01-01,Y,0.6553391024322438,0.549612614165691,0.547614062712169,0.4547079677218703,0.0510513568843576
TMRWI00179C,PH063022004,2022-01-01,Y,0.7573988110963179,0.708192433039391,0.708669609140711,0.6108310786579704,0.0442269081380621
TMRWI00179D,PH104305027,2022-01-01,Y,0.7617970789180112,0.7432020358125362,0.7416865586203331,0.7276379470914672,0.0158148667086667
TMRWI00179E,PH063022188,2022-01-01,Y,0.7224590720324645,0.6896014883636196,0.6880766676300389,0.6597935461619359,0.0279073804352375
TMRWI00179F,PH104305026,2022-01-01,Y,0.7617970789180112,0.7483900653862258,0.7505668795319538,0.7328062377087123,0.0146174932315522
TMRWI0017A0,PH112402125,2022-01-01,Y,0.7389532242437588,0.6495845097005652,0.6425715033106297,0.5743276649299466,0.0462532446446925
TMRWI0017A1,PH063022003,2022-01-01,Y,0.77813899849587,0.7622538428882347,0.7622538428882347,0.7463686872805995,0.0224650025007248
TMRWI0017A2,PH112402119,2022-01-01,Y,0.487309574118984,0.3935261212375907,0.3829074327978775,0.3092356541557467,0.0425493772197788
TMRWI0017A3,PH104305034,2022-01-01,Y,0.7533136761915312,0.7486327160088186,0.7486327160088186,0.743951755826106,0.0066198773753206
TMRWI0017A4,PH063022178,2022-01-01,Y,0.7555751943856954,0.7255790380675542,0.7306572967055913,0.689433457725002,0.0305875874177722
TMRWI0017A5,PH063022010,2022-01-01,Y,0.7307014037069877,0.6716835577661724,0.6915690107028631,0.5833179860441924,0.044666599196585
TMRWI0017A6,PH104305043,2022-01-01,Y,0.7500667834540554,0.6590256649736428,0.6615207779419551,0.5355390952608537,0.0608104994441685
TMRWI0017A7,PH063022170,2022-01-01,Y,0.7088697980713843,0.7045832398645652,0.7055861389077462,0.6992937826145652,0.0048661455871582
TMRWI0017A8,PH112402112,2022-01-01,Y,0.5692929756192057,0.4971550018927524,0.4984462719589165,0.4221354608809996,0.036885066000767
TMRWI0017A9,PH063022017,2022-01-01,Y,0.7585689745224271,0.749330913898854,0.7500278424585016,0.7393959247156334,0.0096055058058588
TMRWI0017AA,PH104305042,2022-01-01,Y,0.7741987000659996,0.6733315016901702,0.6794705236766865,0.5249833054451734,0.0755663320158115
TMRWI0017AB,PH063022171,2022-01-01,Y,0.7178464204127617,0.6381664392096208,0.6496713152455651,0.5525049668901186,0.058188085159773
TMRWI0017AC,PH104305041,2022-01-01,Y,0.6417647667957709,0.5038199321064233,0.4775111960900334,0.4169469738172986,0.0728794183141614
TMRWI0017AD,PH112402113,2022-01-01,Y,0.5570673571435002,0.4887223728834782,0.496926346380258,0.3693059895950151,0.0483860192600594
TMRWI0017AE,PH063022016,2022-01-01,Y,0.7195682288897991,0.6561048262256876,0.692096385755788,0.5744536508984467,0.0712582811377562
TMRWI0017AF,PH063022172,2022-01-01,Y,0.7393959247156334,0.727915140028405,0.727915140028405,0.7164343553411766,0.0162362814113637
TMRWI0017B0,PH104305040,2022-01-01,Y,0.7246607271889094,0.6372755059574311,0.6390685364207833,0.5371775464538008,0.0656718540136198
TMRWI0017B1,PH112402114,2022-01-01,Y,0.4963129852343932,0.4292645218632157,0.4362686641294847,0.3496030411853759,0.0433333579653581
TMRWI0017B2,PH063022015,2022-01-01,Y,0.746322371577307,0.722934648082886,0.7322850964952657,0.6808460277637057,0.0303306489472451
TMRWI0017B3,PH063022173,2022-01-01,Y,0.7413028766959542,0.6735378376088288,0.6939194440017263,0.5650095857359082,0.0766734123379509
TMRWI0017B4,PH063022189,2022-01-01,Y,0.7438487113785078,0.731893252290541,0.731893252290541,0.7199377932025743,0.0169075723865992
TMRWI0017B5,PH104305039,2022-01-01,Y,0.3693805630818292,0.3024107931812178,0.3022062951384834,0.2445586017540833,0.0343439157850144
TMRWI0017B6,PH063022014,2022-01-01,Y,0.7666523223050759,0.7565105047928377,0.7565105047928377,0.7463686872805995,0.0143426958729202
TMRWI0017B7,PH063022174,2022-01-01,Y,0.7618067341574957,0.7532437543734736,0.7579099799743263,0.735348323387746,0.0120828658754379
TMRWI0017B8,PH104305038,2022-01-01,Y,0.5312807565350096,0.3931263030614427,0.3941503503058481,0.2862387940983461,0.0602908509356233
TMRWI0017B9,PH063022175,2022-01-01,Y,0.7504484778635553,0.6986292595866979,0.7029968546193366,0.6620833651624167,0.0262620368353531
TMRWI0017BA,PH112402116,2022-01-01,Y,0.7454072286670482,0.6795875066106956,0.6874713052696406,0.5773724455795733,0.0350765684773847
TMRWI0017BB,PH063022012,2022-01-01,Y,0.7495854892848692,0.6912415997253611,0.699190992841217,0.6169989239341411,0.0641936753023979
TMRWI0017BC,PH104305037,2022-01-01,Y,0.7246607271889094,0.6595293355778045,0.6856703208406536,0.5394310972348437,0.0683659403129273
TMRWI0017BD,PH063022176,2022-01-01,Y,0.7618067341574957,0.692882223538958,0.7061246039234017,0.6108310786579704,0.0551373066110716
TMRWI0017BE,PH104305036,2022-01-01,Y,0.7533136761915312,0.7486327160088186,0.7486327160088186,0.743951755826106,0.0066198773753206
TMRWI0017BF,PH112402117,2022-01-01,Y,0.6741567442318989,0.5580208859978452,0.5447039216703049,0.4956892046575729,0.0472786875827691
TMRWI0017C0,PH063022011,2022-01-01,Y,0.7178338672927869,0.6780561234217864,0.6779717080313071,0.6208852367094786,0.0341209700969926
TMRWI0017C1,PH063022177,2022-01-01,Y,0.7257704725168908,0.6425203243033718,0.6381051666891348,0.5632986936747958,0.0536831368646048
TMRWI0017C2,PH104305035,2022-01-01,Y,0.7617970789180112,0.7524073476169005,0.7519402778617426,0.743951755826106,0.0073908240563667
TMRWI0017C3,PH112402118,2022-01-01,Y,0.5423375916884685,0.450117709676582,0.4464504210387647,0.3587975714461159,0.0432836878914
TMRWI0017C4,PH112402115,2022-01-01,Y,0.5634640472910959,0.485140664803718,0.4866259074543891,0.4261660397473469,0.0381184135769656
TMRWI0017C5,PH072230007,2022-01-01,Y,0.7794382454731295,0.7488073615783196,0.7447867502096074,0.7262046289715113,0.0153226949407492
TMRWI0017C6,PH104305025,2022-01-01,Y,0.7617970789180112,0.7473016583133618,0.7473016583133618,0.7328062377087123,0.0204996204113976
TMRWI0017C7,PH063022001,2022-01-01,Y,0.7217250514039493,0.7109117326297769,0.7136600835741895,0.6946017119667794,0.0128833955717958
TMRWI0017C8,PH112402136,2022-01-01,Y,0.7274485959899759,0.705394113506056,0.7035386002955073,0.6870506574432335,0.0180454246280261
TMRWI0017C9,PH050506067,2022-01-01,Y,0.7279642653564163,0.6781275684062752,0.6741884516612895,0.6361691049461053,0.0466606894468658
TMRWI0017CA,PH063022201,2022-01-01,Y,0.7547067377673128,0.7165523384842272,0.7153280542150051,0.6800389925322147,0.0264298753898724
TMRWI0017CB,PH104305014,2022-01-01,Y,0.7774169353000647,0.76879934888013,0.76879934888013,0.7601817624601953,0.0121871075899938
TMRWI0017CC,PH112402137,2022-01-01,Y,0.7768694595568949,0.7177493293977857,0.7035386002955073,0.6870506574432335,0.04077839095463
TMRWI0017CD,PH050506066,2022-01-01,Y,0.6743912920147642,0.6049277698172938,0.6294736704935577,0.5059679379598367,0.0691937505633953
TMRWI0017CE,PH063022202,2022-01-01,Y,0.7463686872805995,0.74550684537662,0.746322371577307,0.7438294772719535,0.0014528279681391
TMRWI0017CF,PH104305013,2022-01-01,Y,0.7774169353000647,0.76879934888013,0.76879934888013,0.7601817624601953,0.0121871075899938
TMRWI0017D0,PH072230001,2022-01-01,Y,0.7769703201174074,0.750556214515002,0.7464106074485121,0.7362993814084231,0.0128455412406093
TMRWI0017D1,PH112402138,2022-01-01,Y,0.7376355578769391,0.7163620421029787,0.7221435337142695,0.6870506574432335,0.0196597881817506
TMRWI0017D2,PH050506065,2022-01-01,Y,0.4406228554856589,0.3648150745400581,0.3697069210990543,0.3111765846509041,0.0341823332110221
TMRWI0017D3,PH104305012,2022-01-01,Y,0.7774169353000647,0.7608368831260943,0.7609894206891032,0.743951755826106,0.0136791424326002
TMRWI0017D4,PH072230002,2022-01-01,Y,0.7790998107462144,0.7735901182208349,0.7726573690798906,0.7699459239773438,0.0042346633281368
TMRWI0017D5,PH104305011,2022-01-01,Y,0.7774169353000647,0.7606843455630854,0.7606843455630854,0.743951755826106,0.023663455339661
TMRWI0017D6,PH112402139,2022-01-01,Y,0.7075318654904756,0.6972912614668545,0.6972912614668545,0.6870506574432335,0.0144824010970974
TMRWI0017D7,PH050506064,2022-01-01,Y,0.7080573135574306,0.6562564112009581,0.6725406200760823,0.556009550248223,0.0474922206098071
TMRWI0017D8,PH072230003,2022-01-01,Y,0.8088951916807866,0.7949694640086327,0.7974566378128516,0.7790998107462144,0.0101437599225257
TMRWI0017D9,PH104305010,2022-01-01,Y,0.7774169353000647,0.7610552566813938,0.7617970789180112,0.743951755826106,0.0167449181687795
TMRWI0017DA,PH112402140,2022-01-01,Y,0.7431309970394391,0.7184724297271908,0.7121160012277841,0.6870506574432335,0.0241576383271587
TMRWI0017DB,PH050506063,2022-01-01,Y,0.7148378814515047,0.5999294057812657,0.5664376463502301,0.5328657688428269,0.0650635043867285
TMRWI0017DC,PH072230004,2022-01-01,Y,0.7558051925844103,0.7269608929881877,0.7362682142651933,0.6449143175159461,0.0363974144736246
TMRWI0017DD,PH104305009,2022-01-01,Y,0.7774169353000647,0.7606843455630854,0.7606843455630854,0.743951755826106,0.023663455339661
TMRWI0017DE,PH112402141,2022-01-01,Y,0.7431309970394391,0.7197915596211549,0.7221435337142695,0.6874685192105336,0.0188220304777287
TMRWI0017DF,PH050506062,2022-01-01,Y,0.7216762212663519,0.6088747771076312,0.6005721351836631,0.5340938806081186,0.0588587708360027
TMRWI0017E0,PH072230005,2022-01-01,Y,0.8072927125832641,0.7802726958559372,0.7851897775623817,0.7393773757038009,0.024314407114475
TMRWI0017E1,PH104305008,2022-01-01,Y,0.7617970789180112,0.7528744173720585,0.7528744173720585,0.743951755826106,0.012618548970751
TMRWI0017E2,PH072230006,2022-01-01,Y,0.7512608041352506,0.7421754960709636,0.7449044277857909,0.7190946353250574,0.0132630790510477
TMRWI0017E3,PH112402142,2022-01-01,Y,0.7768694595568949,0.729652896826626,0.7291295586363429,0.6870506574432335,0.0264525401741905
TMRWI0017E4,PH050506061,2022-01-01,Y,0.5880263823000395,0.476534304125718,0.4675483586739017,0.3994912129636991,0.0592765899402879
TMRWI0017E5,PH104305015,2022-01-01,Y,0.7774169353000647,0.76879934888013,0.76879934888013,0.7601817624601953,0.0121871075899938
TMRWI0017E6,PH063022200,2022-01-01,Y,0.7438487113785078,0.7426678827672657,0.7426678827672657,0.7414870541560237,0.0016699438368567
TMRWI0017E7,PH050506069,2022-01-01,Y,0.7044261613031949,0.650964927263173,0.6534409810368712,0.5799114664000773,0.0341396920932419
TMRWI0017E8,PH112402135,2022-01-01,Y,0.7274485959899759,0.70315348426548,0.6949611993632304,0.6870506574432335,0.0214087250588706
TMRWI0017E9,PH063022191,2022-01-01,Y,0.7164343553411766,0.7101193637367644,0.7101193637367644,0.7038043721323521,0.008930746773232
TMRWI0017EA,PH104305024,2022-01-01,Y,0.7533136761915312,0.7519402778617426,0.7519402778617426,0.7505668795319538,0.0019422785445278
TMRWI0017EB,PH112402127,2022-01-01,Y,0.7129887399216749,0.6102563872437043,0.6042366557015402,0.5206113717146036,0.0575935977996889
TMRWI0017EC,PH050506077,2022-01-01,Y,0.5631398868491955,0.5298840723657584,0.5402503169491714,0.4865808951423399,0.0308615275522032
TMRWI0017ED,PH063022192,2022-01-01,Y,0.7585689745224271,0.7469586489550866,0.7469586489550866,0.735348323387746,0.0164194798809
TMRWI0017EE,PH104305023,2022-01-01,Y,0.7328062377087123,0.7245533642684043,0.7245533642684043,0.7163004908280963,0.0116713255478322
TMRWI0017EF,PH063022193,2022-01-01,Y,0.7235281267134767,0.7235281267134767,0.7235281267134767,0.7235281267134767,
TMRWI0017F0,PH112402128,2022-01-01,Y,0.5570673571435002,0.4283707449695772,0.4232142493059101,0.3436269163268873,0.0551190776614461
TMRWI0017F1,PH050506074,2022-01-01,Y,0.7280836152660598,0.6760045450788316,0.6941786274459125,0.5828253748054192,0.053865635145216
TMRWI0017F2,PH104305022,2022-01-01,Y,0.7617970789180112,0.7427713924787538,0.7464940000844538,0.7163004908280963,0.0220991000658796
TMRWI0017F3,PH063022194,2022-01-01,Y,0.7276438348646024,0.7000885109176435,0.6970937159568353,0.6627659384405256,0.0241550667099198
TMRWI0017F4,PH104305021,2022-01-01,Y,0.7601817624601953,0.7382411266441458,0.7382411266441458,0.7163004908280963,0.031028744738146
TMRWI0017F5,PH112402129,2022-01-01,Y,0.7043622666250665,0.5774814462211898,0.5554528236154146,0.5113539109979969,0.0539931692486132
TMRWI0017F6,PH050506073,2022-01-01,Y,0.7684190731521096,0.7306839351611687,0.7367603291495298,0.6831308818343181,0.0306966476089303
TMRWI0017F7,PH112402126,2022-01-01,Y,0.7407105581561556,0.6773649292313403,0.6685255263131089,0.651902310694713,0.0259101026402542
TMRWI0017F8,PH063022195,2022-01-01,Y,0.7411401508879365,0.7117302239489534,0.7229935993729706,0.6597935461619359,0.035668197753503
TMRWI0017F9,PH112402131,2022-01-01,Y,0.681318258755278,0.5366856171849483,0.5236039064149508,0.4896883753944622,0.0408515806641992
TMRWI0017FA,PH050506072,2022-01-01,Y,0.7552990328582451,0.7481304786635739,0.7500737208777639,0.7370754400405226,0.0080714348622358
TMRWI0017FB,PH063022196,2022-01-01,Y,0.7340674446289499,0.7029179955844739,0.7100234876883114,0.6578226913011676,0.0313616297008423
TMRWI0017FC,PH104305019,2022-01-01,Y,0.7601817624601953,0.7258404879211752,0.7220652355193289,0.6990497181858477,0.0257684439064602
TMRWI0017FD,PH112402133,2022-01-01,Y,0.521235191651022,0.4747578096107658,0.4767799859273575,0.4197533405406756,0.0270423451174599
TMRWI0017FE,PH050506071,2022-01-01,Y,0.5777617744065338,0.48579283047307,0.4720244400196475,0.4253939077173317,0.0494340638533808
TMRWI0017FF,PH063022197,2022-01-01,Y,0.7500278424585016,0.7469382769185047,0.7469382769185047,0.7438487113785078,0.0043693054885042
TMRWI001800,PH104305018,2022-01-01,Y,0.7278299802105613,0.7220652355193289,0.7220652355193289,0.7163004908280963,0.0081525801259592
TMRWI001801,PH063022198,2022-01-01,Y,0.746322371577307,0.746322371577307,0.746322371577307,0.746322371577307,
TMRWI001802,PH112402134,2022-01-01,Y,0.7274485959899759,0.7095188881277268,0.7078328785788504,0.6949611993632304,0.016088517409552
TMRWI001803,PH050506070,2022-01-01,Y,0.7552990328582451,0.5998452150300558,0.5709183560380224,0.4944581201909722,0.0769572146731145
TMRWI001804,PH104305017,2022-01-01,Y,0.7278299802105613,0.7134398491982046,0.7134398491982046,0.6990497181858477,0.0203507184420006
TMRWI001805,PH063022199,2022-01-01,Y,0.7495545174542348,0.6552847033944968,0.649302371162185,0.5744536508984467,0.0606621710115971
TMRWI001806,PH104305016,2022-01-01,Y,0.7533136761915312,0.7533136761915312,0.7533136761915312,0.7533136761915312,
TMRWI001807,PH104305020,2022-01-01,Y,0.7601817624601953,0.7319600816222996,0.7257902424073908,0.7163004908280963,0.0168290187168496
TMRWI001808,PH137603009,2022-01-01,Y,0.7932849549610129,0.7600231265720624,0.7737987285792294,0.651523160805994,0.0332428551565082
